mp_id,full_name,club,mandate_status,district_number,present_votes,total_votes,participation,details_url
001,Andrzej Adamczyk,PiS,aktywny,13,,,,
002,Piotr Adamowicz,KO,aktywny,25,2569,2586,99.34%,https://www.sejm.gov.pl/Sejm10.nsf/GlosowaniaPoslaStat.xsp?nrLeg=002
003,Adam Andruszkiewicz,PiS,wygasl,24,1918,2301,83.36%,https://www.sejm.gov.pl/Sejm10.nsf/GlosowaniaPoslaStat.xsp?nrLeg=003
004,Waldemar Andzel,PiS,aktywny,32,2548,2586,98.53%,https://www.sejm.gov.pl/Sejm10.nsf/GlosowaniaPoslaStat.xsp?nrLeg=004
005,Dorota Arciszewska-Mielewczyk,PiS,aktywny,26,2325,2586,89.91%,https://www.sejm.gov.pl/Sejm10.nsf/GlosowaniaPoslaStat.xsp?nrLeg=005
006,Jan Krzysztof Ardanowski,Republikanie,aktywny,5,2212,2586,85.54%,https://www.sejm.gov.pl/Sejm10.nsf/GlosowaniaPoslaStat.xsp?nrLeg=006
007,Iwona Ewa Arent,PiS,aktywny,35,2221,2586,85.89%,https://www.sejm.gov.pl/Sejm10.nsf/GlosowaniaPoslaStat.xsp?nrLeg=007
008,Bartosz Arłukowicz,KO,wygasl,40,444,446,99.55%,https://www.sejm.gov.pl/Sejm10.nsf/GlosowaniaPoslaStat.xsp?nrLeg=008
009,Marek Ast,PiS,aktywny,8,2437,2586,94.24%,https://www.sejm.gov.pl/Sejm10.nsf/GlosowaniaPoslaStat.xsp?nrLeg=009
010,Urszula Augustyn,KO,aktywny,15,2582,2586,99.85%,https://www.sejm.gov.pl/Sejm10.nsf/GlosowaniaPoslaStat.xsp?nrLeg=010
011,Piotr Babinetz,PiS,aktywny,22,2333,2586,90.22%,https://www.sejm.gov.pl/Sejm10.nsf/GlosowaniaPoslaStat.xsp?nrLeg=011
012,Ryszard Bartosik,PiS,aktywny,37,2494,2586,96.44%,https://www.sejm.gov.pl/Sejm10.nsf/GlosowaniaPoslaStat.xsp?nrLeg=012
013,Władysław Bartoszewski,PSL-TD,aktywny,19,2463,2586,95.24%,https://www.sejm.gov.pl/Sejm10.nsf/GlosowaniaPoslaStat.xsp?nrLeg=013
014,Barbara Bartuś,PiS,aktywny,14,2546,2586,98.45%,https://www.sejm.gov.pl/Sejm10.nsf/GlosowaniaPoslaStat.xsp?nrLeg=014
015,Paweł Bejda,PSL-TD,aktywny,11,2465,2586,95.32%,https://www.sejm.gov.pl/Sejm10.nsf/GlosowaniaPoslaStat.xsp?nrLeg=015
016,Konrad Berkowicz,Konfederacja,aktywny,13,2006,2586,77.57%,https://www.sejm.gov.pl/Sejm10.nsf/GlosowaniaPoslaStat.xsp?nrLeg=016
017,Sylwia Bielawska,KO,aktywny,2,2585,2586,99.96%,https://www.sejm.gov.pl/Sejm10.nsf/GlosowaniaPoslaStat.xsp?nrLeg=017
018,Marek Biernacki,PSL-TD,aktywny,26,2480,2586,95.90%,https://www.sejm.gov.pl/Sejm10.nsf/GlosowaniaPoslaStat.xsp?nrLeg=018
019,Paweł Bliźniuk,KO,aktywny,9,2582,2586,99.85%,https://www.sejm.gov.pl/Sejm10.nsf/GlosowaniaPoslaStat.xsp?nrLeg=019
020,Mariusz Błaszczak,PiS,aktywny,20,2525,2586,97.64%,https://www.sejm.gov.pl/Sejm10.nsf/GlosowaniaPoslaStat.xsp?nrLeg=020
021,Mateusz Bochenek,KO,aktywny,32,2585,2586,99.96%,https://www.sejm.gov.pl/Sejm10.nsf/GlosowaniaPoslaStat.xsp?nrLeg=021
022,Rafał Bochenek,PiS,aktywny,12,2501,2586,96.71%,https://www.sejm.gov.pl/Sejm10.nsf/GlosowaniaPoslaStat.xsp?nrLeg=022
023,Izabela Bodnar,niez.,aktywny,3,2440,2586,94.35%,https://www.sejm.gov.pl/Sejm10.nsf/GlosowaniaPoslaStat.xsp?nrLeg=023
024,Jacek Bogucki,PiS,aktywny,24,2450,2586,94.74%,https://www.sejm.gov.pl/Sejm10.nsf/GlosowaniaPoslaStat.xsp?nrLeg=024
025,Zbigniew Bogucki,PiS,wygasl,41,2236,2301,97.18%,https://www.sejm.gov.pl/Sejm10.nsf/GlosowaniaPoslaStat.xsp?nrLeg=025
026,Krzysztof Bojarski,KO,aktywny,6,2452,2586,94.82%,https://www.sejm.gov.pl/Sejm10.nsf/GlosowaniaPoslaStat.xsp?nrLeg=026
027,Joanna Borowiak,PiS,aktywny,5,2550,2586,98.61%,https://www.sejm.gov.pl/Sejm10.nsf/GlosowaniaPoslaStat.xsp?nrLeg=027
028,Kamil Bortniczuk,PiS,aktywny,16,2126,2586,82.21%,https://www.sejm.gov.pl/Sejm10.nsf/GlosowaniaPoslaStat.xsp?nrLeg=028
029,Piotr Borys,KO,aktywny,1,2493,2586,96.40%,https://www.sejm.gov.pl/Sejm10.nsf/GlosowaniaPoslaStat.xsp?nrLeg=029
030,Bożena Borys-Szopa,PiS,aktywny,29,2563,2586,99.11%,https://www.sejm.gov.pl/Sejm10.nsf/GlosowaniaPoslaStat.xsp?nrLeg=030
031,Marcin Bosacki,KO,aktywny,39,2230,2586,86.23%,https://www.sejm.gov.pl/Sejm10.nsf/GlosowaniaPoslaStat.xsp?nrLeg=031
032,Karina Anna Bosak,Konfederacja,aktywny,20,2287,2586,88.44%,https://www.sejm.gov.pl/Sejm10.nsf/GlosowaniaPoslaStat.xsp?nrLeg=032
033,Krzysztof Bosak,Konfederacja,aktywny,24,2449,2586,94.70%,https://www.sejm.gov.pl/Sejm10.nsf/GlosowaniaPoslaStat.xsp?nrLeg=033
034,Grzegorz Braun,Konfederacja,wygasl,23,358,446,80.27%,https://www.sejm.gov.pl/Sejm10.nsf/GlosowaniaPoslaStat.xsp?nrLeg=034
035,Krzysztof Brejza,KO,wygasl,4,137,146,93.84%,https://www.sejm.gov.pl/Sejm10.nsf/GlosowaniaPoslaStat.xsp?nrLeg=035
036,Agnieszka Buczyńska,Polska2050-TD,aktywny,25,1873,2586,72.43%,https://www.sejm.gov.pl/Sejm10.nsf/GlosowaniaPoslaStat.xsp?nrLeg=036
037,Waldemar Buda,PiS,wygasl,9,396,446,88.79%,https://www.sejm.gov.pl/Sejm10.nsf/GlosowaniaPoslaStat.xsp?nrLeg=037
038,Borys Budka,KO,wygasl,31,437,446,97.98%,https://www.sejm.gov.pl/Sejm10.nsf/GlosowaniaPoslaStat.xsp?nrLeg=038
039,Elżbieta Burkiewicz,Polska2050-TD,aktywny,23,2499,2586,96.64%,https://www.sejm.gov.pl/Sejm10.nsf/GlosowaniaPoslaStat.xsp?nrLeg=039
040,Lidia Burzyńska,PiS,aktywny,28,2541,2586,98.26%,https://www.sejm.gov.pl/Sejm10.nsf/GlosowaniaPoslaStat.xsp?nrLeg=040
041,Marek Jan Chmielewski,KO,aktywny,2,2583,2586,99.88%,https://www.sejm.gov.pl/Sejm10.nsf/GlosowaniaPoslaStat.xsp?nrLeg=041
042,Zbigniew Chmielowiec,PiS,aktywny,23,2434,2586,94.12%,https://www.sejm.gov.pl/Sejm10.nsf/GlosowaniaPoslaStat.xsp?nrLeg=042
043,Artur Chojecki,PiS,aktywny,35,2499,2586,96.64%,https://www.sejm.gov.pl/Sejm10.nsf/GlosowaniaPoslaStat.xsp?nrLeg=043
044,Kazimierz Bogusław Choma,PiS,aktywny,6,2543,2586,98.34%,https://www.sejm.gov.pl/Sejm10.nsf/GlosowaniaPoslaStat.xsp?nrLeg=044
045,Dominika Chorosińska,PiS,aktywny,20,2330,2586,90.10%,https://www.sejm.gov.pl/Sejm10.nsf/GlosowaniaPoslaStat.xsp?nrLeg=045
046,Tadeusz Chrzan,PiS,aktywny,22,2345,2586,90.68%,https://www.sejm.gov.pl/Sejm10.nsf/GlosowaniaPoslaStat.xsp?nrLeg=046
047,Alicja Chybicka,KO,aktywny,3,2579,2586,99.73%,https://www.sejm.gov.pl/Sejm10.nsf/GlosowaniaPoslaStat.xsp?nrLeg=047
048,Anna Ewa Cicholska,PiS,aktywny,16,2003,2586,77.46%,https://www.sejm.gov.pl/Sejm10.nsf/GlosowaniaPoslaStat.xsp?nrLeg=048
049,Janusz Cichoń,KO,aktywny,35,2534,2586,97.99%,https://www.sejm.gov.pl/Sejm10.nsf/GlosowaniaPoslaStat.xsp?nrLeg=049
050,Krzysztof Ciecióra,PiS,aktywny,10,2536,2586,98.07%,https://www.sejm.gov.pl/Sejm10.nsf/GlosowaniaPoslaStat.xsp?nrLeg=050
051,Janusz Cieszyński,PiS,aktywny,35,2146,2586,82.99%,https://www.sejm.gov.pl/Sejm10.nsf/GlosowaniaPoslaStat.xsp?nrLeg=051
052,Michał Cieślak,PiS,aktywny,33,2233,2586,86.35%,https://www.sejm.gov.pl/Sejm10.nsf/GlosowaniaPoslaStat.xsp?nrLeg=052
053,Żaneta Cwalina-Śliwowska,Polska2050-TD,aktywny,18,2443,2586,94.47%,https://www.sejm.gov.pl/Sejm10.nsf/GlosowaniaPoslaStat.xsp?nrLeg=053
054,Krzysztof Czarnecki,PiS,aktywny,38,2527,2586,97.72%,https://www.sejm.gov.pl/Sejm10.nsf/GlosowaniaPoslaStat.xsp?nrLeg=054
055,Witold Wojciech Czarnecki,PiS,aktywny,37,2308,2586,89.25%,https://www.sejm.gov.pl/Sejm10.nsf/GlosowaniaPoslaStat.xsp?nrLeg=055
056,Przemysław Czarnek,PiS,aktywny,6,2249,2586,86.97%,https://www.sejm.gov.pl/Sejm10.nsf/GlosowaniaPoslaStat.xsp?nrLeg=056
057,Arkadiusz Czartoryski,PiS,aktywny,18,2523,2586,97.56%,https://www.sejm.gov.pl/Sejm10.nsf/GlosowaniaPoslaStat.xsp?nrLeg=057
058,Włodzimierz Czarzasty,Lewica,aktywny,32,2099,2586,81.17%,https://www.sejm.gov.pl/Sejm10.nsf/GlosowaniaPoslaStat.xsp?nrLeg=058
059,Jacek Czerniak,Lewica,aktywny,6,2483,2586,96.02%,https://www.sejm.gov.pl/Sejm10.nsf/GlosowaniaPoslaStat.xsp?nrLeg=059
060,Zofia Czernow,KO,aktywny,1,2584,2586,99.92%,https://www.sejm.gov.pl/Sejm10.nsf/GlosowaniaPoslaStat.xsp?nrLeg=060
061,Anita Czerwińska,PiS,aktywny,20,2520,2586,97.45%,https://www.sejm.gov.pl/Sejm10.nsf/GlosowaniaPoslaStat.xsp?nrLeg=061
062,Katarzyna Czochara,PiS,aktywny,21,1627,2586,62.92%,https://www.sejm.gov.pl/Sejm10.nsf/GlosowaniaPoslaStat.xsp?nrLeg=062
063,Sławomir Ćwik,Polska2050-TD,aktywny,7,2571,2586,99.42%,https://www.sejm.gov.pl/Sejm10.nsf/GlosowaniaPoslaStat.xsp?nrLeg=063
064,Władysław Dajczak,PiS,aktywny,8,2274,2586,87.94%,https://www.sejm.gov.pl/Sejm10.nsf/GlosowaniaPoslaStat.xsp?nrLeg=064
065,Anna Dąbrowska-Banaszek,PiS,aktywny,7,2571,2586,99.42%,https://www.sejm.gov.pl/Sejm10.nsf/GlosowaniaPoslaStat.xsp?nrLeg=065
066,Zbigniew Dolata,PiS,aktywny,37,2507,2586,96.95%,https://www.sejm.gov.pl/Sejm10.nsf/GlosowaniaPoslaStat.xsp?nrLeg=066
067,Barbara Dolniak,KO,aktywny,32,2577,2586,99.65%,https://www.sejm.gov.pl/Sejm10.nsf/GlosowaniaPoslaStat.xsp?nrLeg=067
068,Andrzej Domański,KO,aktywny,19,2447,2586,94.62%,https://www.sejm.gov.pl/Sejm10.nsf/GlosowaniaPoslaStat.xsp?nrLeg=068
069,Bartłomiej Dorywalski,PiS,aktywny,33,2567,2586,99.27%,https://www.sejm.gov.pl/Sejm10.nsf/GlosowaniaPoslaStat.xsp?nrLeg=069
070,Robert Dowhan,KO,aktywny,8,2020,2586,78.11%,https://www.sejm.gov.pl/Sejm10.nsf/GlosowaniaPoslaStat.xsp?nrLeg=070
071,Przemysław Drabek,PiS,aktywny,27,2477,2586,95.78%,https://www.sejm.gov.pl/Sejm10.nsf/GlosowaniaPoslaStat.xsp?nrLeg=071
072,Elżbieta Duda,PiS,aktywny,13,2486,2586,96.13%,https://www.sejm.gov.pl/Sejm10.nsf/GlosowaniaPoslaStat.xsp?nrLeg=072
073,Michał Paweł Dworczyk,PiS,wygasl,2,309,446,69.28%,https://www.sejm.gov.pl/Sejm10.nsf/GlosowaniaPoslaStat.xsp?nrLeg=073
074,Adam Dziedzic,PSL-TD,aktywny,23,2476,2586,95.75%,https://www.sejm.gov.pl/Sejm10.nsf/GlosowaniaPoslaStat.xsp?nrLeg=074
075,Jan Michał Dziedziczak,PiS,aktywny,36,2179,2586,84.26%,https://www.sejm.gov.pl/Sejm10.nsf/GlosowaniaPoslaStat.xsp?nrLeg=075
076,Agnieszka Dziemianowicz-Bąk,Lewica,aktywny,26,2507,2586,96.95%,https://www.sejm.gov.pl/Sejm10.nsf/GlosowaniaPoslaStat.xsp?nrLeg=076
077,Magdalena Filiks,KO,aktywny,41,1726,2586,66.74%,https://www.sejm.gov.pl/Sejm10.nsf/GlosowaniaPoslaStat.xsp?nrLeg=077
078,Magdalena Filipek-Sobczak,PiS,aktywny,6,2546,2586,98.45%,https://www.sejm.gov.pl/Sejm10.nsf/GlosowaniaPoslaStat.xsp?nrLeg=078
079,Radosław Fogiel,PiS,aktywny,17,2254,2586,87.16%,https://www.sejm.gov.pl/Sejm10.nsf/GlosowaniaPoslaStat.xsp?nrLeg=079
080,Bronisław Foltyn,Konfederacja,aktywny,27,2412,2586,93.27%,https://www.sejm.gov.pl/Sejm10.nsf/GlosowaniaPoslaStat.xsp?nrLeg=080
081,Roman Fritz,Konfederacja_KP,aktywny,30,2386,2586,92.27%,https://www.sejm.gov.pl/Sejm10.nsf/GlosowaniaPoslaStat.xsp?nrLeg=081
082,Joanna Frydrych,KO,aktywny,22,2583,2586,99.88%,https://www.sejm.gov.pl/Sejm10.nsf/GlosowaniaPoslaStat.xsp?nrLeg=082
083,Konrad Frysztak,KO,aktywny,17,2495,2586,96.48%,https://www.sejm.gov.pl/Sejm10.nsf/GlosowaniaPoslaStat.xsp?nrLeg=083
084,Patryk Gabriel,KO,aktywny,25,2572,2586,99.46%,https://www.sejm.gov.pl/Sejm10.nsf/GlosowaniaPoslaStat.xsp?nrLeg=084
085,Krzysztof Gadowski,KO,aktywny,30,2579,2586,99.73%,https://www.sejm.gov.pl/Sejm10.nsf/GlosowaniaPoslaStat.xsp?nrLeg=085
086,Aleksandra Gajewska,KO,aktywny,19,2505,2586,96.87%,https://www.sejm.gov.pl/Sejm10.nsf/GlosowaniaPoslaStat.xsp?nrLeg=086
087,Kinga Gajewska,KO,aktywny,20,2537,2586,98.11%,https://www.sejm.gov.pl/Sejm10.nsf/GlosowaniaPoslaStat.xsp?nrLeg=087
088,Elżbieta Gapińska,KO,aktywny,16,2585,2586,99.96%,https://www.sejm.gov.pl/Sejm10.nsf/GlosowaniaPoslaStat.xsp?nrLeg=088
089,Kamila Gasiuk-Pihowicz,KO,wygasl,18,411,446,92.15%,https://www.sejm.gov.pl/Sejm10.nsf/GlosowaniaPoslaStat.xsp?nrLeg=089
090,Krzysztof Gawkowski,Lewica,aktywny,4,2468,2586,95.44%,https://www.sejm.gov.pl/Sejm10.nsf/GlosowaniaPoslaStat.xsp?nrLeg=090
091,Zdzisław Gawlik,KO,aktywny,23,2553,2586,98.72%,https://www.sejm.gov.pl/Sejm10.nsf/GlosowaniaPoslaStat.xsp?nrLeg=091
092,Andrzej Gawron,PiS,aktywny,28,2372,2586,91.72%,https://www.sejm.gov.pl/Sejm10.nsf/GlosowaniaPoslaStat.xsp?nrLeg=092
093,Grzegorz Gaża,PiS,aktywny,27,2144,2586,82.91%,https://www.sejm.gov.pl/Sejm10.nsf/GlosowaniaPoslaStat.xsp?nrLeg=093
094,Elżbieta Gelert,KO,aktywny,34,2527,2586,97.72%,https://www.sejm.gov.pl/Sejm10.nsf/GlosowaniaPoslaStat.xsp?nrLeg=094
095,Anna Gembicka,PiS,aktywny,5,2330,2586,90.10%,https://www.sejm.gov.pl/Sejm10.nsf/GlosowaniaPoslaStat.xsp?nrLeg=095
096,Artur Daniel Gierada,KO,aktywny,33,2529,2586,97.80%,https://www.sejm.gov.pl/Sejm10.nsf/GlosowaniaPoslaStat.xsp?nrLeg=096
097,Roman Giertych,KO,aktywny,33,2259,2586,87.35%,https://www.sejm.gov.pl/Sejm10.nsf/GlosowaniaPoslaStat.xsp?nrLeg=097
098,Włodzisław Giziński,KO,aktywny,4,2492,2586,96.37%,https://www.sejm.gov.pl/Sejm10.nsf/GlosowaniaPoslaStat.xsp?nrLeg=098
099,Szymon Giżyński,PiS,aktywny,28,2344,2586,90.64%,https://www.sejm.gov.pl/Sejm10.nsf/GlosowaniaPoslaStat.xsp?nrLeg=099
100,Piotr Gliński,PiS,aktywny,19,2473,2586,95.63%,https://www.sejm.gov.pl/Sejm10.nsf/GlosowaniaPoslaStat.xsp?nrLeg=100
101,Tomasz Głogowski,KO,aktywny,29,2561,2586,99.03%,https://www.sejm.gov.pl/Sejm10.nsf/GlosowaniaPoslaStat.xsp?nrLeg=101
102,Piotr Głowski,KO,aktywny,38,2535,2586,98.03%,https://www.sejm.gov.pl/Sejm10.nsf/GlosowaniaPoslaStat.xsp?nrLeg=102
103,Marta Golbik,KO,aktywny,29,2567,2586,99.27%,https://www.sejm.gov.pl/Sejm10.nsf/GlosowaniaPoslaStat.xsp?nrLeg=103
104,Małgorzata Golińska,PiS,aktywny,40,2448,2586,94.66%,https://www.sejm.gov.pl/Sejm10.nsf/GlosowaniaPoslaStat.xsp?nrLeg=104
105,Kazimierz Gołojuch,PiS,aktywny,23,2473,2586,95.63%,https://www.sejm.gov.pl/Sejm10.nsf/GlosowaniaPoslaStat.xsp?nrLeg=105
106,Adam Gomoła,niez.,aktywny,21,2383,2586,92.15%,https://www.sejm.gov.pl/Sejm10.nsf/GlosowaniaPoslaStat.xsp?nrLeg=106
107,Robert Gontarz,PiS,aktywny,34,2503,2586,96.79%,https://www.sejm.gov.pl/Sejm10.nsf/GlosowaniaPoslaStat.xsp?nrLeg=107
108,Stanisław Gorczyca,KO,aktywny,34,2558,2586,98.92%,https://www.sejm.gov.pl/Sejm10.nsf/GlosowaniaPoslaStat.xsp?nrLeg=108
109,Mariusz Gosek,PiS,aktywny,33,2486,2586,96.13%,https://www.sejm.gov.pl/Sejm10.nsf/GlosowaniaPoslaStat.xsp?nrLeg=109
110,Daria Gosek-Popiołek,Lewica,aktywny,13,2387,2586,92.30%,https://www.sejm.gov.pl/Sejm10.nsf/GlosowaniaPoslaStat.xsp?nrLeg=110
111,Małgorzata Gosiewska,PiS,wygasl,19,370,446,82.96%,https://www.sejm.gov.pl/Sejm10.nsf/GlosowaniaPoslaStat.xsp?nrLeg=111
112,Piotr Górnikiewicz,Polska2050-TD,aktywny,15,2514,2586,97.22%,https://www.sejm.gov.pl/Sejm10.nsf/GlosowaniaPoslaStat.xsp?nrLeg=112
113,Agnieszka Górska,PiS,aktywny,17,2240,2586,86.62%,https://www.sejm.gov.pl/Sejm10.nsf/GlosowaniaPoslaStat.xsp?nrLeg=113
114,Krzysztof Grabczuk,KO,aktywny,7,2478,2586,95.82%,https://www.sejm.gov.pl/Sejm10.nsf/GlosowaniaPoslaStat.xsp?nrLeg=114
115,Jan Grabiec,KO,aktywny,20,2156,2586,83.37%,https://www.sejm.gov.pl/Sejm10.nsf/GlosowaniaPoslaStat.xsp?nrLeg=115
116,Marcin Grabowski,PiS,aktywny,18,2552,2586,98.69%,https://www.sejm.gov.pl/Sejm10.nsf/GlosowaniaPoslaStat.xsp?nrLeg=116
117,Michał Gramatyka,Polska2050-TD,aktywny,31,2509,2586,97.02%,https://www.sejm.gov.pl/Sejm10.nsf/GlosowaniaPoslaStat.xsp?nrLeg=117
118,Małgorzata Gromadzka,KO,aktywny,7,2539,2586,98.18%,https://www.sejm.gov.pl/Sejm10.nsf/GlosowaniaPoslaStat.xsp?nrLeg=118
119,Marek Gróbarczyk,PiS,aktywny,41,2539,2586,98.18%,https://www.sejm.gov.pl/Sejm10.nsf/GlosowaniaPoslaStat.xsp?nrLeg=119
120,Andrzej Grzyb,PSL-TD,aktywny,36,2388,2586,92.34%,https://www.sejm.gov.pl/Sejm10.nsf/GlosowaniaPoslaStat.xsp?nrLeg=120
121,Andrzej Gut-Mostowy,PiS,aktywny,14,2064,2586,79.81%,https://www.sejm.gov.pl/Sejm10.nsf/GlosowaniaPoslaStat.xsp?nrLeg=121
122,Kazimierz Gwiazdowski,PiS,aktywny,24,2415,2586,93.39%,https://www.sejm.gov.pl/Sejm10.nsf/GlosowaniaPoslaStat.xsp?nrLeg=122
123,Marcin Gwóźdź,PiS,aktywny,2,2548,2586,98.53%,https://www.sejm.gov.pl/Sejm10.nsf/GlosowaniaPoslaStat.xsp?nrLeg=123
124,Marek Gzik,KO,aktywny,29,2537,2586,98.11%,https://www.sejm.gov.pl/Sejm10.nsf/GlosowaniaPoslaStat.xsp?nrLeg=124
125,Krzysztof Habura,KO,aktywny,11,2392,2586,92.50%,https://www.sejm.gov.pl/Sejm10.nsf/GlosowaniaPoslaStat.xsp?nrLeg=125
126,Agnieszka Hanajczyk,KO,aktywny,11,2512,2586,97.14%,https://www.sejm.gov.pl/Sejm10.nsf/GlosowaniaPoslaStat.xsp?nrLeg=126
127,Iwona Hartwich,KO,aktywny,5,2582,2586,99.85%,https://www.sejm.gov.pl/Sejm10.nsf/GlosowaniaPoslaStat.xsp?nrLeg=127
128,Paulina Hennig-Kloska,Polska2050-TD,aktywny,37,2546,2586,98.45%,https://www.sejm.gov.pl/Sejm10.nsf/GlosowaniaPoslaStat.xsp?nrLeg=128
129,Krzysztof Hetman,PSL-TD,wygasl,6,368,446,82.51%,https://www.sejm.gov.pl/Sejm10.nsf/GlosowaniaPoslaStat.xsp?nrLeg=129
130,Czesław Hoc,PiS,aktywny,40,2537,2586,98.11%,https://www.sejm.gov.pl/Sejm10.nsf/GlosowaniaPoslaStat.xsp?nrLeg=130
131,Zbigniew Hoffmann,PiS,aktywny,37,2509,2586,97.02%,https://www.sejm.gov.pl/Sejm10.nsf/GlosowaniaPoslaStat.xsp?nrLeg=131
132,Marek Tomasz Hok,KO,aktywny,40,2500,2586,96.67%,https://www.sejm.gov.pl/Sejm10.nsf/GlosowaniaPoslaStat.xsp?nrLeg=132
133,Szymon Hołownia,Polska2050-TD,aktywny,24,2394,2586,92.58%,https://www.sejm.gov.pl/Sejm10.nsf/GlosowaniaPoslaStat.xsp?nrLeg=133
134,Marcin Horała,PiS,aktywny,26,2391,2586,92.46%,https://www.sejm.gov.pl/Sejm10.nsf/GlosowaniaPoslaStat.xsp?nrLeg=134
135,Łukasz Horbatowski,KO,aktywny,1,2539,2586,98.18%,https://www.sejm.gov.pl/Sejm10.nsf/GlosowaniaPoslaStat.xsp?nrLeg=135
136,Paweł Hreniak,PiS,aktywny,3,2536,2586,98.07%,https://www.sejm.gov.pl/Sejm10.nsf/GlosowaniaPoslaStat.xsp?nrLeg=136
137,Paweł Jabłoński,PiS,aktywny,30,2300,2586,88.94%,https://www.sejm.gov.pl/Sejm10.nsf/GlosowaniaPoslaStat.xsp?nrLeg=137
138,Klaudia Jachira,KO,aktywny,19,2484,2586,96.06%,https://www.sejm.gov.pl/Sejm10.nsf/GlosowaniaPoslaStat.xsp?nrLeg=138
139,Marek Jakubiak,Republikanie,aktywny,19,2260,2586,87.39%,https://www.sejm.gov.pl/Sejm10.nsf/GlosowaniaPoslaStat.xsp?nrLeg=139
140,Maria Małgorzata Janyska,KO,aktywny,38,2516,2586,97.29%,https://www.sejm.gov.pl/Sejm10.nsf/GlosowaniaPoslaStat.xsp?nrLeg=140
141,Michał Jaros,KO,aktywny,3,2492,2586,96.37%,https://www.sejm.gov.pl/Sejm10.nsf/GlosowaniaPoslaStat.xsp?nrLeg=141
142,Patryk Jaskulski,KO,aktywny,41,2472,2586,95.59%,https://www.sejm.gov.pl/Sejm10.nsf/GlosowaniaPoslaStat.xsp?nrLeg=142
143,Danuta Jazłowiecka,KO,aktywny,21,804,2586,31.09%,https://www.sejm.gov.pl/Sejm10.nsf/GlosowaniaPoslaStat.xsp?nrLeg=143
144,Dariusz Joński,KO,wygasl,9,446,446,100.00%,https://www.sejm.gov.pl/Sejm10.nsf/GlosowaniaPoslaStat.xsp?nrLeg=144
145,Marcin Józefaciuk,KO,aktywny,9,2579,2586,99.73%,https://www.sejm.gov.pl/Sejm10.nsf/GlosowaniaPoslaStat.xsp?nrLeg=145
146,Norbert Jakub Kaczmarczyk,PiS,aktywny,15,2557,2586,98.88%,https://www.sejm.gov.pl/Sejm10.nsf/GlosowaniaPoslaStat.xsp?nrLeg=146
147,Filip Kaczyński,PiS,aktywny,12,2531,2586,97.87%,https://www.sejm.gov.pl/Sejm10.nsf/GlosowaniaPoslaStat.xsp?nrLeg=147
148,Jarosław Kaczyński,PiS,aktywny,33,2109,2586,81.55%,https://www.sejm.gov.pl/Sejm10.nsf/GlosowaniaPoslaStat.xsp?nrLeg=148
149,Piotr Kaleta,PiS,aktywny,36,2570,2586,99.38%,https://www.sejm.gov.pl/Sejm10.nsf/GlosowaniaPoslaStat.xsp?nrLeg=149
150,Sebastian Kaleta,PiS,aktywny,19,2369,2586,91.61%,https://www.sejm.gov.pl/Sejm10.nsf/GlosowaniaPoslaStat.xsp?nrLeg=150
151,Mariusz Kałużny,PiS,aktywny,5,2140,2586,82.75%,https://www.sejm.gov.pl/Sejm10.nsf/GlosowaniaPoslaStat.xsp?nrLeg=151
152,Mariusz Kamiński,PiS,wygasl,7,119,146,81.51%,https://www.sejm.gov.pl/Sejm10.nsf/GlosowaniaPoslaStat.xsp?nrLeg=152
153,Piotr Kandyba,KO,aktywny,20,2576,2586,99.61%,https://www.sejm.gov.pl/Sejm10.nsf/GlosowaniaPoslaStat.xsp?nrLeg=153
154,Jan Kanthak,PiS,aktywny,6,2403,2586,92.92%,https://www.sejm.gov.pl/Sejm10.nsf/GlosowaniaPoslaStat.xsp?nrLeg=154
155,Fryderyk Sylwester Kapinos,PiS,aktywny,23,2482,2586,95.98%,https://www.sejm.gov.pl/Sejm10.nsf/GlosowaniaPoslaStat.xsp?nrLeg=155
156,Jacek Karnowski,KO,aktywny,25,2508,2586,96.98%,https://www.sejm.gov.pl/Sejm10.nsf/GlosowaniaPoslaStat.xsp?nrLeg=156
157,Iwona Karolewska,KO,aktywny,4,2366,2586,91.49%,https://www.sejm.gov.pl/Sejm10.nsf/GlosowaniaPoslaStat.xsp?nrLeg=157
158,Rafał Kasprzyk,Polska2050-TD,aktywny,33,2508,2586,96.98%,https://www.sejm.gov.pl/Sejm10.nsf/GlosowaniaPoslaStat.xsp?nrLeg=158
159,Henryk Kiepura,PSL-TD,aktywny,28,2377,2586,91.92%,https://www.sejm.gov.pl/Sejm10.nsf/GlosowaniaPoslaStat.xsp?nrLeg=159
160,Marcin Kierwiński,KO,wygasl,16,438,446,98.21%,https://www.sejm.gov.pl/Sejm10.nsf/GlosowaniaPoslaStat.xsp?nrLeg=160
161,Katarzyna Kierzek-Koperska,KO,aktywny,39,2436,2586,94.20%,https://www.sejm.gov.pl/Sejm10.nsf/GlosowaniaPoslaStat.xsp?nrLeg=161
162,Dariusz Klimczak,PSL-TD,aktywny,10,2531,2586,97.87%,https://www.sejm.gov.pl/Sejm10.nsf/GlosowaniaPoslaStat.xsp?nrLeg=162
163,Joanna Kluzik-Rostkowska,KO,aktywny,17,2575,2586,99.57%,https://www.sejm.gov.pl/Sejm10.nsf/GlosowaniaPoslaStat.xsp?nrLeg=163
164,Agnieszka Maria Kłopotek,PSL-TD,aktywny,4,2445,2586,94.55%,https://www.sejm.gov.pl/Sejm10.nsf/GlosowaniaPoslaStat.xsp?nrLeg=164
165,Łukasz Kmita,PiS,aktywny,12,2344,2586,90.64%,https://www.sejm.gov.pl/Sejm10.nsf/GlosowaniaPoslaStat.xsp?nrLeg=165
166,Michał Kobosko,Polska2050-TD,wygasl,19,348,446,78.03%,https://www.sejm.gov.pl/Sejm10.nsf/GlosowaniaPoslaStat.xsp?nrLeg=166
167,Maria Koc,PiS,aktywny,18,2186,2586,84.53%,https://www.sejm.gov.pl/Sejm10.nsf/GlosowaniaPoslaStat.xsp?nrLeg=167
168,Ewa Kołodziej,KO,aktywny,31,2582,2586,99.85%,https://www.sejm.gov.pl/Sejm10.nsf/GlosowaniaPoslaStat.xsp?nrLeg=168
169,Magdalena Małgorzata Kołodziejczak,KO,aktywny,25,2573,2586,99.50%,https://www.sejm.gov.pl/Sejm10.nsf/GlosowaniaPoslaStat.xsp?nrLeg=169
170,Michał Kołodziejczak,KO,aktywny,37,2466,2586,95.36%,https://www.sejm.gov.pl/Sejm10.nsf/GlosowaniaPoslaStat.xsp?nrLeg=170
171,Rafał Komarewicz,Polska2050-TD,aktywny,13,2539,2586,98.18%,https://www.sejm.gov.pl/Sejm10.nsf/GlosowaniaPoslaStat.xsp?nrLeg=171
172,Maciej Konieczny,Razem,aktywny,31,2424,2586,93.74%,https://www.sejm.gov.pl/Sejm10.nsf/GlosowaniaPoslaStat.xsp?nrLeg=172
173,Zbigniew Konwiński,KO,aktywny,26,2585,2586,99.96%,https://www.sejm.gov.pl/Sejm10.nsf/GlosowaniaPoslaStat.xsp?nrLeg=173
174,Władysław Kosiniak-Kamysz,PSL-TD,aktywny,15,2004,2586,77.49%,https://www.sejm.gov.pl/Sejm10.nsf/GlosowaniaPoslaStat.xsp?nrLeg=174
175,Tomasz Kostuś,KO,aktywny,21,2584,2586,99.92%,https://www.sejm.gov.pl/Sejm10.nsf/GlosowaniaPoslaStat.xsp?nrLeg=175
176,Andrzej Kosztowniak,PiS,aktywny,17,2417,2586,93.46%,https://www.sejm.gov.pl/Sejm10.nsf/GlosowaniaPoslaStat.xsp?nrLeg=176
177,Katarzyna Kotula,Lewica,aktywny,25,2497,2586,96.56%,https://www.sejm.gov.pl/Sejm10.nsf/GlosowaniaPoslaStat.xsp?nrLeg=177
178,Paweł Kowal,KO,aktywny,23,2533,2586,97.95%,https://www.sejm.gov.pl/Sejm10.nsf/GlosowaniaPoslaStat.xsp?nrLeg=178
179,Henryk Kowalczyk,PiS,aktywny,18,2543,2586,98.34%,https://www.sejm.gov.pl/Sejm10.nsf/GlosowaniaPoslaStat.xsp?nrLeg=179
180,Janusz Kowalski,PiS,aktywny,21,2313,2586,89.44%,https://www.sejm.gov.pl/Sejm10.nsf/GlosowaniaPoslaStat.xsp?nrLeg=180
181,Bartosz Józef Kownacki,PiS,aktywny,4,2155,2586,83.33%,https://www.sejm.gov.pl/Sejm10.nsf/GlosowaniaPoslaStat.xsp?nrLeg=181
182,Iwona Maria Kozłowska,KO,aktywny,4,2544,2586,98.38%,https://www.sejm.gov.pl/Sejm10.nsf/GlosowaniaPoslaStat.xsp?nrLeg=182
183,Stefan Krajewski,PSL-TD,aktywny,24,2492,2586,96.37%,https://www.sejm.gov.pl/Sejm10.nsf/GlosowaniaPoslaStat.xsp?nrLeg=183
184,Wiesław Krajewski,PiS,aktywny,15,2383,2586,92.15%,https://www.sejm.gov.pl/Sejm10.nsf/GlosowaniaPoslaStat.xsp?nrLeg=184
185,Leonard Krasulski,PiS,aktywny,34,2464,2586,95.28%,https://www.sejm.gov.pl/Sejm10.nsf/GlosowaniaPoslaStat.xsp?nrLeg=185
186,Iwona Małgorzata Krawczyk,KO,aktywny,1,2456,2586,94.97%,https://www.sejm.gov.pl/Sejm10.nsf/GlosowaniaPoslaStat.xsp?nrLeg=186
187,Michał Krawczyk,KO,aktywny,6,2580,2586,99.77%,https://www.sejm.gov.pl/Sejm10.nsf/GlosowaniaPoslaStat.xsp?nrLeg=187
188,Robert Kropiwnicki,KO,aktywny,1,2566,2586,99.23%,https://www.sejm.gov.pl/Sejm10.nsf/GlosowaniaPoslaStat.xsp?nrLeg=188
189,Piotr Król,PiS,aktywny,4,2562,2586,99.07%,https://www.sejm.gov.pl/Sejm10.nsf/GlosowaniaPoslaStat.xsp?nrLeg=189
190,Wojciech Król,KO,aktywny,31,2585,2586,99.96%,https://www.sejm.gov.pl/Sejm10.nsf/GlosowaniaPoslaStat.xsp?nrLeg=190
191,Anna Krupka,PiS,aktywny,33,2499,2586,96.64%,https://www.sejm.gov.pl/Sejm10.nsf/GlosowaniaPoslaStat.xsp?nrLeg=191
192,Andrzej Kryj,PiS,aktywny,33,2308,2586,89.25%,https://www.sejm.gov.pl/Sejm10.nsf/GlosowaniaPoslaStat.xsp?nrLeg=192
193,Mariusz Krystian,PiS,aktywny,12,2448,2586,94.66%,https://www.sejm.gov.pl/Sejm10.nsf/GlosowaniaPoslaStat.xsp?nrLeg=193
194,Marek Krząkała,KO,aktywny,30,2584,2586,99.92%,https://www.sejm.gov.pl/Sejm10.nsf/GlosowaniaPoslaStat.xsp?nrLeg=194
195,Adam Krzemiński,KO,aktywny,16,2583,2586,99.88%,https://www.sejm.gov.pl/Sejm10.nsf/GlosowaniaPoslaStat.xsp?nrLeg=195
196,Henryka Krzywonos-Strycharska,KO,aktywny,26,2275,2586,87.97%,https://www.sejm.gov.pl/Sejm10.nsf/GlosowaniaPoslaStat.xsp?nrLeg=196
197,Krzysztof Kubów,PiS,aktywny,1,2558,2586,98.92%,https://www.sejm.gov.pl/Sejm10.nsf/GlosowaniaPoslaStat.xsp?nrLeg=197
198,Anita Kucharska-Dziedzic,Lewica,aktywny,8,2455,2586,94.93%,https://www.sejm.gov.pl/Sejm10.nsf/GlosowaniaPoslaStat.xsp?nrLeg=198
199,Marek Kuchciński,PiS,aktywny,22,2206,2586,85.31%,https://www.sejm.gov.pl/Sejm10.nsf/GlosowaniaPoslaStat.xsp?nrLeg=199
200,Paweł Kukiz,Republikanie,aktywny,21,1988,2586,76.88%,https://www.sejm.gov.pl/Sejm10.nsf/GlosowaniaPoslaStat.xsp?nrLeg=200
201,Marcin Kulasek,Lewica,aktywny,35,2512,2586,97.14%,https://www.sejm.gov.pl/Sejm10.nsf/GlosowaniaPoslaStat.xsp?nrLeg=201
202,Maria Kurowska,PiS,aktywny,22,2520,2586,97.45%,https://www.sejm.gov.pl/Sejm10.nsf/GlosowaniaPoslaStat.xsp?nrLeg=202
203,Władysław Kurowski,PiS,aktywny,12,2418,2586,93.50%,https://www.sejm.gov.pl/Sejm10.nsf/GlosowaniaPoslaStat.xsp?nrLeg=203
204,Zbigniew Krzysztof Kuźmiuk,PiS,aktywny,17,2504,2586,96.83%,https://www.sejm.gov.pl/Sejm10.nsf/GlosowaniaPoslaStat.xsp?nrLeg=204
205,Anna Kwiecień,PiS,aktywny,17,2493,2586,96.40%,https://www.sejm.gov.pl/Sejm10.nsf/GlosowaniaPoslaStat.xsp?nrLeg=205
206,Piotr Lachowicz,KO,aktywny,14,2571,2586,99.42%,https://www.sejm.gov.pl/Sejm10.nsf/GlosowaniaPoslaStat.xsp?nrLeg=206
207,Stanisław Lamczyk,KO,aktywny,26,2508,2586,96.98%,https://www.sejm.gov.pl/Sejm10.nsf/GlosowaniaPoslaStat.xsp?nrLeg=207
208,Maciej Lasek,KO,aktywny,20,2462,2586,95.20%,https://www.sejm.gov.pl/Sejm10.nsf/GlosowaniaPoslaStat.xsp?nrLeg=208
209,Gabriela Lenartowicz,KO,aktywny,30,2536,2586,98.07%,https://www.sejm.gov.pl/Sejm10.nsf/GlosowaniaPoslaStat.xsp?nrLeg=209
210,Ewa Leniart,PiS,aktywny,23,2377,2586,91.92%,https://www.sejm.gov.pl/Sejm10.nsf/GlosowaniaPoslaStat.xsp?nrLeg=210
211,Aleksandra Leo,Polska2050-TD,aktywny,2,2505,2586,96.87%,https://www.sejm.gov.pl/Sejm10.nsf/GlosowaniaPoslaStat.xsp?nrLeg=211
212,Izabela Leszczyna,KO,aktywny,28,2483,2586,96.02%,https://www.sejm.gov.pl/Sejm10.nsf/GlosowaniaPoslaStat.xsp?nrLeg=212
213,Joanna Lichocka,PiS,aktywny,11,2508,2586,96.98%,https://www.sejm.gov.pl/Sejm10.nsf/GlosowaniaPoslaStat.xsp?nrLeg=213
214,Krzysztof Lipiec,PiS,aktywny,33,2470,2586,95.51%,https://www.sejm.gov.pl/Sejm10.nsf/GlosowaniaPoslaStat.xsp?nrLeg=214
215,Łukasz Litewka,Lewica,aktywny,32,2283,2586,88.28%,https://www.sejm.gov.pl/Sejm10.nsf/GlosowaniaPoslaStat.xsp?nrLeg=215
216,Grzegorz Lorek,PiS,aktywny,10,2557,2586,98.88%,https://www.sejm.gov.pl/Sejm10.nsf/GlosowaniaPoslaStat.xsp?nrLeg=216
217,Radosław Lubczyk,PSL-TD,aktywny,40,2355,2586,91.07%,https://www.sejm.gov.pl/Sejm10.nsf/GlosowaniaPoslaStat.xsp?nrLeg=217
218,Katarzyna Anna Lubnauer,KO,aktywny,19,2578,2586,99.69%,https://www.sejm.gov.pl/Sejm10.nsf/GlosowaniaPoslaStat.xsp?nrLeg=218
219,Adam Luboński,Polska2050-TD,aktywny,38,2466,2586,95.36%,https://www.sejm.gov.pl/Sejm10.nsf/GlosowaniaPoslaStat.xsp?nrLeg=219
220,Artur Jarosław Łącki,KO,aktywny,41,2527,2586,97.72%,https://www.sejm.gov.pl/Sejm10.nsf/GlosowaniaPoslaStat.xsp?nrLeg=220
221,Alicja Łepkowska-Gołaś,KO,aktywny,24,2501,2586,96.71%,https://www.sejm.gov.pl/Sejm10.nsf/GlosowaniaPoslaStat.xsp?nrLeg=221
222,Dorota Łoboda,KO,aktywny,19,2574,2586,99.54%,https://www.sejm.gov.pl/Sejm10.nsf/GlosowaniaPoslaStat.xsp?nrLeg=222
223,Krystian Łuczak,KO,aktywny,5,2584,2586,99.92%,https://www.sejm.gov.pl/Sejm10.nsf/GlosowaniaPoslaStat.xsp?nrLeg=223
224,Sebastian Łukaszewicz,PiS,aktywny,24,2125,2586,82.17%,https://www.sejm.gov.pl/Sejm10.nsf/GlosowaniaPoslaStat.xsp?nrLeg=224
225,Marzena Anna Machałek,PiS,aktywny,1,2375,2586,91.84%,https://www.sejm.gov.pl/Sejm10.nsf/GlosowaniaPoslaStat.xsp?nrLeg=225
226,Antoni Macierewicz,PiS,aktywny,10,2426,2586,93.81%,https://www.sejm.gov.pl/Sejm10.nsf/GlosowaniaPoslaStat.xsp?nrLeg=226
227,Marlena Magdalena Maląg,PiS,wygasl,36,397,446,89.01%,https://www.sejm.gov.pl/Sejm10.nsf/GlosowaniaPoslaStat.xsp?nrLeg=227
228,Ewa Malik,PiS,aktywny,32,1968,2586,76.10%,https://www.sejm.gov.pl/Sejm10.nsf/GlosowaniaPoslaStat.xsp?nrLeg=228
229,Mirosław Maliszewski,PSL-TD,aktywny,17,2307,2586,89.21%,https://www.sejm.gov.pl/Sejm10.nsf/GlosowaniaPoslaStat.xsp?nrLeg=229
230,Maciej Małecki,PiS,aktywny,16,2443,2586,94.47%,https://www.sejm.gov.pl/Sejm10.nsf/GlosowaniaPoslaStat.xsp?nrLeg=230
231,Arkadiusz Marchewka,KO,aktywny,41,2547,2586,98.49%,https://www.sejm.gov.pl/Sejm10.nsf/GlosowaniaPoslaStat.xsp?nrLeg=231
232,Jagna Marczułajtis-Walczak,KO,wygasl,13,437,446,97.98%,https://www.sejm.gov.pl/Sejm10.nsf/GlosowaniaPoslaStat.xsp?nrLeg=232
233,Dorota Marek,KO,aktywny,13,2578,2586,99.69%,https://www.sejm.gov.pl/Sejm10.nsf/GlosowaniaPoslaStat.xsp?nrLeg=233
234,Dariusz Matecki,PiS,aktywny,41,1966,2586,76.02%,https://www.sejm.gov.pl/Sejm10.nsf/GlosowaniaPoslaStat.xsp?nrLeg=234
235,Jerzy Materna,PiS,aktywny,8,2492,2586,96.37%,https://www.sejm.gov.pl/Sejm10.nsf/GlosowaniaPoslaStat.xsp?nrLeg=235
236,Grzegorz Matusiak,PiS,aktywny,30,2277,2586,88.05%,https://www.sejm.gov.pl/Sejm10.nsf/GlosowaniaPoslaStat.xsp?nrLeg=236
237,Katarzyna Matusik-Lipiec,KO,aktywny,13,2553,2586,98.72%,https://www.sejm.gov.pl/Sejm10.nsf/GlosowaniaPoslaStat.xsp?nrLeg=237
238,Marek Matuszewski,PiS,aktywny,11,2537,2586,98.11%,https://www.sejm.gov.pl/Sejm10.nsf/GlosowaniaPoslaStat.xsp?nrLeg=238
239,Paulina Matysiak,Razem,aktywny,11,2515,2586,97.25%,https://www.sejm.gov.pl/Sejm10.nsf/GlosowaniaPoslaStat.xsp?nrLeg=239
240,Łukasz Mejza,PiS,aktywny,8,2060,2586,79.66%,https://www.sejm.gov.pl/Sejm10.nsf/GlosowaniaPoslaStat.xsp?nrLeg=240
241,Sławomir Mentzen,Konfederacja,aktywny,19,1450,2586,56.07%,https://www.sejm.gov.pl/Sejm10.nsf/GlosowaniaPoslaStat.xsp?nrLeg=241
242,Anna Milczanowska,PiS,aktywny,10,2341,2586,90.53%,https://www.sejm.gov.pl/Sejm10.nsf/GlosowaniaPoslaStat.xsp?nrLeg=242
243,Daniel Milewski,PiS,aktywny,18,2209,2586,85.42%,https://www.sejm.gov.pl/Sejm10.nsf/GlosowaniaPoslaStat.xsp?nrLeg=243
244,Rajmund Miller,KO,wygasl,21,204,287,71.08%,https://www.sejm.gov.pl/Sejm10.nsf/GlosowaniaPoslaStat.xsp?nrLeg=244
245,Aleksander Miszalski,KO,wygasl,13,325,330,98.48%,https://www.sejm.gov.pl/Sejm10.nsf/GlosowaniaPoslaStat.xsp?nrLeg=245
246,Mateusz Morawiecki,PiS,aktywny,31,1887,2586,72.97%,https://www.sejm.gov.pl/Sejm10.nsf/GlosowaniaPoslaStat.xsp?nrLeg=246
247,Jan Mosiński,PiS,aktywny,36,2226,2586,86.08%,https://www.sejm.gov.pl/Sejm10.nsf/GlosowaniaPoslaStat.xsp?nrLeg=247
248,Michał Moskal,PiS,aktywny,6,2375,2586,91.84%,https://www.sejm.gov.pl/Sejm10.nsf/GlosowaniaPoslaStat.xsp?nrLeg=248
249,Czesław Mroczek,KO,aktywny,18,2564,2586,99.15%,https://www.sejm.gov.pl/Sejm10.nsf/GlosowaniaPoslaStat.xsp?nrLeg=249
250,Aleksander Mikołaj Mrówczyński,PiS,aktywny,26,1510,2586,58.39%,https://www.sejm.gov.pl/Sejm10.nsf/GlosowaniaPoslaStat.xsp?nrLeg=250
251,Izabela Katarzyna Mrzygłocka,KO,wygasl,2,482,701,68.76%,https://www.sejm.gov.pl/Sejm10.nsf/GlosowaniaPoslaStat.xsp?nrLeg=251
252,Joanna Mucha,Polska2050-TD,aktywny,6,2394,2586,92.58%,https://www.sejm.gov.pl/Sejm10.nsf/GlosowaniaPoslaStat.xsp?nrLeg=252
253,Arkadiusz Mularczyk,PiS,wygasl,14,400,446,89.69%,https://www.sejm.gov.pl/Sejm10.nsf/GlosowaniaPoslaStat.xsp?nrLeg=253
254,Krzysztof Mulawa,Konfederacja,aktywny,18,2434,2586,94.12%,https://www.sejm.gov.pl/Sejm10.nsf/GlosowaniaPoslaStat.xsp?nrLeg=254
255,Piotr Müller,PiS,wygasl,26,427,446,95.74%,https://www.sejm.gov.pl/Sejm10.nsf/GlosowaniaPoslaStat.xsp?nrLeg=255
256,Arkadiusz Myrcha,KO,aktywny,5,2554,2586,98.76%,https://www.sejm.gov.pl/Sejm10.nsf/GlosowaniaPoslaStat.xsp?nrLeg=256
257,Grzegorz Napieralski,KO,aktywny,41,2530,2586,97.83%,https://www.sejm.gov.pl/Sejm10.nsf/GlosowaniaPoslaStat.xsp?nrLeg=257
258,Dorota Niedziela,KO,aktywny,12,2498,2586,96.60%,https://www.sejm.gov.pl/Sejm10.nsf/GlosowaniaPoslaStat.xsp?nrLeg=258
259,Jacek Niedźwiedzki,KO,aktywny,24,2577,2586,99.65%,https://www.sejm.gov.pl/Sejm10.nsf/GlosowaniaPoslaStat.xsp?nrLeg=259
260,Małgorzata Niemczyk,KO,aktywny,9,2580,2586,99.77%,https://www.sejm.gov.pl/Sejm10.nsf/GlosowaniaPoslaStat.xsp?nrLeg=260
261,Jolanta Niezgodzka,KO,aktywny,3,2560,2586,98.99%,https://www.sejm.gov.pl/Sejm10.nsf/GlosowaniaPoslaStat.xsp?nrLeg=261
262,Sławomir Nitras,KO,aktywny,41,2059,2586,79.62%,https://www.sejm.gov.pl/Sejm10.nsf/GlosowaniaPoslaStat.xsp?nrLeg=262
263,Barbara Nowacka,KO,aktywny,26,2358,2586,91.18%,https://www.sejm.gov.pl/Sejm10.nsf/GlosowaniaPoslaStat.xsp?nrLeg=263
264,Maja Ewa Nowak,Polska2050-TD,aktywny,8,2527,2586,97.72%,https://www.sejm.gov.pl/Sejm10.nsf/GlosowaniaPoslaStat.xsp?nrLeg=264
265,Tomasz Piotr Nowak,KO,aktywny,37,2523,2586,97.56%,https://www.sejm.gov.pl/Sejm10.nsf/GlosowaniaPoslaStat.xsp?nrLeg=265
266,Wanda Nowicka,Lewica,aktywny,29,2297,2586,88.82%,https://www.sejm.gov.pl/Sejm10.nsf/GlosowaniaPoslaStat.xsp?nrLeg=266
267,Urszula Nowogórska,PSL-TD,aktywny,14,2550,2586,98.61%,https://www.sejm.gov.pl/Sejm10.nsf/GlosowaniaPoslaStat.xsp?nrLeg=267
268,Mirosława Nykiel,KO,wygasl,27,442,446,99.10%,https://www.sejm.gov.pl/Sejm10.nsf/GlosowaniaPoslaStat.xsp?nrLeg=268
269,Marcin Ociepa,PiS,aktywny,21,2409,2586,93.16%,https://www.sejm.gov.pl/Sejm10.nsf/GlosowaniaPoslaStat.xsp?nrLeg=269
270,Marzena Okła-Drewnowicz,KO,aktywny,33,2569,2586,99.34%,https://www.sejm.gov.pl/Sejm10.nsf/GlosowaniaPoslaStat.xsp?nrLeg=270
271,Barbara Okuła,Polska2050-TD,aktywny,24,2582,2586,99.85%,https://www.sejm.gov.pl/Sejm10.nsf/GlosowaniaPoslaStat.xsp?nrLeg=271
272,Barbara Oliwiecka,Polska2050-TD,aktywny,36,2512,2586,97.14%,https://www.sejm.gov.pl/Sejm10.nsf/GlosowaniaPoslaStat.xsp?nrLeg=272
273,Dorota Olko,Lewica,aktywny,19,2358,2586,91.18%,https://www.sejm.gov.pl/Sejm10.nsf/GlosowaniaPoslaStat.xsp?nrLeg=273
274,Paweł Olszewski,KO,aktywny,4,2508,2586,96.98%,https://www.sejm.gov.pl/Sejm10.nsf/GlosowaniaPoslaStat.xsp?nrLeg=274
275,Mirosław Adam Orliński,PSL-TD,aktywny,16,2576,2586,99.61%,https://www.sejm.gov.pl/Sejm10.nsf/GlosowaniaPoslaStat.xsp?nrLeg=275
276,Łukasz Osmalak,Polska2050-TD,aktywny,30,2585,2586,99.96%,https://www.sejm.gov.pl/Sejm10.nsf/GlosowaniaPoslaStat.xsp?nrLeg=276
277,Katarzyna Osos,KO,aktywny,8,2488,2586,96.21%,https://www.sejm.gov.pl/Sejm10.nsf/GlosowaniaPoslaStat.xsp?nrLeg=277
278,Jacek Osuch,PiS,aktywny,13,2134,2586,82.52%,https://www.sejm.gov.pl/Sejm10.nsf/GlosowaniaPoslaStat.xsp?nrLeg=278
279,Jacek Ozdoba,PiS,wygasl,16,410,446,91.93%,https://www.sejm.gov.pl/Sejm10.nsf/GlosowaniaPoslaStat.xsp?nrLeg=279
280,Teresa Pamuła,PiS,aktywny,22,2394,2586,92.58%,https://www.sejm.gov.pl/Sejm10.nsf/GlosowaniaPoslaStat.xsp?nrLeg=280
281,Paweł Papke,KO,aktywny,35,2552,2586,98.69%,https://www.sejm.gov.pl/Sejm10.nsf/GlosowaniaPoslaStat.xsp?nrLeg=281
282,Urszula Pasławska,PSL-TD,aktywny,35,2248,2586,86.93%,https://www.sejm.gov.pl/Sejm10.nsf/GlosowaniaPoslaStat.xsp?nrLeg=282
283,Krzysztof Paszyk,PSL-TD,aktywny,38,2393,2586,92.54%,https://www.sejm.gov.pl/Sejm10.nsf/GlosowaniaPoslaStat.xsp?nrLeg=283
284,Karolina Pawliczak,KO,aktywny,36,2583,2586,99.88%,https://www.sejm.gov.pl/Sejm10.nsf/GlosowaniaPoslaStat.xsp?nrLeg=284
285,Bartłomiej Pejo,Konfederacja,aktywny,6,2479,2586,95.86%,https://www.sejm.gov.pl/Sejm10.nsf/GlosowaniaPoslaStat.xsp?nrLeg=285
286,Ryszard Petru,Polska2050-TD,aktywny,19,2190,2586,84.69%,https://www.sejm.gov.pl/Sejm10.nsf/GlosowaniaPoslaStat.xsp?nrLeg=286
287,Małgorzata Pępek,KO,aktywny,27,2586,2586,100.00%,https://www.sejm.gov.pl/Sejm10.nsf/GlosowaniaPoslaStat.xsp?nrLeg=287
288,Bolesław Piecha,PiS,aktywny,30,1887,2586,72.97%,https://www.sejm.gov.pl/Sejm10.nsf/GlosowaniaPoslaStat.xsp?nrLeg=288
289,Grzegorz Piechowiak,PiS,aktywny,38,2176,2586,84.15%,https://www.sejm.gov.pl/Sejm10.nsf/GlosowaniaPoslaStat.xsp?nrLeg=289
290,Anna Pieczarka,PiS,aktywny,15,2487,2586,96.17%,https://www.sejm.gov.pl/Sejm10.nsf/GlosowaniaPoslaStat.xsp?nrLeg=290
291,Katarzyna Maria Piekarska,KO,aktywny,19,2481,2586,95.94%,https://www.sejm.gov.pl/Sejm10.nsf/GlosowaniaPoslaStat.xsp?nrLeg=291
292,Norbert Pietrykowski,Polska2050-TD,aktywny,4,2126,2586,82.21%,https://www.sejm.gov.pl/Sejm10.nsf/GlosowaniaPoslaStat.xsp?nrLeg=292
293,Lucjan Marek Pietrzczyk,KO,aktywny,33,2581,2586,99.81%,https://www.sejm.gov.pl/Sejm10.nsf/GlosowaniaPoslaStat.xsp?nrLeg=293
294,Dariusz Piontkowski,PiS,aktywny,24,2416,2586,93.43%,https://www.sejm.gov.pl/Sejm10.nsf/GlosowaniaPoslaStat.xsp?nrLeg=294
295,Kazimierz Plocke,KO,aktywny,26,2578,2586,99.69%,https://www.sejm.gov.pl/Sejm10.nsf/GlosowaniaPoslaStat.xsp?nrLeg=295
296,Grzegorz Płaczek,Konfederacja,aktywny,31,2510,2586,97.06%,https://www.sejm.gov.pl/Sejm10.nsf/GlosowaniaPoslaStat.xsp?nrLeg=296
297,Kacper Płażyński,PiS,aktywny,25,2054,2586,79.43%,https://www.sejm.gov.pl/Sejm10.nsf/GlosowaniaPoslaStat.xsp?nrLeg=297
298,Szymon Pogoda,PiS,aktywny,1,2529,2586,97.80%,https://www.sejm.gov.pl/Sejm10.nsf/GlosowaniaPoslaStat.xsp?nrLeg=298
299,Jerzy Polaczek,PiS,aktywny,31,2524,2586,97.60%,https://www.sejm.gov.pl/Sejm10.nsf/GlosowaniaPoslaStat.xsp?nrLeg=299
300,Elżbieta Anna Polak,KO,aktywny,8,2463,2586,95.24%,https://www.sejm.gov.pl/Sejm10.nsf/GlosowaniaPoslaStat.xsp?nrLeg=300
301,Piotr Polak,PiS,aktywny,11,2556,2586,98.84%,https://www.sejm.gov.pl/Sejm10.nsf/GlosowaniaPoslaStat.xsp?nrLeg=301
302,Agnieszka Pomaska,KO,aktywny,25,2464,2586,95.28%,https://www.sejm.gov.pl/Sejm10.nsf/GlosowaniaPoslaStat.xsp?nrLeg=302
303,Marcin Porzucek,PiS,aktywny,38,2485,2586,96.09%,https://www.sejm.gov.pl/Sejm10.nsf/GlosowaniaPoslaStat.xsp?nrLeg=303
304,Jacek Protas,KO,wygasl,34,442,446,99.10%,https://www.sejm.gov.pl/Sejm10.nsf/GlosowaniaPoslaStat.xsp?nrLeg=304
305,Marcin Przydacz,PiS,wygasl,11,2195,2301,95.39%,https://www.sejm.gov.pl/Sejm10.nsf/GlosowaniaPoslaStat.xsp?nrLeg=305
306,Grzegorz Puda,PiS,aktywny,27,2425,2586,93.77%,https://www.sejm.gov.pl/Sejm10.nsf/GlosowaniaPoslaStat.xsp?nrLeg=306
307,Michał Pyrzyk,PSL-TD,aktywny,37,2527,2586,97.72%,https://www.sejm.gov.pl/Sejm10.nsf/GlosowaniaPoslaStat.xsp?nrLeg=307
308,Renata Rak,KO,aktywny,40,2576,2586,99.61%,https://www.sejm.gov.pl/Sejm10.nsf/GlosowaniaPoslaStat.xsp?nrLeg=308
309,Ireneusz Raś,PSL-TD,aktywny,13,2216,2586,85.69%,https://www.sejm.gov.pl/Sejm10.nsf/GlosowaniaPoslaStat.xsp?nrLeg=309
310,Zbigniew Rau,PiS,aktywny,9,2273,2586,87.90%,https://www.sejm.gov.pl/Sejm10.nsf/GlosowaniaPoslaStat.xsp?nrLeg=310
311,Marcin Romanowski,PiS,aktywny,7,665,2586,25.72%,https://www.sejm.gov.pl/Sejm10.nsf/GlosowaniaPoslaStat.xsp?nrLeg=311
312,Bartosz Romowicz,Polska2050-TD,aktywny,22,2462,2586,95.20%,https://www.sejm.gov.pl/Sejm10.nsf/GlosowaniaPoslaStat.xsp?nrLeg=312
313,Monika Rosa,KO,aktywny,31,2574,2586,99.54%,https://www.sejm.gov.pl/Sejm10.nsf/GlosowaniaPoslaStat.xsp?nrLeg=313
314,Wiesław Różyński,PSL-TD,aktywny,7,2459,2586,95.09%,https://www.sejm.gov.pl/Sejm10.nsf/GlosowaniaPoslaStat.xsp?nrLeg=314
315,Urszula Rusecka,PiS,aktywny,15,2416,2586,93.43%,https://www.sejm.gov.pl/Sejm10.nsf/GlosowaniaPoslaStat.xsp?nrLeg=315
316,Grzegorz Rusiecki,KO,wygasl,36,283,290,97.59%,https://www.sejm.gov.pl/Sejm10.nsf/GlosowaniaPoslaStat.xsp?nrLeg=316
317,Jakub Rutnicki,KO,aktywny,38,2444,2586,94.51%,https://www.sejm.gov.pl/Sejm10.nsf/GlosowaniaPoslaStat.xsp?nrLeg=317
318,Paweł Rychlik,PiS,aktywny,11,2444,2586,94.51%,https://www.sejm.gov.pl/Sejm10.nsf/GlosowaniaPoslaStat.xsp?nrLeg=318
319,Marek Rząsa,KO,aktywny,22,2582,2586,99.85%,https://www.sejm.gov.pl/Sejm10.nsf/GlosowaniaPoslaStat.xsp?nrLeg=319
320,Jarosław Rzepa,PSL-TD,aktywny,41,2467,2586,95.40%,https://www.sejm.gov.pl/Sejm10.nsf/GlosowaniaPoslaStat.xsp?nrLeg=320
321,Jarosław Sachajko,Republikanie,aktywny,7,2388,2586,92.34%,https://www.sejm.gov.pl/Sejm10.nsf/GlosowaniaPoslaStat.xsp?nrLeg=321
322,Paweł Sałek,PiS,aktywny,10,2536,2586,98.07%,https://www.sejm.gov.pl/Sejm10.nsf/GlosowaniaPoslaStat.xsp?nrLeg=322
323,Wojciech Saługa,KO,wygasl,32,349,371,94.07%,https://www.sejm.gov.pl/Sejm10.nsf/GlosowaniaPoslaStat.xsp?nrLeg=323
324,Tadeusz Samborski,PSL-TD,aktywny,1,2486,2586,96.13%,https://www.sejm.gov.pl/Sejm10.nsf/GlosowaniaPoslaStat.xsp?nrLeg=324
325,Jacek Sasin,PiS,aktywny,24,2415,2586,93.39%,https://www.sejm.gov.pl/Sejm10.nsf/GlosowaniaPoslaStat.xsp?nrLeg=325
326,Marek Sawicki,PSL-TD,aktywny,18,2547,2586,98.49%,https://www.sejm.gov.pl/Sejm10.nsf/GlosowaniaPoslaStat.xsp?nrLeg=326
327,Ewa Schädler,Polska2050-TD,aktywny,39,2467,2586,95.40%,https://www.sejm.gov.pl/Sejm10.nsf/GlosowaniaPoslaStat.xsp?nrLeg=327
328,Joanna Scheuring-Wielgus,Lewica,wygasl,5,427,446,95.74%,https://www.sejm.gov.pl/Sejm10.nsf/GlosowaniaPoslaStat.xsp?nrLeg=328
329,Anna Schmidt,PiS,aktywny,22,1967,2586,76.06%,https://www.sejm.gov.pl/Sejm10.nsf/GlosowaniaPoslaStat.xsp?nrLeg=329
330,Łukasz Schreiber,PiS,aktywny,4,2514,2586,97.22%,https://www.sejm.gov.pl/Sejm10.nsf/GlosowaniaPoslaStat.xsp?nrLeg=330
331,Jarosław Sellin,PiS,aktywny,25,2528,2586,97.76%,https://www.sejm.gov.pl/Sejm10.nsf/GlosowaniaPoslaStat.xsp?nrLeg=331
332,Olga Ewa Semeniuk-Patkowska,PiS,aktywny,35,2499,2586,96.64%,https://www.sejm.gov.pl/Sejm10.nsf/GlosowaniaPoslaStat.xsp?nrLeg=332
333,Edward Siarka,PiS,aktywny,14,2308,2586,89.25%,https://www.sejm.gov.pl/Sejm10.nsf/GlosowaniaPoslaStat.xsp?nrLeg=333
334,Krystyna Sibińska,KO,aktywny,8,2389,2586,92.38%,https://www.sejm.gov.pl/Sejm10.nsf/GlosowaniaPoslaStat.xsp?nrLeg=334
335,Czesław Siekierski,PSL-TD,aktywny,33,1811,2586,70.03%,https://www.sejm.gov.pl/Sejm10.nsf/GlosowaniaPoslaStat.xsp?nrLeg=335
336,Rafał Siemaszko,KO,aktywny,26,2577,2586,99.65%,https://www.sejm.gov.pl/Sejm10.nsf/GlosowaniaPoslaStat.xsp?nrLeg=336
337,Tomasz Siemoniak,KO,aktywny,21,2524,2586,97.60%,https://www.sejm.gov.pl/Sejm10.nsf/GlosowaniaPoslaStat.xsp?nrLeg=337
338,Bartłomiej Sienkiewicz,KO,wygasl,13,369,446,82.74%,https://www.sejm.gov.pl/Sejm10.nsf/GlosowaniaPoslaStat.xsp?nrLeg=338
339,Arkadiusz Sikora,Lewica,aktywny,1,2446,2586,94.59%,https://www.sejm.gov.pl/Sejm10.nsf/GlosowaniaPoslaStat.xsp?nrLeg=339
340,Włodzimierz Skalik,Konfederacja_KP,aktywny,21,2495,2586,96.48%,https://www.sejm.gov.pl/Sejm10.nsf/GlosowaniaPoslaStat.xsp?nrLeg=340
341,Marcin Skonieczka,Polska2050-TD,aktywny,5,2578,2586,99.69%,https://www.sejm.gov.pl/Sejm10.nsf/GlosowaniaPoslaStat.xsp?nrLeg=341
342,Krystyna Skowrońska,KO,aktywny,23,2578,2586,99.69%,https://www.sejm.gov.pl/Sejm10.nsf/GlosowaniaPoslaStat.xsp?nrLeg=342
343,Sławomir Skwarek,PiS,aktywny,6,2512,2586,97.14%,https://www.sejm.gov.pl/Sejm10.nsf/GlosowaniaPoslaStat.xsp?nrLeg=343
344,Waldemar Sługocki,KO,aktywny,8,2420,2586,93.58%,https://www.sejm.gov.pl/Sejm10.nsf/GlosowaniaPoslaStat.xsp?nrLeg=344
345,Weronika Smarduch,KO,aktywny,14,2539,2586,98.18%,https://www.sejm.gov.pl/Sejm10.nsf/GlosowaniaPoslaStat.xsp?nrLeg=345
346,Kazimierz Smoliński,PiS,aktywny,25,2545,2586,98.41%,https://www.sejm.gov.pl/Sejm10.nsf/GlosowaniaPoslaStat.xsp?nrLeg=346
347,Anna Sobolak,KO,aktywny,3,2558,2586,98.92%,https://www.sejm.gov.pl/Sejm10.nsf/GlosowaniaPoslaStat.xsp?nrLeg=347
348,Krzysztof Sobolewski,PiS,aktywny,23,2440,2586,94.35%,https://www.sejm.gov.pl/Sejm10.nsf/GlosowaniaPoslaStat.xsp?nrLeg=348
349,Artur Soboń,PiS,wygasl,6,54,100,54.00%,https://www.sejm.gov.pl/Sejm10.nsf/GlosowaniaPoslaStat.xsp?nrLeg=349
350,Agnieszka Anna Soin,PiS,aktywny,3,2295,2586,88.75%,https://www.sejm.gov.pl/Sejm10.nsf/GlosowaniaPoslaStat.xsp?nrLeg=350
351,Zbigniew Sosnowski,PSL-TD,aktywny,5,2556,2586,98.84%,https://www.sejm.gov.pl/Sejm10.nsf/GlosowaniaPoslaStat.xsp?nrLeg=351
352,Marek Sowa,KO,aktywny,12,2572,2586,99.46%,https://www.sejm.gov.pl/Sejm10.nsf/GlosowaniaPoslaStat.xsp?nrLeg=352
353,Katarzyna Sójka,PiS,aktywny,36,2353,2586,90.99%,https://www.sejm.gov.pl/Sejm10.nsf/GlosowaniaPoslaStat.xsp?nrLeg=353
354,Magdalena Sroka,PSL-TD,aktywny,25,2522,2586,97.53%,https://www.sejm.gov.pl/Sejm10.nsf/GlosowaniaPoslaStat.xsp?nrLeg=354
355,Mirosława Stachowiak-Różecka,PiS,aktywny,3,2522,2586,97.53%,https://www.sejm.gov.pl/Sejm10.nsf/GlosowaniaPoslaStat.xsp?nrLeg=355
356,Dariusz Stefaniuk,PiS,aktywny,7,2378,2586,91.96%,https://www.sejm.gov.pl/Sejm10.nsf/GlosowaniaPoslaStat.xsp?nrLeg=356
357,Franciszek Sterczewski,KO,aktywny,39,2323,2586,89.83%,https://www.sejm.gov.pl/Sejm10.nsf/GlosowaniaPoslaStat.xsp?nrLeg=357
358,Piotr Paweł Strach,Polska2050-TD,aktywny,29,2389,2586,92.38%,https://www.sejm.gov.pl/Sejm10.nsf/GlosowaniaPoslaStat.xsp?nrLeg=358
359,Mirosław Suchoń,Polska2050-TD,aktywny,27,2422,2586,93.66%,https://www.sejm.gov.pl/Sejm10.nsf/GlosowaniaPoslaStat.xsp?nrLeg=359
360,Marek Suski,PiS,aktywny,17,2330,2586,90.10%,https://www.sejm.gov.pl/Sejm10.nsf/GlosowaniaPoslaStat.xsp?nrLeg=360
361,Paweł Suski,KO,aktywny,40,2576,2586,99.61%,https://www.sejm.gov.pl/Sejm10.nsf/GlosowaniaPoslaStat.xsp?nrLeg=361
362,Artur Szałabawka,PiS,aktywny,41,2401,2586,92.85%,https://www.sejm.gov.pl/Sejm10.nsf/GlosowaniaPoslaStat.xsp?nrLeg=362
363,Wojciech Szarama,PiS,aktywny,29,2034,2586,78.65%,https://www.sejm.gov.pl/Sejm10.nsf/GlosowaniaPoslaStat.xsp?nrLeg=363
364,Wiesław Szczepański,Lewica,aktywny,36,2538,2586,98.14%,https://www.sejm.gov.pl/Sejm10.nsf/GlosowaniaPoslaStat.xsp?nrLeg=364
365,Michał Szczerba,KO,wygasl,19,434,446,97.31%,https://www.sejm.gov.pl/Sejm10.nsf/GlosowaniaPoslaStat.xsp?nrLeg=365
366,Krzysztof Szczucki,PiS,aktywny,5,2181,2586,84.34%,https://www.sejm.gov.pl/Sejm10.nsf/GlosowaniaPoslaStat.xsp?nrLeg=366
367,Józefa Szczurek-Żelazko,PiS,aktywny,15,2369,2586,91.61%,https://www.sejm.gov.pl/Sejm10.nsf/GlosowaniaPoslaStat.xsp?nrLeg=367
368,Paweł Szefernaker,PiS,wygasl,40,2123,2301,92.26%,https://www.sejm.gov.pl/Sejm10.nsf/GlosowaniaPoslaStat.xsp?nrLeg=368
369,Andrzej Szejna,Lewica,aktywny,33,2317,2586,89.60%,https://www.sejm.gov.pl/Sejm10.nsf/GlosowaniaPoslaStat.xsp?nrLeg=369
370,Andrzej Szewiński,KO,aktywny,28,2568,2586,99.30%,https://www.sejm.gov.pl/Sejm10.nsf/GlosowaniaPoslaStat.xsp?nrLeg=370
371,Adam Szłapka,KO,aktywny,39,2118,2586,81.90%,https://www.sejm.gov.pl/Sejm10.nsf/GlosowaniaPoslaStat.xsp?nrLeg=371
372,Henryk Szopiński,KO,aktywny,38,2579,2586,99.73%,https://www.sejm.gov.pl/Sejm10.nsf/GlosowaniaPoslaStat.xsp?nrLeg=372
373,Paweł Szrot,PiS,aktywny,4,2524,2586,97.60%,https://www.sejm.gov.pl/Sejm10.nsf/GlosowaniaPoslaStat.xsp?nrLeg=373
374,Krystyna Szumilas,KO,aktywny,29,2519,2586,97.41%,https://www.sejm.gov.pl/Sejm10.nsf/GlosowaniaPoslaStat.xsp?nrLeg=374
375,Stanisław Szwed,PiS,aktywny,27,2436,2586,94.20%,https://www.sejm.gov.pl/Sejm10.nsf/GlosowaniaPoslaStat.xsp?nrLeg=375
376,Ewa Szymanowska,Polska2050-TD,aktywny,9,2566,2586,99.23%,https://www.sejm.gov.pl/Sejm10.nsf/GlosowaniaPoslaStat.xsp?nrLeg=376
377,Tomasz Szymański,KO,aktywny,5,2517,2586,97.33%,https://www.sejm.gov.pl/Sejm10.nsf/GlosowaniaPoslaStat.xsp?nrLeg=377
378,Szymon Szynkowski vel Sęk,PiS,aktywny,39,2374,2586,91.80%,https://www.sejm.gov.pl/Sejm10.nsf/GlosowaniaPoslaStat.xsp?nrLeg=378
379,Łukasz Ściebiorowski,KO,aktywny,31,2566,2586,99.23%,https://www.sejm.gov.pl/Sejm10.nsf/GlosowaniaPoslaStat.xsp?nrLeg=379
380,Agnieszka Ścigaj,PiS,aktywny,13,2277,2586,88.05%,https://www.sejm.gov.pl/Sejm10.nsf/GlosowaniaPoslaStat.xsp?nrLeg=380
381,Andrzej Śliwka,PiS,aktywny,34,2485,2586,96.09%,https://www.sejm.gov.pl/Sejm10.nsf/GlosowaniaPoslaStat.xsp?nrLeg=381
382,Paweł Śliz,Polska2050-TD,aktywny,12,2431,2586,94.01%,https://www.sejm.gov.pl/Sejm10.nsf/GlosowaniaPoslaStat.xsp?nrLeg=382
383,Krzysztof Śmiszek,Lewica,wygasl,3,421,446,94.39%,https://www.sejm.gov.pl/Sejm10.nsf/GlosowaniaPoslaStat.xsp?nrLeg=383
384,Jacek Świat,PiS,aktywny,3,2526,2586,97.68%,https://www.sejm.gov.pl/Sejm10.nsf/GlosowaniaPoslaStat.xsp?nrLeg=384
385,Apoloniusz Tajner,KO,aktywny,27,2572,2586,99.46%,https://www.sejm.gov.pl/Sejm10.nsf/GlosowaniaPoslaStat.xsp?nrLeg=385
386,Krzysztof Tchórzewski,PiS,aktywny,18,2478,2586,95.82%,https://www.sejm.gov.pl/Sejm10.nsf/GlosowaniaPoslaStat.xsp?nrLeg=386
387,Robert Telus,PiS,aktywny,10,2359,2586,91.22%,https://www.sejm.gov.pl/Sejm10.nsf/GlosowaniaPoslaStat.xsp?nrLeg=387
388,Ryszard Terlecki,PiS,aktywny,14,2520,2586,97.45%,https://www.sejm.gov.pl/Sejm10.nsf/GlosowaniaPoslaStat.xsp?nrLeg=388
389,Tadeusz Tomaszewski,Lewica,aktywny,37,2478,2586,95.82%,https://www.sejm.gov.pl/Sejm10.nsf/GlosowaniaPoslaStat.xsp?nrLeg=389
390,Jacek Tomczak,PSL-TD,aktywny,39,2161,2586,83.57%,https://www.sejm.gov.pl/Sejm10.nsf/GlosowaniaPoslaStat.xsp?nrLeg=390
391,Wioleta Tomczak,Polska2050-TD,aktywny,26,2580,2586,99.77%,https://www.sejm.gov.pl/Sejm10.nsf/GlosowaniaPoslaStat.xsp?nrLeg=391
392,Cezary Tomczyk,KO,aktywny,11,2521,2586,97.49%,https://www.sejm.gov.pl/Sejm10.nsf/GlosowaniaPoslaStat.xsp?nrLeg=392
393,Stanisław Tomczyszyn,PSL-TD,aktywny,8,2585,2586,99.96%,https://www.sejm.gov.pl/Sejm10.nsf/GlosowaniaPoslaStat.xsp?nrLeg=393
394,Małgorzata Tracz,KO,aktywny,3,2579,2586,99.73%,https://www.sejm.gov.pl/Sejm10.nsf/GlosowaniaPoslaStat.xsp?nrLeg=394
395,Tomasz Trela,Lewica,aktywny,9,2557,2586,98.88%,https://www.sejm.gov.pl/Sejm10.nsf/GlosowaniaPoslaStat.xsp?nrLeg=395
396,Krzysztof Truskolaski,KO,aktywny,24,2434,2586,94.12%,https://www.sejm.gov.pl/Sejm10.nsf/GlosowaniaPoslaStat.xsp?nrLeg=396
397,Krzysztof Tuduj,Konfederacja,aktywny,3,2364,2586,91.42%,https://www.sejm.gov.pl/Sejm10.nsf/GlosowaniaPoslaStat.xsp?nrLeg=397
398,Sylwester Tułajew,PiS,aktywny,6,2568,2586,99.30%,https://www.sejm.gov.pl/Sejm10.nsf/GlosowaniaPoslaStat.xsp?nrLeg=398
399,Witold Tumanowicz,Konfederacja,aktywny,7,2475,2586,95.71%,https://www.sejm.gov.pl/Sejm10.nsf/GlosowaniaPoslaStat.xsp?nrLeg=399
400,Donald Tusk,KO,aktywny,19,995,2586,38.48%,https://www.sejm.gov.pl/Sejm10.nsf/GlosowaniaPoslaStat.xsp?nrLeg=400
401,Stanisław Tyszka,Konfederacja,wygasl,26,356,446,79.82%,https://www.sejm.gov.pl/Sejm10.nsf/GlosowaniaPoslaStat.xsp?nrLeg=401
402,Katarzyna Ueberhan,Lewica,aktywny,39,2433,2586,94.08%,https://www.sejm.gov.pl/Sejm10.nsf/GlosowaniaPoslaStat.xsp?nrLeg=402
403,Jarosław Urbaniak,KO,aktywny,36,2276,2586,88.01%,https://www.sejm.gov.pl/Sejm10.nsf/GlosowaniaPoslaStat.xsp?nrLeg=403
404,Piotr Uruski,PiS,aktywny,22,2109,2586,81.55%,https://www.sejm.gov.pl/Sejm10.nsf/GlosowaniaPoslaStat.xsp?nrLeg=404
405,Piotr Uściński,PiS,aktywny,20,2358,2586,91.18%,https://www.sejm.gov.pl/Sejm10.nsf/GlosowaniaPoslaStat.xsp?nrLeg=405
406,Jarosław Wałęsa,KO,aktywny,25,2526,2586,97.68%,https://www.sejm.gov.pl/Sejm10.nsf/GlosowaniaPoslaStat.xsp?nrLeg=406
407,Marcin Warchoł,PiS,aktywny,23,2364,2586,91.42%,https://www.sejm.gov.pl/Sejm10.nsf/GlosowaniaPoslaStat.xsp?nrLeg=407
408,Robert Wardzała,KO,aktywny,15,2428,2586,93.89%,https://www.sejm.gov.pl/Sejm10.nsf/GlosowaniaPoslaStat.xsp?nrLeg=408
409,Robert Warwas,PiS,aktywny,32,2548,2586,98.53%,https://www.sejm.gov.pl/Sejm10.nsf/GlosowaniaPoslaStat.xsp?nrLeg=409
410,Jan Warzecha,PiS,aktywny,23,2448,2586,94.66%,https://www.sejm.gov.pl/Sejm10.nsf/GlosowaniaPoslaStat.xsp?nrLeg=410
411,Małgorzata Wassermann,PiS,aktywny,13,2451,2586,94.78%,https://www.sejm.gov.pl/Sejm10.nsf/GlosowaniaPoslaStat.xsp?nrLeg=411
412,Michał Wawer,Konfederacja,aktywny,33,2570,2586,99.38%,https://www.sejm.gov.pl/Sejm10.nsf/GlosowaniaPoslaStat.xsp?nrLeg=412
413,Maciej Wąsik,PiS,wygasl,16,129,146,88.36%,https://www.sejm.gov.pl/Sejm10.nsf/GlosowaniaPoslaStat.xsp?nrLeg=413
414,Marta Wcisło,KO,wygasl,6,433,446,97.09%,https://www.sejm.gov.pl/Sejm10.nsf/GlosowaniaPoslaStat.xsp?nrLeg=414
415,Rafał Weber,PiS,aktywny,23,2493,2586,96.40%,https://www.sejm.gov.pl/Sejm10.nsf/GlosowaniaPoslaStat.xsp?nrLeg=415
416,Marek Wesoły,PiS,aktywny,31,2459,2586,95.09%,https://www.sejm.gov.pl/Sejm10.nsf/GlosowaniaPoslaStat.xsp?nrLeg=416
417,Joanna Wicha,Lewica,aktywny,20,2442,2586,94.43%,https://www.sejm.gov.pl/Sejm10.nsf/GlosowaniaPoslaStat.xsp?nrLeg=417
418,Patryk Wicher,PiS,aktywny,14,2483,2586,96.02%,https://www.sejm.gov.pl/Sejm10.nsf/GlosowaniaPoslaStat.xsp?nrLeg=418
419,Dariusz Wieczorek,Lewica,aktywny,41,2557,2586,98.88%,https://www.sejm.gov.pl/Sejm10.nsf/GlosowaniaPoslaStat.xsp?nrLeg=419
420,Jarosław Wiesław Wieczorek,PiS,aktywny,29,2539,2586,98.18%,https://www.sejm.gov.pl/Sejm10.nsf/GlosowaniaPoslaStat.xsp?nrLeg=420
421,Monika Wielichowska,KO,aktywny,2,2486,2586,96.13%,https://www.sejm.gov.pl/Sejm10.nsf/GlosowaniaPoslaStat.xsp?nrLeg=421
422,Ryszard Wilk,Konfederacja,aktywny,14,1777,2586,68.72%,https://www.sejm.gov.pl/Sejm10.nsf/GlosowaniaPoslaStat.xsp?nrLeg=422
423,Teresa Wilk,PiS,aktywny,34,2164,2586,83.68%,https://www.sejm.gov.pl/Sejm10.nsf/GlosowaniaPoslaStat.xsp?nrLeg=423
424,Przemysław Wipler,Konfederacja,aktywny,5,2166,2586,83.76%,https://www.sejm.gov.pl/Sejm10.nsf/GlosowaniaPoslaStat.xsp?nrLeg=424
425,Aleksandra Karolina Uznańska-Wiśniewska,KO,aktywny,9,2480,2586,95.90%,https://www.sejm.gov.pl/Sejm10.nsf/GlosowaniaPoslaStat.xsp?nrLeg=425
426,Adrian Witczak,KO,aktywny,10,2567,2586,99.27%,https://www.sejm.gov.pl/Sejm10.nsf/GlosowaniaPoslaStat.xsp?nrLeg=426
427,Mariusz Witczak,KO,aktywny,36,2582,2586,99.85%,https://www.sejm.gov.pl/Sejm10.nsf/GlosowaniaPoslaStat.xsp?nrLeg=427
428,Elżbieta Witek,PiS,aktywny,1,2453,2586,94.86%,https://www.sejm.gov.pl/Sejm10.nsf/GlosowaniaPoslaStat.xsp?nrLeg=428
429,Przemysław Witek,KO,aktywny,28,2405,2586,93.00%,https://www.sejm.gov.pl/Sejm10.nsf/GlosowaniaPoslaStat.xsp?nrLeg=429
430,Kamil Wnuk,Polska2050-TD,aktywny,32,2402,2586,92.88%,https://www.sejm.gov.pl/Sejm10.nsf/GlosowaniaPoslaStat.xsp?nrLeg=430
431,Anna Wojciechowska,KO,aktywny,35,2570,2586,99.38%,https://www.sejm.gov.pl/Sejm10.nsf/GlosowaniaPoslaStat.xsp?nrLeg=431
432,Agnieszka Wojciechowska van Heukelom,PiS,aktywny,9,2375,2586,91.84%,https://www.sejm.gov.pl/Sejm10.nsf/GlosowaniaPoslaStat.xsp?nrLeg=432
433,Agata Wojtyszek,PiS,aktywny,33,2492,2586,96.37%,https://www.sejm.gov.pl/Sejm10.nsf/GlosowaniaPoslaStat.xsp?nrLeg=433
434,Bogusław Wołoszański,KO,aktywny,10,1764,2586,68.21%,https://www.sejm.gov.pl/Sejm10.nsf/GlosowaniaPoslaStat.xsp?nrLeg=434
435,Michał Woś,PiS,aktywny,30,2286,2586,88.40%,https://www.sejm.gov.pl/Sejm10.nsf/GlosowaniaPoslaStat.xsp?nrLeg=435
436,Grzegorz Woźniak,PiS,aktywny,18,2273,2586,87.90%,https://www.sejm.gov.pl/Sejm10.nsf/GlosowaniaPoslaStat.xsp?nrLeg=436
437,Tadeusz Woźniak,PiS,aktywny,11,2561,2586,99.03%,https://www.sejm.gov.pl/Sejm10.nsf/GlosowaniaPoslaStat.xsp?nrLeg=437
438,Michał Wójcik,PiS,aktywny,31,2538,2586,98.14%,https://www.sejm.gov.pl/Sejm10.nsf/GlosowaniaPoslaStat.xsp?nrLeg=438
439,Maciej Wróbel,KO,aktywny,35,2581,2586,99.81%,https://www.sejm.gov.pl/Sejm10.nsf/GlosowaniaPoslaStat.xsp?nrLeg=439
440,Bartłomiej Wróblewski,PiS,aktywny,39,2029,2586,78.46%,https://www.sejm.gov.pl/Sejm10.nsf/GlosowaniaPoslaStat.xsp?nrLeg=440
441,Paweł Zalewski,Polska2050-TD,aktywny,20,1962,2586,75.87%,https://www.sejm.gov.pl/Sejm10.nsf/GlosowaniaPoslaStat.xsp?nrLeg=441
442,Adrian Zandberg,Razem,aktywny,19,2476,2586,95.75%,https://www.sejm.gov.pl/Sejm10.nsf/GlosowaniaPoslaStat.xsp?nrLeg=442
443,Andrzej Tomasz Zapałowski,Konfederacja,aktywny,22,2492,2586,96.37%,https://www.sejm.gov.pl/Sejm10.nsf/GlosowaniaPoslaStat.xsp?nrLeg=443
444,Bartosz Zawieja,KO,aktywny,39,2580,2586,99.77%,https://www.sejm.gov.pl/Sejm10.nsf/GlosowaniaPoslaStat.xsp?nrLeg=444
445,Marcelina Zawisza,Razem,aktywny,21,2431,2586,94.01%,https://www.sejm.gov.pl/Sejm10.nsf/GlosowaniaPoslaStat.xsp?nrLeg=445
446,Sławomir Zawiślak,Konfederacja_KP,aktywny,7,2342,2586,90.56%,https://www.sejm.gov.pl/Sejm10.nsf/GlosowaniaPoslaStat.xsp?nrLeg=446
447,Bogdan Andrzej Zdrojewski,KO,wygasl,3,445,446,99.78%,https://www.sejm.gov.pl/Sejm10.nsf/GlosowaniaPoslaStat.xsp?nrLeg=447
448,Witold Zembaczyński,KO,aktywny,21,2576,2586,99.61%,https://www.sejm.gov.pl/Sejm10.nsf/GlosowaniaPoslaStat.xsp?nrLeg=448
449,Piotr Zgorzelski,PSL-TD,aktywny,16,2507,2586,96.95%,https://www.sejm.gov.pl/Sejm10.nsf/GlosowaniaPoslaStat.xsp?nrLeg=449
450,Zbigniew Ziejewski,PSL-TD,aktywny,34,2180,2586,84.30%,https://www.sejm.gov.pl/Sejm10.nsf/GlosowaniaPoslaStat.xsp?nrLeg=450
451,Urszula Sara Zielińska,KO,aktywny,19,2394,2586,92.58%,https://www.sejm.gov.pl/Sejm10.nsf/GlosowaniaPoslaStat.xsp?nrLeg=451
452,Jarosław Zieliński,PiS,aktywny,24,2568,2586,99.30%,https://www.sejm.gov.pl/Sejm10.nsf/GlosowaniaPoslaStat.xsp?nrLeg=452
453,Tomasz Zieliński,PiS,aktywny,7,2383,2586,92.15%,https://www.sejm.gov.pl/Sejm10.nsf/GlosowaniaPoslaStat.xsp?nrLeg=453
454,Jolanta Zięba-Gzik,PSL-TD,aktywny,11,2523,2586,97.56%,https://www.sejm.gov.pl/Sejm10.nsf/GlosowaniaPoslaStat.xsp?nrLeg=454
455,Tomasz Zimoch,niez.,aktywny,3,2547,2586,98.49%,https://www.sejm.gov.pl/Sejm10.nsf/GlosowaniaPoslaStat.xsp?nrLeg=455
456,Zbigniew Ziobro,PiS,aktywny,23,521,2586,20.15%,https://www.sejm.gov.pl/Sejm10.nsf/GlosowaniaPoslaStat.xsp?nrLeg=456
457,Wojciech Michał Zubowski,PiS,aktywny,1,2485,2586,96.09%,https://www.sejm.gov.pl/Sejm10.nsf/GlosowaniaPoslaStat.xsp?nrLeg=457
458,Ireneusz Zyska,PiS,aktywny,2,2533,2586,97.95%,https://www.sejm.gov.pl/Sejm10.nsf/GlosowaniaPoslaStat.xsp?nrLeg=458
459,Bożena Żelazowska,PSL-TD,aktywny,20,2549,2586,98.57%,https://www.sejm.gov.pl/Sejm10.nsf/GlosowaniaPoslaStat.xsp?nrLeg=459
460,Anna Maria Żukowska,Lewica,aktywny,19,2500,2586,96.67%,https://www.sejm.gov.pl/Sejm10.nsf/GlosowaniaPoslaStat.xsp?nrLeg=460
461,Anna Baluch,PiS,aktywny,6,2430,2479,98.02%,https://www.sejm.gov.pl/Sejm10.nsf/GlosowaniaPoslaStat.xsp?nrLeg=461
462,Magdalena Łośko,KO,aktywny,4,2390,2395,99.79%,https://www.sejm.gov.pl/Sejm10.nsf/GlosowaniaPoslaStat.xsp?nrLeg=462
463,Monika Pawłowska,PiS,aktywny,7,1847,2342,78.86%,https://www.sejm.gov.pl/Sejm10.nsf/GlosowaniaPoslaStat.xsp?nrLeg=463
464,Alicja Łuczak,KO,aktywny,36,2250,2256,99.73%,https://www.sejm.gov.pl/Sejm10.nsf/GlosowaniaPoslaStat.xsp?nrLeg=464
465,Dominik Jaśkowiec,KO,aktywny,13,2226,2233,99.69%,https://www.sejm.gov.pl/Sejm10.nsf/GlosowaniaPoslaStat.xsp?nrLeg=465
466,Paweł Masełko,KO,aktywny,21,2230,2233,99.87%,https://www.sejm.gov.pl/Sejm10.nsf/GlosowaniaPoslaStat.xsp?nrLeg=466
467,Katarzyna Stachowicz,KO,aktywny,32,2123,2175,97.61%,https://www.sejm.gov.pl/Sejm10.nsf/GlosowaniaPoslaStat.xsp?nrLeg=467
468,Lidia Czechak,PiS,aktywny,36,2083,2105,98.95%,https://www.sejm.gov.pl/Sejm10.nsf/GlosowaniaPoslaStat.xsp?nrLeg=468
469,Barbara Grygorcewicz,KO,aktywny,40,2099,2101,99.90%,https://www.sejm.gov.pl/Sejm10.nsf/GlosowaniaPoslaStat.xsp?nrLeg=469
470,Bożenna Hołownia,Polska2050-TD,aktywny,19,1735,2105,82.42%,https://www.sejm.gov.pl/Sejm10.nsf/GlosowaniaPoslaStat.xsp?nrLeg=470
471,Urszula Koszutska,KO,aktywny,31,2099,2105,99.71%,https://www.sejm.gov.pl/Sejm10.nsf/GlosowaniaPoslaStat.xsp?nrLeg=471
472,Piotr Kowal,Lewica,aktywny,5,2081,2105,98.86%,https://www.sejm.gov.pl/Sejm10.nsf/GlosowaniaPoslaStat.xsp?nrLeg=472
473,Michał Kowalski,PiS,aktywny,26,1870,2105,88.84%,https://www.sejm.gov.pl/Sejm10.nsf/GlosowaniaPoslaStat.xsp?nrLeg=473
474,Maria Joanna Koźlakiewicz,KO,aktywny,16,2089,2105,99.24%,https://www.sejm.gov.pl/Sejm10.nsf/GlosowaniaPoslaStat.xsp?nrLeg=474
475,Katarzyna Królak,KO,aktywny,34,2092,2105,99.38%,https://www.sejm.gov.pl/Sejm10.nsf/GlosowaniaPoslaStat.xsp?nrLeg=475
476,Wioletta Maria Kulpa,PiS,aktywny,16,2089,2101,99.43%,https://www.sejm.gov.pl/Sejm10.nsf/GlosowaniaPoslaStat.xsp?nrLeg=476
477,Grzegorz Macko,PiS,aktywny,2,1984,2105,94.25%,https://www.sejm.gov.pl/Sejm10.nsf/GlosowaniaPoslaStat.xsp?nrLeg=477
478,Jerzy Meysztowicz,KO,aktywny,13,2043,2105,97.05%,https://www.sejm.gov.pl/Sejm10.nsf/GlosowaniaPoslaStat.xsp?nrLeg=478
479,Krzysztof Mieszkowski,KO,aktywny,3,2097,2105,99.62%,https://www.sejm.gov.pl/Sejm10.nsf/GlosowaniaPoslaStat.xsp?nrLeg=479
480,Anna Paluch,PiS,aktywny,14,2071,2105,98.38%,https://www.sejm.gov.pl/Sejm10.nsf/GlosowaniaPoslaStat.xsp?nrLeg=480
481,Krzysztof Piątkowski,KO,aktywny,9,2046,2105,97.20%,https://www.sejm.gov.pl/Sejm10.nsf/GlosowaniaPoslaStat.xsp?nrLeg=481
482,Mariusz Popielarz,KO,aktywny,18,2098,2105,99.67%,https://www.sejm.gov.pl/Sejm10.nsf/GlosowaniaPoslaStat.xsp?nrLeg=482
483,Magdalena Roguska,KO,aktywny,19,2076,2105,98.62%,https://www.sejm.gov.pl/Sejm10.nsf/GlosowaniaPoslaStat.xsp?nrLeg=483
484,Marta Stożek,Razem,aktywny,3,2041,2105,96.96%,https://www.sejm.gov.pl/Sejm10.nsf/GlosowaniaPoslaStat.xsp?nrLeg=484
485,Krzysztof Szymański,Konfederacja,aktywny,26,2091,2105,99.33%,https://www.sejm.gov.pl/Sejm10.nsf/GlosowaniaPoslaStat.xsp?nrLeg=485
486,Włodzimierz Tomaszewski,PiS,aktywny,9,2083,2105,98.95%,https://www.sejm.gov.pl/Sejm10.nsf/GlosowaniaPoslaStat.xsp?nrLeg=486
487,Maciej Tomczykiewicz,KO,aktywny,27,1985,2105,94.30%,https://www.sejm.gov.pl/Sejm10.nsf/GlosowaniaPoslaStat.xsp?nrLeg=487
488,Jarosław Krajewski,PiS,aktywny,19,2084,2105,99.00%,https://www.sejm.gov.pl/Sejm10.nsf/GlosowaniaPoslaStat.xsp?nrLeg=488
489,Bożena Lisowska,KO,aktywny,6,2091,2105,99.33%,https://www.sejm.gov.pl/Sejm10.nsf/GlosowaniaPoslaStat.xsp?nrLeg=489
490,Michał Połuboczek,Konfederacja,aktywny,23,1965,2105,93.35%,https://www.sejm.gov.pl/Sejm10.nsf/GlosowaniaPoslaStat.xsp?nrLeg=490
491,Aleksandra Kot,KO,aktywny,13,2086,2101,99.29%,https://www.sejm.gov.pl/Sejm10.nsf/GlosowaniaPoslaStat.xsp?nrLeg=491
492,Rafał Romanowski,PiS,aktywny,16,1923,1969,97.66%,https://www.sejm.gov.pl/Sejm10.nsf/GlosowaniaPoslaStat.xsp?nrLeg=492
493,Henryk Smolarz,PSL-TD,aktywny,6,1722,1969,87.46%,https://www.sejm.gov.pl/Sejm10.nsf/GlosowaniaPoslaStat.xsp?nrLeg=493
494,Robert Jagła,KO,aktywny,2,1620,1649,98.24%,https://www.sejm.gov.pl/Sejm10.nsf/GlosowaniaPoslaStat.xsp?nrLeg=494
495,Michał Jach,PiS,aktywny,41,276,285,96.84%,https://www.sejm.gov.pl/Sejm10.nsf/GlosowaniaPoslaStat.xsp?nrLeg=495
496,Bogumiła Olbryś,PiS,aktywny,24,278,285,97.54%,https://www.sejm.gov.pl/Sejm10.nsf/GlosowaniaPoslaStat.xsp?nrLeg=496
497,Tomasz Rzymkowski,niez.,aktywny,11,231,285,81.05%,https://www.sejm.gov.pl/Sejm10.nsf/GlosowaniaPoslaStat.xsp?nrLeg=497
498,Marek Subocz,PiS,aktywny,40,281,285,98.60%,https://www.sejm.gov.pl/Sejm10.nsf/GlosowaniaPoslaStat.xsp?nrLeg=498
