mp_id,full_name,club,mandate_status,district_number,data,url
001,Andrzej Adamczyk,PiS,aktywny,13,,
002,Piotr Adamowicz,KO,aktywny,25,,
003,Adam Andruszkiewicz,PiS,wygasl,24,,
004,Waldemar Andzel,PiS,aktywny,32,2024-01-05,https://orka.sejm.gov.pl/rkor10.nsf/0/A62C64FDC44A7466C1258A9B005050E8/%24File/RK10.004.01.pdf
005,Dorota Arciszewska-Mielewczyk,PiS,aktywny,26,,
006,Jan Krzysztof Ardanowski,Republikanie,aktywny,5,,
007,Iwona Ewa Arent,PiS,aktywny,35,2024-01-05,https://orka.sejm.gov.pl/rkor10.nsf/0/7A07360567975B53C1258A9B005050F4/%24File/RK10.007.01.pdf
008,Bartosz Arłukowicz,KO,wygasl,40,2024-01-05,https://orka.sejm.gov.pl/rkor10.nsf/0/F1923963124DB520C1258A9B00505100/%24File/RK10.008.01.pdf
009,Marek Ast,PiS,aktywny,8,2024-01-09,https://orka.sejm.gov.pl/rkor10.nsf/0/C896FBFB02B2C12EC1258A9F0040F5BC/%24File/RK10.009.01.pdf
010,Urszula Augustyn,KO,aktywny,15,2024-01-09,https://orka.sejm.gov.pl/rkor10.nsf/0/8FDE3A340021603EC1258A9F0040F5CC/%24File/RK10.010.01.pdf
011,Piotr Babinetz,PiS,aktywny,22,2024-01-09,https://orka.sejm.gov.pl/rkor10.nsf/0/C1B616CF40523C65C1258A9F0040F5D8/%24File/RK10.011.01.pdf
011,Piotr Babinetz,PiS,aktywny,22,2024-10-22,https://orka.sejm.gov.pl/rkor10.nsf/0/9D8B6F0499BF5C20C1258BBE00386159/%24File/RK10.011.02.pdf
012,Ryszard Bartosik,PiS,aktywny,37,2024-01-09,https://orka.sejm.gov.pl/rkor10.nsf/0/45D33ADBD8F53625C1258A9F0040F5E2/%24File/RK10.012.01.pdf
013,Władysław Bartoszewski,PSL-TD,aktywny,19,2024-01-09,https://orka.sejm.gov.pl/rkor10.nsf/0/3B5A2B8F1DAFF345C1258A9F0040F5F0/%24File/RK10.013.01.pdf
013,Władysław Bartoszewski,PSL-TD,aktywny,19,2025-05-05,https://orka.sejm.gov.pl/rkor10.nsf/0/2CFBB0D9CB6CC5FCC1258C8100350CF7/%24File/RK10.013.02.pdf
014,Barbara Bartuś,PiS,aktywny,14,2025-10-08,https://orka.sejm.gov.pl/rkor10.nsf/0/788D5C1813BD929BC1258D1D00343579/%24File/RK10.014.01-h.pdf
015,Paweł Bejda,PSL-TD,aktywny,11,2024-01-09,https://orka.sejm.gov.pl/rkor10.nsf/0/ADCDA76B3D9D35B6C1258A9F0040F5FD/%24File/RK10.015.01.pdf
016,Konrad Berkowicz,Konfederacja,aktywny,13,,
017,Sylwia Bielawska,KO,aktywny,2,2024-12-19,https://orka.sejm.gov.pl/rkor10.nsf/0/9A34DB9FEA8D6C3AC1258BF800396161/%24File/RK10.017.01.pdf
017,Sylwia Bielawska,KO,aktywny,2,2025-02-07,https://orka.sejm.gov.pl/rkor10.nsf/0/23C6C49751F68432C1258C2A002FDE01/%24File/RK10.017.02.pdf
018,Marek Biernacki,PSL-TD,aktywny,26,,
019,Paweł Bliźniuk,KO,aktywny,9,2025-05-05,https://orka.sejm.gov.pl/rkor10.nsf/0/3C2EFE6E22ED2187C1258C8100350D05/%24File/RK10.019.01.pdf
020,Mariusz Błaszczak,PiS,aktywny,20,2025-05-14,https://orka.sejm.gov.pl/rkor10.nsf/0/41F8AA3B46E43BB7C1258C8A00392134/%24File/RK10.020.01.pdf
021,Mateusz Bochenek,KO,aktywny,32,,
022,Rafał Bochenek,PiS,aktywny,12,2024-10-01,https://orka.sejm.gov.pl/rkor10.nsf/0/3F867B29C85758F1C1258BA9004B368B/%24File/RK10.022.01.pdf
022,Rafał Bochenek,PiS,aktywny,12,2025-02-26,https://orka.sejm.gov.pl/rkor10.nsf/0/9E26E351C969A10EC1258C3D003BD4B1/%24File/RK10.022.02.pdf
023,Izabela Bodnar,niez.,aktywny,3,2024-01-09,https://orka.sejm.gov.pl/rkor10.nsf/0/098C24A65AF25440C1258A9F0040F609/%24File/RK10.023.01.pdf
023,Izabela Bodnar,niez.,aktywny,3,2025-01-24,https://orka.sejm.gov.pl/rkor10.nsf/0/C59BD33B3DEA8864C1258C1C0039F966/%24File/RK10.023.02.pdf
024,Jacek Bogucki,PiS,aktywny,24,,
025,Zbigniew Bogucki,PiS,wygasl,41,2025-05-21,https://orka.sejm.gov.pl/rkor10.nsf/0/9333281CF9313162C1258C910035955C/%24File/RK10.025.01.pdf
026,Krzysztof Bojarski,KO,aktywny,6,2024-01-09,https://orka.sejm.gov.pl/rkor10.nsf/0/4CCB7E92C2122F42C1258A9F0040F618/%24File/RK10.026.01.pdf
027,Joanna Borowiak,PiS,aktywny,5,2024-01-09,https://orka.sejm.gov.pl/rkor10.nsf/0/821521417A91688CC1258A9F0040F625/%24File/RK10.027.01.pdf
027,Joanna Borowiak,PiS,aktywny,5,2024-04-12,https://orka.sejm.gov.pl/rkor10.nsf/0/C5775FDCDA31AB85C1258AFD003346FA/%24File/RK10.027.02.pdf
027,Joanna Borowiak,PiS,aktywny,5,2024-10-10,https://orka.sejm.gov.pl/rkor10.nsf/0/0F418F71827362FFC1258BB2003B32C8/%24File/RK10.027.03.pdf
028,Kamil Bortniczuk,PiS,aktywny,16,,
029,Piotr Borys,KO,aktywny,1,2024-01-09,https://orka.sejm.gov.pl/rkor10.nsf/0/048A7A31772F5055C1258A9F0040F632/%24File/RK10.029.01.pdf
030,Bożena Borys-Szopa,PiS,aktywny,29,2024-01-09,https://orka.sejm.gov.pl/rkor10.nsf/0/37FAD3ABAA7B4BA8C1258A9F0040F649/%24File/RK10.030.01.pdf
031,Marcin Bosacki,KO,aktywny,39,,
032,Karina Anna Bosak,Konfederacja,aktywny,20,,
033,Krzysztof Bosak,Konfederacja,aktywny,24,2024-01-09,https://orka.sejm.gov.pl/rkor10.nsf/0/02002369F8079568C1258A9F0040F656/%24File/RK10.033.01.pdf
034,Grzegorz Braun,Konfederacja,wygasl,23,2024-01-09,https://orka.sejm.gov.pl/rkor10.nsf/0/2B9C256CE90B3F92C1258A9F0040F662/%24File/RK10.034.01.pdf
035,Krzysztof Brejza,KO,wygasl,4,,
036,Agnieszka Buczyńska,Polska2050-TD,aktywny,25,,
037,Waldemar Buda,PiS,wygasl,9,2024-01-09,https://orka.sejm.gov.pl/rkor10.nsf/0/7508D788D77280F8C1258A9F0040F677/%24File/RK10.037.01.pdf
038,Borys Budka,KO,wygasl,31,2024-01-09,https://orka.sejm.gov.pl/rkor10.nsf/0/8F22862C03E1D1EDC1258A9F0040F689/%24File/RK10.038.01.pdf
039,Elżbieta Burkiewicz,Polska2050-TD,aktywny,23,2024-01-09,https://orka.sejm.gov.pl/rkor10.nsf/0/8A45BD180616434FC1258A9F0040F694/%24File/RK10.039.01.pdf
040,Lidia Burzyńska,PiS,aktywny,28,,
041,Marek Jan Chmielewski,KO,aktywny,2,2024-01-09,https://orka.sejm.gov.pl/rkor10.nsf/0/EF605A1C3D3F63D7C1258A9F0040F69F/%24File/RK10.041.01.pdf
041,Marek Jan Chmielewski,KO,aktywny,2,2025-07-23,https://orka.sejm.gov.pl/rkor10.nsf/0/E965D38F1D71A6BFC1258CD000528EF9/%24File/RK10.041.02.pdf
042,Zbigniew Chmielowiec,PiS,aktywny,23,2024-01-09,https://orka.sejm.gov.pl/rkor10.nsf/0/A131E21B5AEC722FC1258A9F0040F6AC/%24File/RK10.042.01.pdf
043,Artur Chojecki,PiS,aktywny,35,2024-01-09,https://orka.sejm.gov.pl/rkor10.nsf/0/2066FE03B5C07DD8C1258A9F0040F6B8/%24File/RK10.043.01.pdf
044,Kazimierz Bogusław Choma,PiS,aktywny,6,2024-01-09,https://orka.sejm.gov.pl/rkor10.nsf/0/D822C2743E0323A7C1258A9F0040F6C3/%24File/RK10.044.01.pdf
045,Dominika Chorosińska,PiS,aktywny,20,,
046,Tadeusz Chrzan,PiS,aktywny,22,2024-01-09,https://orka.sejm.gov.pl/rkor10.nsf/0/ADA94C35BAB10D77C1258A9F0040F6CE/%24File/RK10.046.01.pdf
047,Alicja Chybicka,KO,aktywny,3,2024-01-09,https://orka.sejm.gov.pl/rkor10.nsf/0/DBCF8519D858503AC1258A9F0040F6D8/%24File/RK10.047.01.pdf
048,Anna Ewa Cicholska,PiS,aktywny,16,2024-01-09,https://orka.sejm.gov.pl/rkor10.nsf/0/CF2C604A96707014C1258A9F0040F6E4/%24File/RK10.048.01.pdf
049,Janusz Cichoń,KO,aktywny,35,2024-01-09,https://orka.sejm.gov.pl/rkor10.nsf/0/239B5235627F3DBDC1258A9F0040F6F2/%24File/RK10.049.01.pdf
050,Krzysztof Ciecióra,PiS,aktywny,10,2024-01-09,https://orka.sejm.gov.pl/rkor10.nsf/0/E255EC5A0E67C2B9C1258A9F0040F6FC/%24File/RK10.050.01.pdf
050,Krzysztof Ciecióra,PiS,aktywny,10,2024-11-06,https://orka.sejm.gov.pl/rkor10.nsf/0/A8D96DF5D96903D7C1258BCD004C1983/%24File/RK10.050.02.pdf
051,Janusz Cieszyński,PiS,aktywny,35,,
052,Michał Cieślak,PiS,aktywny,33,2024-01-09,https://orka.sejm.gov.pl/rkor10.nsf/0/937D2E680F4E14BEC1258A9F0040F70A/%24File/RK10.052.01.pdf
053,Żaneta Cwalina-Śliwowska,Polska2050-TD,aktywny,18,2024-01-09,https://orka.sejm.gov.pl/rkor10.nsf/0/7909C1E8DA9F03BAC1258A9F0040F716/%24File/RK10.053.01.pdf
054,Krzysztof Czarnecki,PiS,aktywny,38,2024-01-09,https://orka.sejm.gov.pl/rkor10.nsf/0/7A800A6846A34209C1258A9F0040F721/%24File/RK10.054.01.pdf
055,Witold Wojciech Czarnecki,PiS,aktywny,37,,
056,Przemysław Czarnek,PiS,aktywny,6,2024-01-09,https://orka.sejm.gov.pl/rkor10.nsf/0/179A69CC668C8D98C1258A9F0040F72D/%24File/RK10.056.01.pdf
057,Arkadiusz Czartoryski,PiS,aktywny,18,2024-01-09,https://orka.sejm.gov.pl/rkor10.nsf/0/FBB1C90365ED4B6EC1258A9F0040F73A/%24File/RK10.057.01.pdf
058,Włodzimierz Czarzasty,Lewica,aktywny,32,2024-01-09,https://orka.sejm.gov.pl/rkor10.nsf/0/DA101E82C65A7100C1258A9F0040F746/%24File/RK10.058.01.pdf
058,Włodzimierz Czarzasty,Lewica,aktywny,32,2024-09-11,https://orka.sejm.gov.pl/rkor10.nsf/0/C61086BF343E6807C1258B950030A09A/%24File/RK10.058.02.pdf
059,Jacek Czerniak,Lewica,aktywny,6,2024-01-09,https://orka.sejm.gov.pl/rkor10.nsf/0/F3EE8CC13A570D7FC1258A9F0040F752/%24File/RK10.059.01.pdf
060,Zofia Czernow,KO,aktywny,1,,
061,Anita Czerwińska,PiS,aktywny,20,2024-01-09,https://orka.sejm.gov.pl/rkor10.nsf/0/9046F40CEC51C119C1258A9F0040F75F/%24File/RK10.061.01.pdf
062,Katarzyna Czochara,PiS,aktywny,21,,
063,Sławomir Ćwik,Polska2050-TD,aktywny,7,2024-01-09,https://orka.sejm.gov.pl/rkor10.nsf/0/F3098821D60D5C4AC1258A9F0040F76B/%24File/RK10.063.01.pdf
064,Władysław Dajczak,PiS,aktywny,8,2024-01-09,https://orka.sejm.gov.pl/rkor10.nsf/0/743D0CCF15AABBECC1258A9F0040F777/%24File/RK10.064.01.pdf
065,Anna Dąbrowska-Banaszek,PiS,aktywny,7,,
066,Zbigniew Dolata,PiS,aktywny,37,2024-01-09,https://orka.sejm.gov.pl/rkor10.nsf/0/EFFCD41577115472C1258A9F0040F784/%24File/RK10.066.01.pdf
067,Barbara Dolniak,KO,aktywny,32,2024-01-09,https://orka.sejm.gov.pl/rkor10.nsf/0/46C96DB72D91DD30C1258A9F0040F78E/%24File/RK10.067.01.pdf
068,Andrzej Domański,KO,aktywny,19,,
069,Bartłomiej Dorywalski,PiS,aktywny,33,2024-01-09,https://orka.sejm.gov.pl/rkor10.nsf/0/1354FE21D43BC12DC1258A9F0040F799/%24File/RK10.069.01.pdf
070,Robert Dowhan,KO,aktywny,8,2024-01-09,https://orka.sejm.gov.pl/rkor10.nsf/0/3392ACBBF885DDD4C1258A9F0040F7A4/%24File/RK10.070.01.pdf
071,Przemysław Drabek,PiS,aktywny,27,2024-01-09,https://orka.sejm.gov.pl/rkor10.nsf/0/0DA8C1A36DBEFB9AC1258A9F0040F7B0/%24File/RK10.071.01.pdf
072,Elżbieta Duda,PiS,aktywny,13,2024-01-09,https://orka.sejm.gov.pl/rkor10.nsf/0/FF5EDF4EC1025A2DC1258A9F0040F7BC/%24File/RK10.072.01.pdf
073,Michał Paweł Dworczyk,PiS,wygasl,2,2024-01-09,https://orka.sejm.gov.pl/rkor10.nsf/0/2B487F45C4EE2B4EC1258A9F0040F7D0/%24File/RK10.073.01.pdf
074,Adam Dziedzic,PSL-TD,aktywny,23,2024-01-09,https://orka.sejm.gov.pl/rkor10.nsf/0/DEFD27C462C83309C1258A9F0040F7E3/%24File/RK10.074.01.pdf
075,Jan Michał Dziedziczak,PiS,aktywny,36,2024-01-09,https://orka.sejm.gov.pl/rkor10.nsf/0/A2600EB829913A7DC1258A9F0040F7F2/%24File/RK10.075.01.pdf
076,Agnieszka Dziemianowicz-Bąk,Lewica,aktywny,26,,
077,Magdalena Filiks,KO,aktywny,41,,
078,Magdalena Filipek-Sobczak,PiS,aktywny,6,2024-01-09,https://orka.sejm.gov.pl/rkor10.nsf/0/E3C8ECCA3F9076B6C1258A9F0040F7FF/%24File/RK10.078.01.pdf
079,Radosław Fogiel,PiS,aktywny,17,2024-01-09,https://orka.sejm.gov.pl/rkor10.nsf/0/F9D9FB2A60529B81C1258A9F0040F80D/%24File/RK10.079.01.pdf
080,Bronisław Foltyn,Konfederacja,aktywny,27,2024-01-09,https://orka.sejm.gov.pl/rkor10.nsf/0/F8B6C1D68611E094C1258A9F0040F81A/%24File/RK10.080.01.pdf
081,Roman Fritz,Konfederacja_KP,aktywny,30,2024-01-09,https://orka.sejm.gov.pl/rkor10.nsf/0/7B22FA52EA0B7BE9C1258A9F0040F826/%24File/RK10.081.01.pdf
082,Joanna Frydrych,KO,aktywny,22,2024-01-09,https://orka.sejm.gov.pl/rkor10.nsf/0/F5DD805F0B31D247C1258A9F0040F831/%24File/RK10.082.01.pdf
083,Konrad Frysztak,KO,aktywny,17,2024-01-09,https://orka.sejm.gov.pl/rkor10.nsf/0/A56307B41990FD24C1258A9F0040F83C/%24File/RK10.083.01.pdf
083,Konrad Frysztak,KO,aktywny,17,2025-01-24,https://orka.sejm.gov.pl/rkor10.nsf/0/9E4B50F1B79FEF43C1258C1C0039F974/%24File/RK10.083.02.pdf
084,Patryk Gabriel,KO,aktywny,25,2024-01-09,https://orka.sejm.gov.pl/rkor10.nsf/0/8723BA5BEAFEE169C1258A9F0040F847/%24File/RK10.084.01.pdf
085,Krzysztof Gadowski,KO,aktywny,30,2024-01-09,https://orka.sejm.gov.pl/rkor10.nsf/0/BA7238C9199E5769C1258A9F0040F854/%24File/RK10.085.01.pdf
086,Aleksandra Gajewska,KO,aktywny,19,2024-01-09,https://orka.sejm.gov.pl/rkor10.nsf/0/0A0C815B7755307EC1258A9F0040F860/%24File/RK10.086.01.pdf
087,Kinga Gajewska,KO,aktywny,20,2024-10-08,https://orka.sejm.gov.pl/rkor10.nsf/0/BEEFE60F7592687AC1258BB000360FDA/%24File/RK10.087.01.pdf
088,Elżbieta Gapińska,KO,aktywny,16,,
089,Kamila Gasiuk-Pihowicz,KO,wygasl,18,2024-01-11,https://orka.sejm.gov.pl/rkor10.nsf/0/51B53A721CA393AAC1258AA1003C2DDB/%24File/RK10.089.01.pdf
090,Krzysztof Gawkowski,Lewica,aktywny,4,2023-12-01,https://orka.sejm.gov.pl/rkor10.nsf/0/786FE3879A60612CC1258A78003A325F/%24File/RK10.090.01.pdf
090,Krzysztof Gawkowski,Lewica,aktywny,4,2024-10-18,https://orka.sejm.gov.pl/rkor10.nsf/0/1339521393C3AF51C1258BBA004AFAED/%24File/RK10.090.02.pdf
090,Krzysztof Gawkowski,Lewica,aktywny,4,2024-11-14,https://orka.sejm.gov.pl/rkor10.nsf/0/0D5462E714748039C1258BD5003A7D4A/%24File/RK10.090.03.pdf
090,Krzysztof Gawkowski,Lewica,aktywny,4,2024-12-23,https://orka.sejm.gov.pl/rkor10.nsf/0/13D4C5B08CF37DE7C1258BFC004787FE/%24File/RK10.090.04.pdf
090,Krzysztof Gawkowski,Lewica,aktywny,4,2025-01-29,https://orka.sejm.gov.pl/rkor10.nsf/0/90C792895B5022C6C1258C21003CF4C2/%24File/RK10.090.05.pdf
090,Krzysztof Gawkowski,Lewica,aktywny,4,2025-10-08,https://orka.sejm.gov.pl/rkor10.nsf/0/3757F62E8CA366F1C1258D1D00343590/%24File/RK10.090.06-h.pdf
091,Zdzisław Gawlik,KO,aktywny,23,,
092,Andrzej Gawron,PiS,aktywny,28,2024-01-09,https://orka.sejm.gov.pl/rkor10.nsf/0/4EF6D4A892FD46CEC1258A9F0040F86C/%24File/RK10.092.01.pdf
093,Grzegorz Gaża,PiS,aktywny,27,2024-01-09,https://orka.sejm.gov.pl/rkor10.nsf/0/B6B583EB3211C18BC1258A9F0040F877/%24File/RK10.093.01.pdf
094,Elżbieta Gelert,KO,aktywny,34,2024-01-09,https://orka.sejm.gov.pl/rkor10.nsf/0/FF952C375C0E5E46C1258A9F0040F883/%24File/RK10.094.01.pdf
095,Anna Gembicka,PiS,aktywny,5,2024-01-09,https://orka.sejm.gov.pl/rkor10.nsf/0/A3DE71C9C7A08CEFC1258A9F0040F88F/%24File/RK10.095.01.pdf
095,Anna Gembicka,PiS,aktywny,5,2025-05-05,https://orka.sejm.gov.pl/rkor10.nsf/0/5A1F7C06096BF2EFC1258C8100350D0F/%24File/RK10.095.02.pdf
096,Artur Daniel Gierada,KO,aktywny,33,2024-01-09,https://orka.sejm.gov.pl/rkor10.nsf/0/953AB902F3D3B0EEC1258A9F0040F89C/%24File/RK10.096.01.pdf
097,Roman Giertych,KO,aktywny,33,2024-01-09,https://orka.sejm.gov.pl/rkor10.nsf/0/5FEDA3B6B550C35EC1258A9F0040F8A8/%24File/RK10.097.01.pdf
098,Włodzisław Giziński,KO,aktywny,4,2024-01-09,https://orka.sejm.gov.pl/rkor10.nsf/0/5D28456EF9EFE703C1258A9F0040F8B5/%24File/RK10.098.01.pdf
099,Szymon Giżyński,PiS,aktywny,28,2024-01-09,https://orka.sejm.gov.pl/rkor10.nsf/0/054FEF129EF4A925C1258A9F0040F8C1/%24File/RK10.099.01.pdf
100,Piotr Gliński,PiS,aktywny,19,2024-01-09,https://orka.sejm.gov.pl/rkor10.nsf/0/B9D5FBEE0CFBC9D5C1258A9F0040F8CD/%24File/RK10.100.01.pdf
101,Tomasz Głogowski,KO,aktywny,29,,
102,Piotr Głowski,KO,aktywny,38,2024-01-09,https://orka.sejm.gov.pl/rkor10.nsf/0/AA4663A367A97DB5C1258A9F0040F8DB/%24File/RK10.102.01.pdf
103,Marta Golbik,KO,aktywny,29,2024-12-19,https://orka.sejm.gov.pl/rkor10.nsf/0/DF14FF168DD3CDE1C1258BF800396167/%24File/RK10.103.01.pdf
104,Małgorzata Golińska,PiS,aktywny,40,,
105,Kazimierz Gołojuch,PiS,aktywny,23,,
106,Adam Gomoła,niez.,aktywny,21,2024-01-09,https://orka.sejm.gov.pl/rkor10.nsf/0/D291D1509DE22CDAC1258A9F0040F8F2/%24File/RK10.106.01.pdf
106,Adam Gomoła,niez.,aktywny,21,2024-04-29,https://orka.sejm.gov.pl/rkor10.nsf/0/3FF562CD21C88BC5C1258B0E0034C5C6/%24File/RK10.106.02.pdf
107,Robert Gontarz,PiS,aktywny,34,2024-01-09,https://orka.sejm.gov.pl/rkor10.nsf/0/FE74E6E4C1EFF123C1258A9F0040F8FF/%24File/RK10.107.01.pdf
108,Stanisław Gorczyca,KO,aktywny,34,2024-01-09,https://orka.sejm.gov.pl/rkor10.nsf/0/7968ED64ECB5FE9BC1258A9F0040F90C/%24File/RK10.108.01.pdf
109,Mariusz Gosek,PiS,aktywny,33,2024-01-09,https://orka.sejm.gov.pl/rkor10.nsf/0/DE176BD458C370FAC1258A9F0040F917/%24File/RK10.109.01.pdf
110,Daria Gosek-Popiołek,Lewica,aktywny,13,,
111,Małgorzata Gosiewska,PiS,wygasl,19,,
112,Piotr Górnikiewicz,Polska2050-TD,aktywny,15,2024-01-09,https://orka.sejm.gov.pl/rkor10.nsf/0/AD3F660C1385C91DC1258A9F0040F956/%24File/RK10.112.01.pdf
113,Agnieszka Górska,PiS,aktywny,17,2024-01-09,https://orka.sejm.gov.pl/rkor10.nsf/0/C35B602D7A917C73C1258A9F0040F960/%24File/RK10.113.01.pdf
114,Krzysztof Grabczuk,KO,aktywny,7,2024-01-09,https://orka.sejm.gov.pl/rkor10.nsf/0/A53DCF52A1D44229C1258A9F0040F96B/%24File/RK10.114.01.pdf
115,Jan Grabiec,KO,aktywny,20,2024-01-09,https://orka.sejm.gov.pl/rkor10.nsf/0/87F9A4179879DB1BC1258A9F0040F978/%24File/RK10.115.01.pdf
116,Marcin Grabowski,PiS,aktywny,18,2024-01-09,https://orka.sejm.gov.pl/rkor10.nsf/0/320E7EF6BD8FC875C1258A9F0040F985/%24File/RK10.116.01.pdf
117,Michał Gramatyka,Polska2050-TD,aktywny,31,,
118,Małgorzata Gromadzka,KO,aktywny,7,2024-01-09,https://orka.sejm.gov.pl/rkor10.nsf/0/07A494EDD363B339C1258A9F0040F995/%24File/RK10.118.01.pdf
118,Małgorzata Gromadzka,KO,aktywny,7,2024-11-06,https://orka.sejm.gov.pl/rkor10.nsf/0/C4CEBD98FE0BA55CC1258BCD004C198E/%24File/RK10.118.02.pdf
118,Małgorzata Gromadzka,KO,aktywny,7,2025-05-12,https://orka.sejm.gov.pl/rkor10.nsf/0/ABAD8B4A112C0965C1258C88003860C8/%24File/RK10.118.03.pdf
119,Marek Gróbarczyk,PiS,aktywny,41,2024-01-09,https://orka.sejm.gov.pl/rkor10.nsf/0/76B7DF1FB120FD60C1258A9F0040F9A1/%24File/RK10.119.01.pdf
120,Andrzej Grzyb,PSL-TD,aktywny,36,2024-01-09,https://orka.sejm.gov.pl/rkor10.nsf/0/179B0AEFE1EAFA64C1258A9F0040F9AD/%24File/RK10.120.01.pdf
121,Andrzej Gut-Mostowy,PiS,aktywny,14,2024-01-09,https://orka.sejm.gov.pl/rkor10.nsf/0/492B5F77F015E8A1C1258A9F0040F9B8/%24File/RK10.121.01.pdf
122,Kazimierz Gwiazdowski,PiS,aktywny,24,2024-01-09,https://orka.sejm.gov.pl/rkor10.nsf/0/42F94EC55EA7C399C1258A9F0040F9C5/%24File/RK10.122.01.pdf
123,Marcin Gwóźdź,PiS,aktywny,2,2024-01-09,https://orka.sejm.gov.pl/rkor10.nsf/0/310532875DA90E19C1258A9F0040F9D1/%24File/RK10.123.01.pdf
124,Marek Gzik,KO,aktywny,29,2024-01-09,https://orka.sejm.gov.pl/rkor10.nsf/0/08678F48745BA6AAC1258A9F0040F9DE/%24File/RK10.124.01.pdf
125,Krzysztof Habura,KO,aktywny,11,2024-01-09,https://orka.sejm.gov.pl/rkor10.nsf/0/BC36274B793C4342C1258A9F0040F9EB/%24File/RK10.125.01.pdf
126,Agnieszka Hanajczyk,KO,aktywny,11,,
127,Iwona Hartwich,KO,aktywny,5,2024-01-09,https://orka.sejm.gov.pl/rkor10.nsf/0/FABE61C74A7C472DC1258A9F0040FA00/%24File/RK10.127.01.pdf
128,Paulina Hennig-Kloska,Polska2050-TD,aktywny,37,2024-01-09,https://orka.sejm.gov.pl/rkor10.nsf/0/72D1F3FF5EE37C24C1258A9F0040FA0E/%24File/RK10.128.01.pdf
128,Paulina Hennig-Kloska,Polska2050-TD,aktywny,37,2024-04-29,https://orka.sejm.gov.pl/rkor10.nsf/0/7866C80FDAA1077EC1258B0E0034C5D1/%24File/RK10.128.02.pdf
129,Krzysztof Hetman,PSL-TD,wygasl,6,,
130,Czesław Hoc,PiS,aktywny,40,2024-01-09,https://orka.sejm.gov.pl/rkor10.nsf/0/8A20B42DC49E76C0C1258A9F0040FA20/%24File/RK10.130.01.pdf
131,Zbigniew Hoffmann,PiS,aktywny,37,,
132,Marek Tomasz Hok,KO,aktywny,40,,
133,Szymon Hołownia,Polska2050-TD,aktywny,24,2024-04-12,https://orka.sejm.gov.pl/rkor10.nsf/0/48B6583505095A83C1258AFD0033470B/%24File/RK10.133.01.pdf
134,Marcin Horała,PiS,aktywny,26,2024-01-09,https://orka.sejm.gov.pl/rkor10.nsf/0/60D0539D1A49E8E8C1258A9F0040FA2B/%24File/RK10.134.01.pdf
134,Marcin Horała,PiS,aktywny,26,2025-04-24,https://orka.sejm.gov.pl/rkor10.nsf/0/7D6F4B29EA1CCA4CC1258C76003188C6/%24File/RK10.134.02.pdf
135,Łukasz Horbatowski,KO,aktywny,1,2024-01-09,https://orka.sejm.gov.pl/rkor10.nsf/0/B6E8ABF4757E1B62C1258A9F0040FA38/%24File/RK10.135.01.pdf
135,Łukasz Horbatowski,KO,aktywny,1,2025-07-23,https://orka.sejm.gov.pl/rkor10.nsf/0/7D175906CEA5A641C1258CD000528F12/%24File/RK10.135.02.pdf
136,Paweł Hreniak,PiS,aktywny,3,2024-01-09,https://orka.sejm.gov.pl/rkor10.nsf/0/DFE842E235884534C1258A9F0040FA42/%24File/RK10.136.01.pdf
137,Paweł Jabłoński,PiS,aktywny,30,2025-01-08,https://orka.sejm.gov.pl/rkor10.nsf/0/6ACAF0A57FC97C4FC1258C0C0041DC16/%24File/RK10.137.01.pdf
138,Klaudia Jachira,KO,aktywny,19,2024-01-09,https://orka.sejm.gov.pl/rkor10.nsf/0/0806B943F9AAB489C1258A9F0040FA4D/%24File/RK10.138.01.pdf
138,Klaudia Jachira,KO,aktywny,19,2025-10-09,https://orka.sejm.gov.pl/rkor10.nsf/0/CE582A891EA5723FC1258D1E0037012B/%24File/RK10.138.02.pdf
139,Marek Jakubiak,Republikanie,aktywny,19,,
140,Maria Małgorzata Janyska,KO,aktywny,38,,
141,Michał Jaros,KO,aktywny,3,2024-02-13,https://orka.sejm.gov.pl/rkor10.nsf/0/3A9B1C03FECC9915C1258AC200396E91/%24File/RK10.141.01.pdf
142,Patryk Jaskulski,KO,aktywny,41,2024-01-09,https://orka.sejm.gov.pl/rkor10.nsf/0/E4838D6DEA40563EC1258A9F0040FA58/%24File/RK10.142.01.pdf
143,Danuta Jazłowiecka,KO,aktywny,21,2024-01-09,https://orka.sejm.gov.pl/rkor10.nsf/0/EB5F6E13A1C3F77AC1258A9F0040FA65/%24File/RK10.143.01.pdf
144,Dariusz Joński,KO,wygasl,9,2024-01-09,https://orka.sejm.gov.pl/rkor10.nsf/0/7B443DC7EBE38FEAC1258A9F0040FA72/%24File/RK10.144.01.pdf
145,Marcin Józefaciuk,KO,aktywny,9,2024-01-09,https://orka.sejm.gov.pl/rkor10.nsf/0/08E4C43BEE5CF03EC1258A9F0040FA7E/%24File/RK10.145.01.pdf
146,Norbert Jakub Kaczmarczyk,PiS,aktywny,15,2024-01-09,https://orka.sejm.gov.pl/rkor10.nsf/0/F66085E9426ABA89C1258A9F0040FA89/%24File/RK10.146.01.pdf
146,Norbert Jakub Kaczmarczyk,PiS,aktywny,15,2024-04-09,https://orka.sejm.gov.pl/rkor10.nsf/0/48C1AABAA148D07CC1258AFA00441D9D/%24File/RK10.146.02.pdf
146,Norbert Jakub Kaczmarczyk,PiS,aktywny,15,2024-07-15,https://orka.sejm.gov.pl/rkor10.nsf/0/9820C09FE57C23A9C1258B5B0043D6BB/%24File/RK10.146.03.pdf
146,Norbert Jakub Kaczmarczyk,PiS,aktywny,15,2024-11-07,https://orka.sejm.gov.pl/rkor10.nsf/0/BB6314FB36676116C1258BCE0038E8E7/%24File/RK10.146.04.pdf
146,Norbert Jakub Kaczmarczyk,PiS,aktywny,15,2025-01-24,https://orka.sejm.gov.pl/rkor10.nsf/0/9615CB1E4C3B3B33C1258C1C004FCDE3/%24File/RK10.146.05.pdf
146,Norbert Jakub Kaczmarczyk,PiS,aktywny,15,2025-06-05,https://orka.sejm.gov.pl/rkor10.nsf/0/6059F4B1C2CCA135C1258CA0002A53FE/%24File/RK10.146.06.pdf
147,Filip Kaczyński,PiS,aktywny,12,2024-01-09,https://orka.sejm.gov.pl/rkor10.nsf/0/82EBE54E71EB2713C1258A9F0040FA96/%24File/RK10.147.01.pdf
148,Jarosław Kaczyński,PiS,aktywny,33,,
149,Piotr Kaleta,PiS,aktywny,36,,
150,Sebastian Kaleta,PiS,aktywny,19,2024-01-18,https://orka.sejm.gov.pl/rkor10.nsf/0/C706DEA6C8336792C1258AA800341785/%24File/RK10.150.01.pdf
151,Mariusz Kałużny,PiS,aktywny,5,2024-11-22,https://orka.sejm.gov.pl/rkor10.nsf/0/C2BC672DBA60A2BFC1258BDD0046DBAB/%24File/RK10.151.01.pdf
152,Mariusz Kamiński,PiS,wygasl,7,2024-01-09,https://orka.sejm.gov.pl/rkor10.nsf/0/1D220CE49FE1584FC1258A9F0040FAA2/%24File/RK10.152.01.pdf
153,Piotr Kandyba,KO,aktywny,20,2024-01-09,https://orka.sejm.gov.pl/rkor10.nsf/0/DE801CD369F76B28C1258A9F0040FAB1/%24File/RK10.153.01.pdf
154,Jan Kanthak,PiS,aktywny,6,2024-01-09,https://orka.sejm.gov.pl/rkor10.nsf/0/D8FB37987AD4B1CAC1258A9F0040FABF/%24File/RK10.154.01.pdf
155,Fryderyk Sylwester Kapinos,PiS,aktywny,23,,
156,Jacek Karnowski,KO,aktywny,25,2024-01-09,https://orka.sejm.gov.pl/rkor10.nsf/0/523BC586BD4407BAC1258A9F0040FACA/%24File/RK10.156.01.pdf
157,Iwona Karolewska,KO,aktywny,4,2024-01-09,https://orka.sejm.gov.pl/rkor10.nsf/0/4D686CEBCF41622AC1258A9F0040FAD6/%24File/RK10.157.01.pdf
158,Rafał Kasprzyk,Polska2050-TD,aktywny,33,2024-01-09,https://orka.sejm.gov.pl/rkor10.nsf/0/BE06488E558C2105C1258A9F0040FAE2/%24File/RK10.158.01.pdf
159,Henryk Kiepura,PSL-TD,aktywny,28,2024-01-09,https://orka.sejm.gov.pl/rkor10.nsf/0/1DF9AACBE0827B38C1258A9F0040FAED/%24File/RK10.159.01.pdf
160,Marcin Kierwiński,KO,wygasl,16,2024-01-09,https://orka.sejm.gov.pl/rkor10.nsf/0/F7B2EE983348CF61C1258A9F0040FAF8/%24File/RK10.160.01.pdf
161,Katarzyna Kierzek-Koperska,KO,aktywny,39,2024-01-09,https://orka.sejm.gov.pl/rkor10.nsf/0/38289F8B54D795A4C1258A9F0040FB03/%24File/RK10.161.01.pdf
162,Dariusz Klimczak,PSL-TD,aktywny,10,2024-01-09,https://orka.sejm.gov.pl/rkor10.nsf/0/46957D2104CEC09DC1258A9F0040FB0E/%24File/RK10.162.01.pdf
162,Dariusz Klimczak,PSL-TD,aktywny,10,2025-05-12,https://orka.sejm.gov.pl/rkor10.nsf/0/5D0483C9B8D9046CC1258C88003860D7/%24File/RK10.162.02.pdf
162,Dariusz Klimczak,PSL-TD,aktywny,10,2025-09-29,https://orka.sejm.gov.pl/rkor10.nsf/0/EB7FA668E07E8893C1258D14003ADD08/%24File/RK10.162.03.pdf
163,Joanna Kluzik-Rostkowska,KO,aktywny,17,2024-01-09,https://orka.sejm.gov.pl/rkor10.nsf/0/9B8C5208138CA6D5C1258A9F0040FB19/%24File/RK10.163.01.pdf
164,Agnieszka Maria Kłopotek,PSL-TD,aktywny,4,2024-01-09,https://orka.sejm.gov.pl/rkor10.nsf/0/9F5C561842C778C5C1258A9F0040FB23/%24File/RK10.164.01.pdf
165,Łukasz Kmita,PiS,aktywny,12,2024-01-09,https://orka.sejm.gov.pl/rkor10.nsf/0/C014778F0C087106C1258A9F0040FB2F/%24File/RK10.165.01.pdf
166,Michał Kobosko,Polska2050-TD,wygasl,19,2024-01-09,https://orka.sejm.gov.pl/rkor10.nsf/0/B3D182447A6AC416C1258A9F0040FB3A/%24File/RK10.166.01.pdf
167,Maria Koc,PiS,aktywny,18,,
168,Ewa Kołodziej,KO,aktywny,31,2024-12-06,https://orka.sejm.gov.pl/rkor10.nsf/0/9FFD72630A9647FDC1258BEB00477533/%24File/RK10.168.01.pdf
168,Ewa Kołodziej,KO,aktywny,31,2025-03-24,https://orka.sejm.gov.pl/rkor10.nsf/0/BD14918050A77746C1258C57003237E8/%24File/RK10.168.02.pdf
169,Magdalena Małgorzata Kołodziejczak,KO,aktywny,25,2024-01-09,https://orka.sejm.gov.pl/rkor10.nsf/0/5334570FBD13EADCC1258A9F0040FB45/%24File/RK10.169.01.pdf
170,Michał Kołodziejczak,KO,aktywny,37,2024-01-09,https://orka.sejm.gov.pl/rkor10.nsf/0/A6DB81834A63D88AC1258A9F0040FB54/%24File/RK10.170.01.pdf
171,Rafał Komarewicz,Polska2050-TD,aktywny,13,2024-01-09,https://orka.sejm.gov.pl/rkor10.nsf/0/713FFB3AD40724B4C1258A9F0040FB5F/%24File/RK10.171.01.pdf
172,Maciej Konieczny,Razem,aktywny,31,2024-01-09,https://orka.sejm.gov.pl/rkor10.nsf/0/20D1D39D002A365BC1258A9F0040FB6C/%24File/RK10.172.01.pdf
173,Zbigniew Konwiński,KO,aktywny,26,2024-01-09,https://orka.sejm.gov.pl/rkor10.nsf/0/BD75F84CAA6D966EC1258A9F0040FB77/%24File/RK10.173.01.pdf
174,Władysław Kosiniak-Kamysz,PSL-TD,aktywny,15,2024-01-09,https://orka.sejm.gov.pl/rkor10.nsf/0/2EA5FDDD1698D7ECC1258A9F0040FB83/%24File/RK10.174.01.pdf
174,Władysław Kosiniak-Kamysz,PSL-TD,aktywny,15,2024-05-07,https://orka.sejm.gov.pl/rkor10.nsf/0/DECCE859504AAF26C1258B160037CCCE/%24File/RK10.174.02.pdf
174,Władysław Kosiniak-Kamysz,PSL-TD,aktywny,15,2024-05-27,https://orka.sejm.gov.pl/rkor10.nsf/0/A578CABA61F7B138C1258B2A0031C20C/%24File/RK10.174.03.pdf
174,Władysław Kosiniak-Kamysz,PSL-TD,aktywny,15,2024-07-19,https://orka.sejm.gov.pl/rkor10.nsf/0/C443DBF4C3176CDDC1258B5F00421A98/%24File/RK10.174.04.pdf
174,Władysław Kosiniak-Kamysz,PSL-TD,aktywny,15,2024-10-03,https://orka.sejm.gov.pl/rkor10.nsf/0/96FA7EBC9E805D62C1258BAB00460E9E/%24File/RK10.174.05.pdf
174,Władysław Kosiniak-Kamysz,PSL-TD,aktywny,15,2024-12-13,https://orka.sejm.gov.pl/rkor10.nsf/0/CD1017EA6A71269BC1258BF20040F994/%24File/RK10.174.06.pdf
175,Tomasz Kostuś,KO,aktywny,21,,
176,Andrzej Kosztowniak,PiS,aktywny,17,,
177,Katarzyna Kotula,Lewica,aktywny,25,2024-01-09,https://orka.sejm.gov.pl/rkor10.nsf/0/2C8601C3918A5CB6C1258A9F0040FB90/%24File/RK10.177.01.pdf
178,Paweł Kowal,KO,aktywny,23,,
179,Henryk Kowalczyk,PiS,aktywny,18,2024-01-09,https://orka.sejm.gov.pl/rkor10.nsf/0/0BEA458EA938DB72C1258A9F0040FB9C/%24File/RK10.179.01.pdf
180,Janusz Kowalski,PiS,aktywny,21,2024-01-09,https://orka.sejm.gov.pl/rkor10.nsf/0/C946F48BCC40DA7BC1258A9F0040FBA7/%24File/RK10.180.01.pdf
180,Janusz Kowalski,PiS,aktywny,21,2024-02-29,https://orka.sejm.gov.pl/rkor10.nsf/0/282E07A5D890B180C1258AD20039BF35/%24File/RK10.180.02.pdf
180,Janusz Kowalski,PiS,aktywny,21,2024-05-07,https://orka.sejm.gov.pl/rkor10.nsf/0/A0EBC19F31A8F8C2C1258B160037CCDE/%24File/RK10.180.03.pdf
180,Janusz Kowalski,PiS,aktywny,21,2024-12-16,https://orka.sejm.gov.pl/rkor10.nsf/0/B07E3DB885944BCAC1258BF5003EAA7D/%24File/RK10.180.04.pdf
180,Janusz Kowalski,PiS,aktywny,21,2025-03-18,https://orka.sejm.gov.pl/rkor10.nsf/0/5BC94ADC7946CD43C1258C5100409458/%24File/RK10.180.05.pdf
180,Janusz Kowalski,PiS,aktywny,21,2025-04-24,https://orka.sejm.gov.pl/rkor10.nsf/0/A35F70E9A1945AA0C1258C76003188D6/%24File/RK10.180.06.pdf
180,Janusz Kowalski,PiS,aktywny,21,2025-05-12,https://orka.sejm.gov.pl/rkor10.nsf/0/957947EABCEBEDF1C1258C88003860E3/%24File/RK10.180.07.pdf
181,Bartosz Józef Kownacki,PiS,aktywny,4,2024-01-09,https://orka.sejm.gov.pl/rkor10.nsf/0/A065ED21A42C153DC1258A9F0040FBB4/%24File/RK10.181.01.pdf
182,Iwona Maria Kozłowska,KO,aktywny,4,,
183,Stefan Krajewski,PSL-TD,aktywny,24,2024-05-07,https://orka.sejm.gov.pl/rkor10.nsf/0/2271B44025108243C1258B160037CCEA/%24File/RK10.183.01.pdf
184,Wiesław Krajewski,PiS,aktywny,15,,
185,Leonard Krasulski,PiS,aktywny,34,,
186,Iwona Małgorzata Krawczyk,KO,aktywny,1,2024-01-09,https://orka.sejm.gov.pl/rkor10.nsf/0/C6FD952AA01B64BFC1258A9F0040FBC0/%24File/RK10.186.01.pdf
186,Iwona Małgorzata Krawczyk,KO,aktywny,1,2025-07-23,https://orka.sejm.gov.pl/rkor10.nsf/0/457AB28EC1C2931DC1258CD000528F23/%24File/RK10.186.02.pdf
187,Michał Krawczyk,KO,aktywny,6,,
188,Robert Kropiwnicki,KO,aktywny,1,,
189,Piotr Król,PiS,aktywny,4,2024-10-10,https://orka.sejm.gov.pl/rkor10.nsf/0/70E9770EFA356558C1258BB20033AEEA/%24File/RK10.189.01.pdf
190,Wojciech Król,KO,aktywny,31,2025-05-05,https://orka.sejm.gov.pl/rkor10.nsf/0/FA48754354599593C1258C8100350D1B/%24File/RK10.190.01.pdf
191,Anna Krupka,PiS,aktywny,33,,
192,Andrzej Kryj,PiS,aktywny,33,2024-01-09,https://orka.sejm.gov.pl/rkor10.nsf/0/B5B3780A31B40833C1258A9F0040FBCB/%24File/RK10.192.01.pdf
193,Mariusz Krystian,PiS,aktywny,12,,
194,Marek Krząkała,KO,aktywny,30,2024-01-09,https://orka.sejm.gov.pl/rkor10.nsf/0/C5322E8AE9D7B129C1258A9F0040FBD7/%24File/RK10.194.01.pdf
195,Adam Krzemiński,KO,aktywny,16,2024-01-09,https://orka.sejm.gov.pl/rkor10.nsf/0/8BE0027875662091C1258A9F0040FBE2/%24File/RK10.195.01.pdf
196,Henryka Krzywonos-Strycharska,KO,aktywny,26,2024-01-09,https://orka.sejm.gov.pl/rkor10.nsf/0/3262B28724BE7F52C1258A9F0040FBEF/%24File/RK10.196.01.pdf
196,Henryka Krzywonos-Strycharska,KO,aktywny,26,2024-12-17,https://orka.sejm.gov.pl/rkor10.nsf/0/3F196D73E78F6C8CC1258BF6004D5387/%24File/RK10.196.02.pdf
196,Henryka Krzywonos-Strycharska,KO,aktywny,26,2025-02-18,https://orka.sejm.gov.pl/rkor10.nsf/0/A1E14A0423B862A0C1258C3500433A74/%24File/RK10.196.03.pdf
197,Krzysztof Kubów,PiS,aktywny,1,2024-01-09,https://orka.sejm.gov.pl/rkor10.nsf/0/D8DED4713B18BB66C1258A9F0040FBFC/%24File/RK10.197.01.pdf
198,Anita Kucharska-Dziedzic,Lewica,aktywny,8,,
199,Marek Kuchciński,PiS,aktywny,22,2024-01-09,https://orka.sejm.gov.pl/rkor10.nsf/0/BD1735D06BBAD1F9C1258A9F0040FC06/%24File/RK10.199.01.pdf
199,Marek Kuchciński,PiS,aktywny,22,2024-09-26,https://orka.sejm.gov.pl/rkor10.nsf/0/CC392071D8AD59F9C1258BA40037DECF/%24File/RK10.199.02.pdf
200,Paweł Kukiz,Republikanie,aktywny,21,,
201,Marcin Kulasek,Lewica,aktywny,35,,
202,Maria Kurowska,PiS,aktywny,22,2024-01-09,https://orka.sejm.gov.pl/rkor10.nsf/0/E856C2909926CB3BC1258A9F0040FC16/%24File/RK10.202.01.pdf
203,Władysław Kurowski,PiS,aktywny,12,2024-01-09,https://orka.sejm.gov.pl/rkor10.nsf/0/AC58C80522B22C16C1258A9F0040FC21/%24File/RK10.203.01.pdf
204,Zbigniew Krzysztof Kuźmiuk,PiS,aktywny,17,2024-01-09,https://orka.sejm.gov.pl/rkor10.nsf/0/553DA31CCC151733C1258A9F0040FC2C/%24File/RK10.204.01.pdf
205,Anna Kwiecień,PiS,aktywny,17,2024-01-09,https://orka.sejm.gov.pl/rkor10.nsf/0/253ABD9B636C8F36C1258A9F0040FC3A/%24File/RK10.205.01.pdf
206,Piotr Lachowicz,KO,aktywny,14,2024-01-09,https://orka.sejm.gov.pl/rkor10.nsf/0/6EE9E4517F254B7AC1258A9F0040FC47/%24File/RK10.206.01.pdf
207,Stanisław Lamczyk,KO,aktywny,26,,
208,Maciej Lasek,KO,aktywny,20,2024-01-09,https://orka.sejm.gov.pl/rkor10.nsf/0/4602C70C014E9F6DC1258A9F0040FC54/%24File/RK10.208.01.pdf
209,Gabriela Lenartowicz,KO,aktywny,30,2024-01-09,https://orka.sejm.gov.pl/rkor10.nsf/0/3A7D8AECC62F0F90C1258A9F0040FC62/%24File/RK10.209.01.pdf
210,Ewa Leniart,PiS,aktywny,23,,
211,Aleksandra Leo,Polska2050-TD,aktywny,2,2024-01-09,https://orka.sejm.gov.pl/rkor10.nsf/0/2D01A7EBBA64F189C1258A9F0040FC6E/%24File/RK10.211.01.pdf
212,Izabela Leszczyna,KO,aktywny,28,,
213,Joanna Lichocka,PiS,aktywny,11,,
214,Krzysztof Lipiec,PiS,aktywny,33,2024-04-30,https://orka.sejm.gov.pl/rkor10.nsf/0/979387436F7B340AC1258B0F003696CD/%24File/RK10.214.01.pdf
215,Łukasz Litewka,Lewica,aktywny,32,,
216,Grzegorz Lorek,PiS,aktywny,10,2024-01-09,https://orka.sejm.gov.pl/rkor10.nsf/0/27DEA45C73813323C1258A9F0040FC79/%24File/RK10.216.01.pdf
217,Radosław Lubczyk,PSL-TD,aktywny,40,2024-01-09,https://orka.sejm.gov.pl/rkor10.nsf/0/E51F6A814362CAF1C1258A9F0040FC87/%24File/RK10.217.01.pdf
217,Radosław Lubczyk,PSL-TD,aktywny,40,2024-04-24,https://orka.sejm.gov.pl/rkor10.nsf/0/64D6E3621897FC08C1258B09003A0662/%24File/RK10.217.02.pdf
218,Katarzyna Anna Lubnauer,KO,aktywny,19,,
219,Adam Luboński,Polska2050-TD,aktywny,38,,
220,Artur Jarosław Łącki,KO,aktywny,41,2024-01-09,https://orka.sejm.gov.pl/rkor10.nsf/0/57AE4B7C699D6600C1258A9F0040FC92/%24File/RK10.220.01.pdf
221,Alicja Łepkowska-Gołaś,KO,aktywny,24,2024-01-09,https://orka.sejm.gov.pl/rkor10.nsf/0/7853ED70E6021D37C1258A9F0040FC9C/%24File/RK10.221.01.pdf
222,Dorota Łoboda,KO,aktywny,19,2024-01-09,https://orka.sejm.gov.pl/rkor10.nsf/0/C47719AF460FECE2C1258A9F0040FCAC/%24File/RK10.222.01.pdf
222,Dorota Łoboda,KO,aktywny,19,2024-05-29,https://orka.sejm.gov.pl/rkor10.nsf/0/E3A796B9B5D0E999C1258B2C003261E9/%24File/RK10.222.02.pdf
223,Krystian Łuczak,KO,aktywny,5,2024-01-09,https://orka.sejm.gov.pl/rkor10.nsf/0/CBB1F751F65424F9C1258A9F0040FCBA/%24File/RK10.223.01.pdf
223,Krystian Łuczak,KO,aktywny,5,2025-05-12,https://orka.sejm.gov.pl/rkor10.nsf/0/EA4A259CDA689026C1258C88003860F2/%24File/RK10.223.02.pdf
224,Sebastian Łukaszewicz,PiS,aktywny,24,2024-01-09,https://orka.sejm.gov.pl/rkor10.nsf/0/166809C0987B5013C1258A9F0040FCC5/%24File/RK10.224.01.pdf
224,Sebastian Łukaszewicz,PiS,aktywny,24,2024-10-14,https://orka.sejm.gov.pl/rkor10.nsf/0/271C396717DEBE85C1258BB600359445/%24File/RK10.224.02.pdf
225,Marzena Anna Machałek,PiS,aktywny,1,2024-01-09,https://orka.sejm.gov.pl/rkor10.nsf/0/77213F728DB9863AC1258A9F0040FCD0/%24File/RK10.225.01.pdf
226,Antoni Macierewicz,PiS,aktywny,10,2024-01-09,https://orka.sejm.gov.pl/rkor10.nsf/0/10E650B1CA8B20D4C1258A9F0040FCDB/%24File/RK10.226.01.pdf
227,Marlena Magdalena Maląg,PiS,wygasl,36,,
228,Ewa Malik,PiS,aktywny,32,2024-01-09,https://orka.sejm.gov.pl/rkor10.nsf/0/0C73AC8714A4ADBCC1258A9F0040FCE6/%24File/RK10.228.01.pdf
229,Mirosław Maliszewski,PSL-TD,aktywny,17,2024-01-09,https://orka.sejm.gov.pl/rkor10.nsf/0/E9AD214E25D93CA1C1258A9F0040FCF1/%24File/RK10.229.01.pdf
230,Maciej Małecki,PiS,aktywny,16,,
231,Arkadiusz Marchewka,KO,aktywny,41,2024-01-09,https://orka.sejm.gov.pl/rkor10.nsf/0/10302CF0EA46037EC1258A9F0040FCFE/%24File/RK10.231.01.pdf
232,Jagna Marczułajtis-Walczak,KO,wygasl,13,2024-01-09,https://orka.sejm.gov.pl/rkor10.nsf/0/49415DA844AF4890C1258A9F0040FD0A/%24File/RK10.232.01.pdf
233,Dorota Marek,KO,aktywny,13,2024-01-09,https://orka.sejm.gov.pl/rkor10.nsf/0/CEAD9EB35B23DE42C1258A9F0040FD15/%24File/RK10.233.01.pdf
234,Dariusz Matecki,PiS,aktywny,41,2024-01-09,https://orka.sejm.gov.pl/rkor10.nsf/0/61A43E890E125736C1258A9F0040FD38/%24File/RK10.234.01.pdf
234,Dariusz Matecki,PiS,aktywny,41,2025-02-12,https://orka.sejm.gov.pl/rkor10.nsf/0/A142C17BF3B23BB0C1258C2F004E6ED0/%24File/RK10.234.02.pdf
235,Jerzy Materna,PiS,aktywny,8,,
236,Grzegorz Matusiak,PiS,aktywny,30,2024-01-09,https://orka.sejm.gov.pl/rkor10.nsf/0/03E120ADE559C716C1258A9F0040FD43/%24File/RK10.236.01.pdf
237,Katarzyna Matusik-Lipiec,KO,aktywny,13,,
238,Marek Matuszewski,PiS,aktywny,11,2024-01-09,https://orka.sejm.gov.pl/rkor10.nsf/0/625641397B901B31C1258A9F0040FD4F/%24File/RK10.238.01.pdf
239,Paulina Matysiak,Razem,aktywny,11,2024-10-18,https://orka.sejm.gov.pl/rkor10.nsf/0/414E09743F1DCB8DC1258BBA004AFAF9/%24File/RK10.239.01.pdf
240,Łukasz Mejza,PiS,aktywny,8,,
241,Sławomir Mentzen,Konfederacja,aktywny,19,,
242,Anna Milczanowska,PiS,aktywny,10,,
243,Daniel Milewski,PiS,aktywny,18,2024-12-20,https://orka.sejm.gov.pl/rkor10.nsf/0/285CB85C67E6E414C1258BF9004ED738/%24File/RK10.243.01.pdf
244,Rajmund Miller,KO,wygasl,21,,
245,Aleksander Miszalski,KO,wygasl,13,,
246,Mateusz Morawiecki,PiS,aktywny,31,,
247,Jan Mosiński,PiS,aktywny,36,2024-01-09,https://orka.sejm.gov.pl/rkor10.nsf/0/7F031207F90C9E33C1258A9F0040FD5A/%24File/RK10.247.01.pdf
248,Michał Moskal,PiS,aktywny,6,2024-01-09,https://orka.sejm.gov.pl/rkor10.nsf/0/EDE614D709DCB8E3C1258A9F0040FD67/%24File/RK10.248.01.pdf
249,Czesław Mroczek,KO,aktywny,18,2024-01-09,https://orka.sejm.gov.pl/rkor10.nsf/0/00CF29078EC72B37C1258A9F0040FD71/%24File/RK10.249.01.pdf
250,Aleksander Mikołaj Mrówczyński,PiS,aktywny,26,,
251,Izabela Katarzyna Mrzygłocka,KO,wygasl,2,2024-01-09,https://orka.sejm.gov.pl/rkor10.nsf/0/4F8AB54E6735D6D6C1258A9F0040FD7C/%24File/RK10.251.01.pdf
252,Joanna Mucha,Polska2050-TD,aktywny,6,2024-11-07,https://orka.sejm.gov.pl/rkor10.nsf/0/DF90BF144ACBE53AC1258BCE0038E8F4/%24File/RK10.252.01.pdf
253,Arkadiusz Mularczyk,PiS,wygasl,14,,
254,Krzysztof Mulawa,Konfederacja,aktywny,18,2024-01-09,https://orka.sejm.gov.pl/rkor10.nsf/0/7BC41F823C47565EC1258A9F0040FD86/%24File/RK10.254.01.pdf
254,Krzysztof Mulawa,Konfederacja,aktywny,18,2024-12-11,https://orka.sejm.gov.pl/rkor10.nsf/0/2CC6955E90F044EAC1258BF0003D1518/%24File/RK10.254.02.pdf
254,Krzysztof Mulawa,Konfederacja,aktywny,18,2025-02-05,https://orka.sejm.gov.pl/rkor10.nsf/0/752CB6D2CDEFC48AC1258C28002B9DFE/%24File/RK10.254.03.pdf
254,Krzysztof Mulawa,Konfederacja,aktywny,18,2025-07-31,https://orka.sejm.gov.pl/rkor10.nsf/0/EE48C29F177CFB62C1258CD80034F844/%24File/RK10.254.04.pdf
254,Krzysztof Mulawa,Konfederacja,aktywny,18,2025-09-10,https://orka.sejm.gov.pl/rkor10.nsf/0/DF5E044842F546E9C1258D010047C42E/%24File/RK10.254.05.pdf
255,Piotr Müller,PiS,wygasl,26,2024-01-09,https://orka.sejm.gov.pl/rkor10.nsf/0/608726230C51382FC1258A9F0040FD92/%24File/RK10.255.01.pdf
256,Arkadiusz Myrcha,KO,aktywny,5,,
257,Grzegorz Napieralski,KO,aktywny,41,2024-01-09,https://orka.sejm.gov.pl/rkor10.nsf/0/2949E8EBE2E7E016C1258A9F0040FD9E/%24File/RK10.257.01.pdf
257,Grzegorz Napieralski,KO,aktywny,41,2025-06-05,https://orka.sejm.gov.pl/rkor10.nsf/0/956D195024A196FDC1258CA0002ADB96/%24File/RK10.257.02.pdf
258,Dorota Niedziela,KO,aktywny,12,,
259,Jacek Niedźwiedzki,KO,aktywny,24,2024-01-09,https://orka.sejm.gov.pl/rkor10.nsf/0/3C7562D659F2F1F5C1258A9F0040FDAA/%24File/RK10.259.01.pdf
260,Małgorzata Niemczyk,KO,aktywny,9,2024-01-09,https://orka.sejm.gov.pl/rkor10.nsf/0/EBF5EF916B931B29C1258A9F0040FDBB/%24File/RK10.260.01.pdf
260,Małgorzata Niemczyk,KO,aktywny,9,2024-09-13,https://orka.sejm.gov.pl/rkor10.nsf/0/43D98E85A8A0A219C1258B970040F02A/%24File/RK10.260.02.pdf
261,Jolanta Niezgodzka,KO,aktywny,3,,
262,Sławomir Nitras,KO,aktywny,41,2024-01-09,https://orka.sejm.gov.pl/rkor10.nsf/0/8C095C6AF393475EC1258A9F0040FDC8/%24File/RK10.262.01.pdf
263,Barbara Nowacka,KO,aktywny,26,2024-01-09,https://orka.sejm.gov.pl/rkor10.nsf/0/7EE2ACA2950CDCD9C1258A9F0040FDD2/%24File/RK10.263.01.pdf
264,Maja Ewa Nowak,Polska2050-TD,aktywny,8,2024-01-09,https://orka.sejm.gov.pl/rkor10.nsf/0/B3BFA7809E2B13CBC1258A9F0040FDDD/%24File/RK10.264.01.pdf
265,Tomasz Piotr Nowak,KO,aktywny,37,2024-01-09,https://orka.sejm.gov.pl/rkor10.nsf/0/26FC1E51806FBE54C1258A9F0040FDEA/%24File/RK10.265.01.pdf
265,Tomasz Piotr Nowak,KO,aktywny,37,2024-12-20,https://orka.sejm.gov.pl/rkor10.nsf/0/D13C1D6DDF326D0AC1258BF9004ED744/%24File/RK10.265.02.pdf
266,Wanda Nowicka,Lewica,aktywny,29,,
267,Urszula Nowogórska,PSL-TD,aktywny,14,,
268,Mirosława Nykiel,KO,wygasl,27,,
269,Marcin Ociepa,PiS,aktywny,21,2024-01-09,https://orka.sejm.gov.pl/rkor10.nsf/0/42E219FB59727E17C1258A9F0040FDF4/%24File/RK10.269.01.pdf
270,Marzena Okła-Drewnowicz,KO,aktywny,33,,
271,Barbara Okuła,Polska2050-TD,aktywny,24,2024-01-09,https://orka.sejm.gov.pl/rkor10.nsf/0/A11451645F7C7C72C1258A9F0040FE02/%24File/RK10.271.01.pdf
271,Barbara Okuła,Polska2050-TD,aktywny,24,2025-04-30,https://orka.sejm.gov.pl/rkor10.nsf/0/0B65082053E96916C1258C7C00287C7E/%24File/RK10.271.02.pdf
272,Barbara Oliwiecka,Polska2050-TD,aktywny,36,2024-01-09,https://orka.sejm.gov.pl/rkor10.nsf/0/5FD09745BDCF9F67C1258A9F0040FE10/%24File/RK10.272.01.pdf
273,Dorota Olko,Lewica,aktywny,19,2024-10-25,https://orka.sejm.gov.pl/rkor10.nsf/0/2D38917D4CD32C2EC1258BC10048511B/%24File/RK10.273.01.pdf
274,Paweł Olszewski,KO,aktywny,4,2024-01-09,https://orka.sejm.gov.pl/rkor10.nsf/0/58A105BB7286B7E2C1258A9F0040FE1D/%24File/RK10.274.01.pdf
274,Paweł Olszewski,KO,aktywny,4,2024-12-20,https://orka.sejm.gov.pl/rkor10.nsf/0/3DA763F580CE6E20C1258BF9004ED74E/%24File/RK10.274.02.pdf
275,Mirosław Adam Orliński,PSL-TD,aktywny,16,2024-11-22,https://orka.sejm.gov.pl/rkor10.nsf/0/01BB35F36209EA3BC1258BDD0046DBB7/%24File/RK10.275.01.pdf
275,Mirosław Adam Orliński,PSL-TD,aktywny,16,2025-02-06,https://orka.sejm.gov.pl/rkor10.nsf/0/04352291EFCA8E13C1258C2900348B1B/%24File/RK10.275.02.pdf
276,Łukasz Osmalak,Polska2050-TD,aktywny,30,2024-01-09,https://orka.sejm.gov.pl/rkor10.nsf/0/7957B217C628A123C1258A9F0040FE2A/%24File/RK10.276.01.pdf
276,Łukasz Osmalak,Polska2050-TD,aktywny,30,2025-01-13,https://orka.sejm.gov.pl/rkor10.nsf/0/BE832447F8253124C1258C11003064FE/%24File/RK10.276.02.pdf
277,Katarzyna Osos,KO,aktywny,8,2024-01-09,https://orka.sejm.gov.pl/rkor10.nsf/0/EAE02EDF75A1DD5CC1258A9F0040FE37/%24File/RK10.277.01.pdf
277,Katarzyna Osos,KO,aktywny,8,2024-10-14,https://orka.sejm.gov.pl/rkor10.nsf/0/924975BB06276FC6C1258BB600359453/%24File/RK10.277.02.pdf
278,Jacek Osuch,PiS,aktywny,13,,
279,Jacek Ozdoba,PiS,wygasl,16,2024-01-09,https://orka.sejm.gov.pl/rkor10.nsf/0/40B7E8138A2586ADC1258A9F0040FE44/%24File/RK10.279.01.pdf
280,Teresa Pamuła,PiS,aktywny,22,,
281,Paweł Papke,KO,aktywny,35,2024-01-09,https://orka.sejm.gov.pl/rkor10.nsf/0/100B7BB6C0689AC6C1258A9F0040FE4F/%24File/RK10.281.01.pdf
282,Urszula Pasławska,PSL-TD,aktywny,35,2024-01-09,https://orka.sejm.gov.pl/rkor10.nsf/0/9D9168DD19D971E8C1258A9F0040FE5C/%24File/RK10.282.01.pdf
283,Krzysztof Paszyk,PSL-TD,aktywny,38,2024-01-09,https://orka.sejm.gov.pl/rkor10.nsf/0/A816A6BB040CBAE2C1258A9F0040FE68/%24File/RK10.283.01.pdf
284,Karolina Pawliczak,KO,aktywny,36,2024-01-09,https://orka.sejm.gov.pl/rkor10.nsf/0/C248125BA1BAB06FC1258A9F0040FE75/%24File/RK10.284.01.pdf
285,Bartłomiej Pejo,Konfederacja,aktywny,6,,
286,Ryszard Petru,Polska2050-TD,aktywny,19,,
287,Małgorzata Pępek,KO,aktywny,27,2024-01-09,https://orka.sejm.gov.pl/rkor10.nsf/0/A883CB920D1232DAC1258A9F0040FE84/%24File/RK10.287.01.pdf
288,Bolesław Piecha,PiS,aktywny,30,2024-01-09,https://orka.sejm.gov.pl/rkor10.nsf/0/7C2A364C6CF81E86C1258A9F0040FE90/%24File/RK10.288.01.pdf
289,Grzegorz Piechowiak,PiS,aktywny,38,2024-01-09,https://orka.sejm.gov.pl/rkor10.nsf/0/2444E4F9A24FC963C1258A9F0040FE9C/%24File/RK10.289.01.pdf
290,Anna Pieczarka,PiS,aktywny,15,,
291,Katarzyna Maria Piekarska,KO,aktywny,19,,
292,Norbert Pietrykowski,Polska2050-TD,aktywny,4,2024-01-09,https://orka.sejm.gov.pl/rkor10.nsf/0/31F6136B1FC3FB12C1258A9F0040FEA9/%24File/RK10.292.01.pdf
293,Lucjan Marek Pietrzczyk,KO,aktywny,33,2024-01-09,https://orka.sejm.gov.pl/rkor10.nsf/0/D6B51DFC9631F52CC1258A9F0040FEB5/%24File/RK10.293.01.pdf
294,Dariusz Piontkowski,PiS,aktywny,24,2024-01-09,https://orka.sejm.gov.pl/rkor10.nsf/0/BCF47828C35F98E6C1258A9F0040FEBF/%24File/RK10.294.01.pdf
295,Kazimierz Plocke,KO,aktywny,26,2024-01-09,https://orka.sejm.gov.pl/rkor10.nsf/0/22774B525DFC05FAC1258A9F0040FECB/%24File/RK10.295.01.pdf
296,Grzegorz Płaczek,Konfederacja,aktywny,31,2024-01-09,https://orka.sejm.gov.pl/rkor10.nsf/0/DD46ECCBB9C4EE11C1258A9F0040FED6/%24File/RK10.296.01.pdf
297,Kacper Płażyński,PiS,aktywny,25,,
298,Szymon Pogoda,PiS,aktywny,1,2024-01-09,https://orka.sejm.gov.pl/rkor10.nsf/0/4E50A64A2BCAE253C1258A9F0040FEE2/%24File/RK10.298.01.pdf
299,Jerzy Polaczek,PiS,aktywny,31,2024-01-09,https://orka.sejm.gov.pl/rkor10.nsf/0/7E103BC8FC3EECE6C1258A9F0040FEEF/%24File/RK10.299.01.pdf
300,Elżbieta Anna Polak,KO,aktywny,8,2024-01-09,https://orka.sejm.gov.pl/rkor10.nsf/0/815A8FE64A7E02E1C1258A9F0040FEFB/%24File/RK10.300.01.pdf
301,Piotr Polak,PiS,aktywny,11,,
302,Agnieszka Pomaska,KO,aktywny,25,,
303,Marcin Porzucek,PiS,aktywny,38,2024-01-09,https://orka.sejm.gov.pl/rkor10.nsf/0/B20140E5C9BF8E56C1258A9F0040FF07/%24File/RK10.303.01.pdf
303,Marcin Porzucek,PiS,aktywny,38,2024-06-14,https://orka.sejm.gov.pl/rkor10.nsf/0/3770D5EB732D972BC1258B3C00453DE8/%24File/RK10.303.02.pdf
303,Marcin Porzucek,PiS,aktywny,38,2024-07-29,https://orka.sejm.gov.pl/rkor10.nsf/0/98E86DC3C1578D2AC1258B69003671F0/%24File/RK10.303.03.pdf
303,Marcin Porzucek,PiS,aktywny,38,2024-10-25,https://orka.sejm.gov.pl/rkor10.nsf/0/2778DE21F1EF637EC1258BC10035B038/%24File/RK10.303.04.pdf
303,Marcin Porzucek,PiS,aktywny,38,2025-04-10,https://orka.sejm.gov.pl/rkor10.nsf/0/0440F56835A2D07EC1258C680038E738/%24File/RK10.303.05.pdf
303,Marcin Porzucek,PiS,aktywny,38,2025-06-17,https://orka.sejm.gov.pl/rkor10.nsf/0/50FE60B5D057D7F8C1258CAC00316E3E/%24File/RK10.303.06.pdf
304,Jacek Protas,KO,wygasl,34,2024-01-09,https://orka.sejm.gov.pl/rkor10.nsf/0/26A75912921743FFC1258A9F0040FF17/%24File/RK10.304.01.pdf
305,Marcin Przydacz,PiS,wygasl,11,,
306,Grzegorz Puda,PiS,aktywny,27,,
307,Michał Pyrzyk,PSL-TD,aktywny,37,2024-01-09,https://orka.sejm.gov.pl/rkor10.nsf/0/C0C60393A713DEC9C1258A9F0040FF22/%24File/RK10.307.01.pdf
308,Renata Rak,KO,aktywny,40,2024-01-09,https://orka.sejm.gov.pl/rkor10.nsf/0/91D3CEE8F18AEC45C1258A9F0040FF30/%24File/RK10.308.01.pdf
309,Ireneusz Raś,PSL-TD,aktywny,13,2024-01-09,https://orka.sejm.gov.pl/rkor10.nsf/0/C189F8449017912CC1258A9F0040FF3D/%24File/RK10.309.01.pdf
310,Zbigniew Rau,PiS,aktywny,9,2024-01-11,https://orka.sejm.gov.pl/rkor10.nsf/0/103B628ED6D85322C1258AA1003C7D35/%24File/RK10.310.01.pdf
311,Marcin Romanowski,PiS,aktywny,7,2024-04-10,https://orka.sejm.gov.pl/rkor10.nsf/0/AEACB9E54ABFA90CC1258AFB0046306F/%24File/RK10.311.01.pdf
311,Marcin Romanowski,PiS,aktywny,7,2024-09-26,https://orka.sejm.gov.pl/rkor10.nsf/0/0A67E13C2488A1E9C1258BA40037EB83/%24File/RK10.311.02.pdf
312,Bartosz Romowicz,Polska2050-TD,aktywny,22,,
313,Monika Rosa,KO,aktywny,31,2024-01-09,https://orka.sejm.gov.pl/rkor10.nsf/0/C03B1BEEF9FC4B7EC1258A9F0040FF49/%24File/RK10.313.01.pdf
314,Wiesław Różyński,PSL-TD,aktywny,7,,
315,Urszula Rusecka,PiS,aktywny,15,2024-01-09,https://orka.sejm.gov.pl/rkor10.nsf/0/7C27A9C0AF25EEF0C1258A9F0040FF55/%24File/RK10.315.01.pdf
316,Grzegorz Rusiecki,KO,wygasl,36,2024-01-09,https://orka.sejm.gov.pl/rkor10.nsf/0/E69EEA10FD94C007C1258A9F0040FF63/%24File/RK10.316.01.pdf
317,Jakub Rutnicki,KO,aktywny,38,2024-01-09,https://orka.sejm.gov.pl/rkor10.nsf/0/E242CC18FED96C77C1258A9F0040FF6F/%24File/RK10.317.01.pdf
318,Paweł Rychlik,PiS,aktywny,11,2024-01-09,https://orka.sejm.gov.pl/rkor10.nsf/0/E11D7735F96919A9C1258A9F0040FF7C/%24File/RK10.318.01.pdf
319,Marek Rząsa,KO,aktywny,22,,
320,Jarosław Rzepa,PSL-TD,aktywny,41,2024-01-09,https://orka.sejm.gov.pl/rkor10.nsf/0/1718056BE663533CC1258A9F0040FF88/%24File/RK10.320.01.pdf
321,Jarosław Sachajko,Republikanie,aktywny,7,,
322,Paweł Sałek,PiS,aktywny,10,2024-01-09,https://orka.sejm.gov.pl/rkor10.nsf/0/80D3C21D342FDD97C1258A9F0040FF95/%24File/RK10.322.01.pdf
323,Wojciech Saługa,KO,wygasl,32,,
324,Tadeusz Samborski,PSL-TD,aktywny,1,,
325,Jacek Sasin,PiS,aktywny,24,,
326,Marek Sawicki,PSL-TD,aktywny,18,,
327,Ewa Schädler,Polska2050-TD,aktywny,39,2024-01-09,https://orka.sejm.gov.pl/rkor10.nsf/0/A6D323FDEF288960C1258A9F0040FFA2/%24File/RK10.327.01.pdf
327,Ewa Schädler,Polska2050-TD,aktywny,39,2025-03-11,https://orka.sejm.gov.pl/rkor10.nsf/0/563A36C9253237EAC1258C4A003D6F45/%24File/RK10.327.02.pdf
328,Joanna Scheuring-Wielgus,Lewica,wygasl,5,2024-01-09,https://orka.sejm.gov.pl/rkor10.nsf/0/0F7FC54A9889986DC1258A9F0040FFAE/%24File/RK10.328.01.pdf
329,Anna Schmidt,PiS,aktywny,22,2024-01-09,https://orka.sejm.gov.pl/rkor10.nsf/0/D41BF8911C52DA20C1258A9F0040FFBA/%24File/RK10.329.01.pdf
330,Łukasz Schreiber,PiS,aktywny,4,2024-01-09,https://orka.sejm.gov.pl/rkor10.nsf/0/70D490B4B25DEA9CC1258A9F0040FFCB/%24File/RK10.330.01.pdf
331,Jarosław Sellin,PiS,aktywny,25,2024-01-09,https://orka.sejm.gov.pl/rkor10.nsf/0/189155E14E64ECBEC1258A9F0040FFD9/%24File/RK10.331.01.pdf
332,Olga Ewa Semeniuk-Patkowska,PiS,aktywny,35,2024-01-09,https://orka.sejm.gov.pl/rkor10.nsf/0/63981EE26B10540BC1258A9F0040FFE4/%24File/RK10.332.01.pdf
332,Olga Ewa Semeniuk-Patkowska,PiS,aktywny,35,2024-12-20,https://orka.sejm.gov.pl/rkor10.nsf/0/DBEA9EE908BE3E45C1258BF9004ED75B/%24File/RK10.332.02.pdf
333,Edward Siarka,PiS,aktywny,14,2024-01-09,https://orka.sejm.gov.pl/rkor10.nsf/0/B3CB440DDFAE12FCC1258A9F0040FFEF/%24File/RK10.333.01.pdf
334,Krystyna Sibińska,KO,aktywny,8,2024-01-09,https://orka.sejm.gov.pl/rkor10.nsf/0/2A4D3C6FE89D27D7C1258A9F0040FFFB/%24File/RK10.334.01.pdf
335,Czesław Siekierski,PSL-TD,aktywny,33,,
336,Rafał Siemaszko,KO,aktywny,26,2024-01-09,https://orka.sejm.gov.pl/rkor10.nsf/0/6330C8576F6D1747C1258A9F00410008/%24File/RK10.336.01.pdf
337,Tomasz Siemoniak,KO,aktywny,21,,
338,Bartłomiej Sienkiewicz,KO,wygasl,13,,
339,Arkadiusz Sikora,Lewica,aktywny,1,2024-01-09,https://orka.sejm.gov.pl/rkor10.nsf/0/EAF0EF6AF1D06CF3C1258A9F00410013/%24File/RK10.339.01.pdf
340,Włodzimierz Skalik,Konfederacja_KP,aktywny,21,2024-01-09,https://orka.sejm.gov.pl/rkor10.nsf/0/4DE2CAB25801FD87C1258A9F00410021/%24File/RK10.340.01.pdf
341,Marcin Skonieczka,Polska2050-TD,aktywny,5,,
342,Krystyna Skowrońska,KO,aktywny,23,2024-01-09,https://orka.sejm.gov.pl/rkor10.nsf/0/8F23A6416EB2BF4AC1258A9F0041002C/%24File/RK10.342.01.pdf
343,Sławomir Skwarek,PiS,aktywny,6,2024-01-09,https://orka.sejm.gov.pl/rkor10.nsf/0/6F251F34E461ABD7C1258A9F00410038/%24File/RK10.343.01.pdf
344,Waldemar Sługocki,KO,aktywny,8,2024-01-09,https://orka.sejm.gov.pl/rkor10.nsf/0/324BCBE37B3FCCEEC1258A9F00410044/%24File/RK10.344.01.pdf
344,Waldemar Sługocki,KO,aktywny,8,2025-04-30,https://orka.sejm.gov.pl/rkor10.nsf/0/183F9F6E9629F79BC1258C7C00291500/%24File/RK.10.344.02.pdf
345,Weronika Smarduch,KO,aktywny,14,2024-01-09,https://orka.sejm.gov.pl/rkor10.nsf/0/B698500FA53618BDC1258A9F0041004E/%24File/RK10.345.01.pdf
345,Weronika Smarduch,KO,aktywny,14,2024-10-29,https://orka.sejm.gov.pl/rkor10.nsf/0/81A8D1CED9ED38EBC1258BC500395CBE/%24File/RK10.345.02.pdf
345,Weronika Smarduch,KO,aktywny,14,2025-06-25,https://orka.sejm.gov.pl/rkor10.nsf/0/8A9971D7D5C2520FC1258CB4003127F1/%24File/RK10.345.03.pdf
346,Kazimierz Smoliński,PiS,aktywny,25,,
347,Anna Sobolak,KO,aktywny,3,2024-01-09,https://orka.sejm.gov.pl/rkor10.nsf/0/E0932C3B4A5A888FC1258A9F0041005A/%24File/RK10.347.01.pdf
348,Krzysztof Sobolewski,PiS,aktywny,23,2024-01-09,https://orka.sejm.gov.pl/rkor10.nsf/0/EEEC91E8BF95BA12C1258A9F00410066/%24File/RK10.348.01.pdf
349,Artur Soboń,PiS,wygasl,6,,
350,Agnieszka Anna Soin,PiS,aktywny,3,2024-01-09,https://orka.sejm.gov.pl/rkor10.nsf/0/E562D5317CC75B55C1258A9F00410071/%24File/RK10.350.01.pdf
350,Agnieszka Anna Soin,PiS,aktywny,3,2024-10-16,https://orka.sejm.gov.pl/rkor10.nsf/0/73E6A2D1D98FD3E9C1258BB8003981B0/%24File/RK10.350.02.pdf
351,Zbigniew Sosnowski,PSL-TD,aktywny,5,2024-01-09,https://orka.sejm.gov.pl/rkor10.nsf/0/8244BBD3530E52C9C1258A9F0041007B/%24File/RK10.351.01.pdf
352,Marek Sowa,KO,aktywny,12,2024-01-09,https://orka.sejm.gov.pl/rkor10.nsf/0/EE6424654D7B2B6BC1258A9F00410087/%24File/RK10.352.01.pdf
353,Katarzyna Sójka,PiS,aktywny,36,2024-01-09,https://orka.sejm.gov.pl/rkor10.nsf/0/1E758F97AB873F31C1258A9F00410091/%24File/RK10.353.01.pdf
354,Magdalena Sroka,PSL-TD,aktywny,25,2024-01-09,https://orka.sejm.gov.pl/rkor10.nsf/0/080DF81215762956C1258A9F0041009D/%24File/RK10.354.01.pdf
355,Mirosława Stachowiak-Różecka,PiS,aktywny,3,2024-01-09,https://orka.sejm.gov.pl/rkor10.nsf/0/B9DA264C5E9259C5C1258A9F004100AA/%24File/RK10.355.01.pdf
356,Dariusz Stefaniuk,PiS,aktywny,7,,
357,Franciszek Sterczewski,KO,aktywny,39,2024-01-09,https://orka.sejm.gov.pl/rkor10.nsf/0/48601775760C2839C1258A9F004100B4/%24File/RK10.357.01.pdf
357,Franciszek Sterczewski,KO,aktywny,39,2024-11-12,https://orka.sejm.gov.pl/rkor10.nsf/0/CD0619A397F4ED29C1258BD300393E73/%24File/RK10.357.02.pdf
358,Piotr Paweł Strach,Polska2050-TD,aktywny,29,2024-01-09,https://orka.sejm.gov.pl/rkor10.nsf/0/969E2E1795404FFFC1258A9F004100C0/%24File/RK10.358.01.pdf
358,Piotr Paweł Strach,Polska2050-TD,aktywny,29,2024-11-08,https://orka.sejm.gov.pl/rkor10.nsf/0/7CCBB60C870DC77CC1258BCF00382F63/%24File/RK10.358.02.pdf
358,Piotr Paweł Strach,Polska2050-TD,aktywny,29,2025-04-03,https://orka.sejm.gov.pl/rkor10.nsf/0/13AFD846459C262CC1258C6100352EA6/%24File/RK10.358.03.pdf
358,Piotr Paweł Strach,Polska2050-TD,aktywny,29,2025-09-10,https://orka.sejm.gov.pl/rkor10.nsf/0/AD734424D3B58B6FC1258D010047C439/%24File/RK10.358.04.pdf
359,Mirosław Suchoń,Polska2050-TD,aktywny,27,,
360,Marek Suski,PiS,aktywny,17,,
361,Paweł Suski,KO,aktywny,40,2024-01-09,https://orka.sejm.gov.pl/rkor10.nsf/0/0B51F15B94C9939EC1258A9F004100CA/%24File/RK10.361.01.pdf
362,Artur Szałabawka,PiS,aktywny,41,2024-01-09,https://orka.sejm.gov.pl/rkor10.nsf/0/A19CB36340D78FE8C1258A9F004100D5/%24File/RK10.362.01.pdf
363,Wojciech Szarama,PiS,aktywny,29,,
364,Wiesław Szczepański,Lewica,aktywny,36,2024-01-09,https://orka.sejm.gov.pl/rkor10.nsf/0/FBA4825EB6A5C57FC1258A9F004100E0/%24File/RK10.364.01.pdf
365,Michał Szczerba,KO,wygasl,19,,
366,Krzysztof Szczucki,PiS,aktywny,5,2024-01-09,https://orka.sejm.gov.pl/rkor10.nsf/0/9B4900A588245875C1258A9F004100E8/%24File/RK10.366.01.pdf
366,Krzysztof Szczucki,PiS,aktywny,5,2025-01-08,https://orka.sejm.gov.pl/rkor10.nsf/0/E0E945F7C93782F5C1258C0C0041DC28/%24File/RK10.366.02.pdf
367,Józefa Szczurek-Żelazko,PiS,aktywny,15,,
368,Paweł Szefernaker,PiS,wygasl,40,,
369,Andrzej Szejna,Lewica,aktywny,33,2024-01-09,https://orka.sejm.gov.pl/rkor10.nsf/0/3B60E21EFDBA1A13C1258A9F004100F3/%24File/RK10.369.01.pdf
369,Andrzej Szejna,Lewica,aktywny,33,2025-05-05,https://orka.sejm.gov.pl/rkor10.nsf/0/A15C87C4883620F9C1258C8100350D26/%24File/RK10.369.02.pdf
370,Andrzej Szewiński,KO,aktywny,28,2024-01-09,https://orka.sejm.gov.pl/rkor10.nsf/0/CD79319592DBDA77C1258A9F00410108/%24File/RK10.370.01.pdf
370,Andrzej Szewiński,KO,aktywny,28,2024-04-12,https://orka.sejm.gov.pl/rkor10.nsf/0/EB8F72E01DFD81E1C1258AFD00334717/%24File/RK10.370.02.pdf
371,Adam Szłapka,KO,aktywny,39,,
372,Henryk Szopiński,KO,aktywny,38,2024-01-09,https://orka.sejm.gov.pl/rkor10.nsf/0/AFCEECF82949D052C1258A9F00410114/%24File/RK10.372.01.pdf
373,Paweł Szrot,PiS,aktywny,4,,
374,Krystyna Szumilas,KO,aktywny,29,2024-01-09,https://orka.sejm.gov.pl/rkor10.nsf/0/C13A16EFB5FF04BBC1258A9F0041011E/%24File/RK10.374.01.pdf
374,Krystyna Szumilas,KO,aktywny,29,2024-01-15,https://orka.sejm.gov.pl/rkor10.nsf/0/527C302DB5C8354DC1258AA5003BAEE1/%24File/RK10.374.02.pdf
375,Stanisław Szwed,PiS,aktywny,27,2024-01-09,https://orka.sejm.gov.pl/rkor10.nsf/0/75F4E21F21282E0EC1258A9F00410129/%24File/RK10.375.01.pdf
376,Ewa Szymanowska,Polska2050-TD,aktywny,9,2024-01-09,https://orka.sejm.gov.pl/rkor10.nsf/0/7EC999CD9D37E9B1C1258A9F00410134/%24File/RK10.376.01.pdf
377,Tomasz Szymański,KO,aktywny,5,2024-12-16,https://orka.sejm.gov.pl/rkor10.nsf/0/16AF8C187D7A2825C1258BF5003DC6ED/%24File/RK10.377.02.pdf
378,Szymon Szynkowski vel Sęk,PiS,aktywny,39,2024-01-09,https://orka.sejm.gov.pl/rkor10.nsf/0/7FD9BA1CD2CBBA2DC1258A9F00410143/%24File/RK10.378.01.pdf
379,Łukasz Ściebiorowski,KO,aktywny,31,2024-01-09,https://orka.sejm.gov.pl/rkor10.nsf/0/25FBFC9DB459AB50C1258A9F00410154/%24File/RK10.379.01.pdf
380,Agnieszka Ścigaj,PiS,aktywny,13,,
381,Andrzej Śliwka,PiS,aktywny,34,,
382,Paweł Śliz,Polska2050-TD,aktywny,12,2024-01-09,https://orka.sejm.gov.pl/rkor10.nsf/0/E03E27DC41352FF9C1258A9F0041015F/%24File/RK10.382.01.pdf
383,Krzysztof Śmiszek,Lewica,wygasl,3,2024-01-09,https://orka.sejm.gov.pl/rkor10.nsf/0/8056E9BE1E0C4665C1258A9F0041016B/%24File/RK10.383.01.pdf
384,Jacek Świat,PiS,aktywny,3,2024-01-09,https://orka.sejm.gov.pl/rkor10.nsf/0/B810738D292891F9C1258A9F00410175/%24File/RK10.384.01.pdf
385,Apoloniusz Tajner,KO,aktywny,27,2024-01-09,https://orka.sejm.gov.pl/rkor10.nsf/0/F116E69E58D045ACC1258A9F00410181/%24File/RK10.385.01.pdf
386,Krzysztof Tchórzewski,PiS,aktywny,18,2024-01-09,https://orka.sejm.gov.pl/rkor10.nsf/0/C3CCBA6E9B7D98D6C1258A9F0041018C/%24File/RK10.386.01.pdf
387,Robert Telus,PiS,aktywny,10,,
388,Ryszard Terlecki,PiS,aktywny,14,2024-01-09,https://orka.sejm.gov.pl/rkor10.nsf/0/3FE7D4FB817E5722C1258AA0003E63A3/%24File/RK10.388.01.pdf
389,Tadeusz Tomaszewski,Lewica,aktywny,37,2024-01-09,https://orka.sejm.gov.pl/rkor10.nsf/0/CBD93A7196FECBA7C1258A9F00410197/%24File/RK10.389.01.pdf
390,Jacek Tomczak,PSL-TD,aktywny,39,,
391,Wioleta Tomczak,Polska2050-TD,aktywny,26,2024-01-09,https://orka.sejm.gov.pl/rkor10.nsf/0/AF2E35CB04C5308AC1258A9F004101A4/%24File/RK10.391.01.pdf
392,Cezary Tomczyk,KO,aktywny,11,2024-01-09,https://orka.sejm.gov.pl/rkor10.nsf/0/980DF4E3E38F8AFBC1258A9F004101AE/%24File/
393,Stanisław Tomczyszyn,PSL-TD,aktywny,8,2024-01-09,https://orka.sejm.gov.pl/rkor10.nsf/0/EFE6D9BD4798D5A0C1258A9F004101B9/%24File/RK10.393.01.pdf
394,Małgorzata Tracz,KO,aktywny,3,,
395,Tomasz Trela,Lewica,aktywny,9,2024-01-09,https://orka.sejm.gov.pl/rkor10.nsf/0/B16C5B65C6636248C1258A9F004101C4/%24File/RK10.395.01.pdf
396,Krzysztof Truskolaski,KO,aktywny,24,2024-01-09,https://orka.sejm.gov.pl/rkor10.nsf/0/7D9B6A7F7A974AC8C1258A9F004101CF/%24File/RK10.396.01.pdf
396,Krzysztof Truskolaski,KO,aktywny,24,2025-01-24,https://orka.sejm.gov.pl/rkor10.nsf/0/93E7B67D26258338C1258C1C0039F97F/%24File/RK10.396.02.pdf
396,Krzysztof Truskolaski,KO,aktywny,24,2025-04-07,https://orka.sejm.gov.pl/rkor10.nsf/0/5D86A8846758BC09C1258C6500350F59/%24File/RK10.396.03.pdf
397,Krzysztof Tuduj,Konfederacja,aktywny,3,2024-01-09,https://orka.sejm.gov.pl/rkor10.nsf/0/C8AF33C8777508AEC1258A9F004101DA/%24File/RK10.397.01.pdf
398,Sylwester Tułajew,PiS,aktywny,6,2024-01-09,https://orka.sejm.gov.pl/rkor10.nsf/0/CB558E29A10F8200C1258A9F004101E5/%24File/RK10.398.01.pdf
399,Witold Tumanowicz,Konfederacja,aktywny,7,2024-01-09,https://orka.sejm.gov.pl/rkor10.nsf/0/2F8B4BE02F0B6C39C1258A9F004101F0/%24File/RK10.399.01.pdf
400,Donald Tusk,KO,aktywny,19,2024-01-09,https://orka.sejm.gov.pl/rkor10.nsf/0/D3642A760CA9B5ADC1258A9F004101FE/%24File/RK10.400.01.pdf
401,Stanisław Tyszka,Konfederacja,wygasl,26,2024-01-09,https://orka.sejm.gov.pl/rkor10.nsf/0/50F914241BA3BF09C1258A9F00410209/%24File/RK10.401.01.pdf
402,Katarzyna Ueberhan,Lewica,aktywny,39,2024-01-09,https://orka.sejm.gov.pl/rkor10.nsf/0/7C51BBEDD2442437C1258A9F00410215/%24File/RK10.402.01.pdf
403,Jarosław Urbaniak,KO,aktywny,36,,
404,Piotr Uruski,PiS,aktywny,22,,
405,Piotr Uściński,PiS,aktywny,20,2024-11-22,https://orka.sejm.gov.pl/rkor10.nsf/0/F5F5CC2F743FEA35C1258BDD0046DBC0/%24File/RK10.405.01.pdf
406,Jarosław Wałęsa,KO,aktywny,25,2024-01-09,https://orka.sejm.gov.pl/rkor10.nsf/0/C3F3E2364F99FEDDC1258A9F00410219/%24File/RK10.406.01.pdf
407,Marcin Warchoł,PiS,aktywny,23,,
408,Robert Wardzała,KO,aktywny,15,2024-01-09,https://orka.sejm.gov.pl/rkor10.nsf/0/5CAA599B3CC57316C1258A9F00410221/%24File/RK10.408.01.pdf
409,Robert Warwas,PiS,aktywny,32,,
410,Jan Warzecha,PiS,aktywny,23,,
411,Małgorzata Wassermann,PiS,aktywny,13,2024-01-09,https://orka.sejm.gov.pl/rkor10.nsf/0/7AB9310BD7C5B0D3C1258A9F0041022B/%24File/RK10.411.01.pdf
411,Małgorzata Wassermann,PiS,aktywny,13,2024-11-22,https://orka.sejm.gov.pl/rkor10.nsf/0/E82EB1E25DF48BE4C1258BDD0046DBCB/%24File/RK10.411.02.pdf
412,Michał Wawer,Konfederacja,aktywny,33,2024-01-09,https://orka.sejm.gov.pl/rkor10.nsf/0/4A18D65D14324B09C1258A9F00410236/%24File/RK10.412.01.pdf
413,Maciej Wąsik,PiS,wygasl,16,2024-01-09,https://orka.sejm.gov.pl/rkor10.nsf/0/05C876E6F257D317C1258A9F00410241/%24File/RK10.413.01.pdf
414,Marta Wcisło,KO,wygasl,6,,
415,Rafał Weber,PiS,aktywny,23,,
416,Marek Wesoły,PiS,aktywny,31,2024-01-09,https://orka.sejm.gov.pl/rkor10.nsf/0/18527B5CD6804B47C1258A9F00410250/%24File/RK10.416.01.pdf
417,Joanna Wicha,Lewica,aktywny,20,2024-01-09,https://orka.sejm.gov.pl/rkor10.nsf/0/E7A6261C8FB3B8CAC1258A9F00410260/%24File/RK10.417.01.pdf
418,Patryk Wicher,PiS,aktywny,14,2024-01-09,https://orka.sejm.gov.pl/rkor10.nsf/0/817659CC96C4333BC1258A9F0041026F/%24File/RK10.418.01.pdf
418,Patryk Wicher,PiS,aktywny,14,2025-04-24,https://orka.sejm.gov.pl/rkor10.nsf/0/9D095896FFB6250EC1258C76003188E2/%24File/RK10.418.02.pdf
418,Patryk Wicher,PiS,aktywny,14,2025-05-12,https://orka.sejm.gov.pl/rkor10.nsf/0/00FD214876E371A0C1258C88003860FE/%24File/RK10.418.03.pdf
419,Dariusz Wieczorek,Lewica,aktywny,41,,
420,Jarosław Wiesław Wieczorek,PiS,aktywny,29,2024-02-08,https://orka.sejm.gov.pl/rkor10.nsf/0/83DD9FC2E67BD754C1258ABD0034AEE0/%24File/RK10.420.01.pdf
420,Jarosław Wiesław Wieczorek,PiS,aktywny,29,2025-01-23,https://orka.sejm.gov.pl/rkor10.nsf/0/0108105D71B646E5C1258C1B00412DB3/%24File/RK10.420.02.pdf
421,Monika Wielichowska,KO,aktywny,2,,
422,Ryszard Wilk,Konfederacja,aktywny,14,2024-01-09,https://orka.sejm.gov.pl/rkor10.nsf/0/080E6F103A15B34BC1258A9F0041027C/%24File/RK10.422.01.pdf
423,Teresa Wilk,PiS,aktywny,34,2024-01-09,https://orka.sejm.gov.pl/rkor10.nsf/0/B8A80E34B861CB8AC1258A9F00410288/%24File/RK10.423.01.pdf
424,Przemysław Wipler,Konfederacja,aktywny,5,2024-01-09,https://orka.sejm.gov.pl/rkor10.nsf/0/A53CD97FAAAC13DDC1258A9F00410295/%24File/RK10.424.01.pdf
425,Aleksandra Karolina Uznańska-Wiśniewska,KO,aktywny,9,2024-11-08,https://orka.sejm.gov.pl/rkor10.nsf/0/E0CF0F46489B396DC1258BCF00382F6D/%24File/RK10.425.01.pdf
425,Aleksandra Karolina Uznańska-Wiśniewska,KO,aktywny,9,2025-04-25,https://orka.sejm.gov.pl/rkor10.nsf/0/4F646B281ABB3F3CC1258C770040E55A/%24File/RK10.425.02.pdf
425,Aleksandra Karolina Uznańska-Wiśniewska,KO,aktywny,9,2025-09-25,https://orka.sejm.gov.pl/rkor10.nsf/0/6DE0DEFF38936E67C1258D10004D0A31/%24File/RK10.425.03.pdf.pdf
426,Adrian Witczak,KO,aktywny,10,2024-01-09,https://orka.sejm.gov.pl/rkor10.nsf/0/37B7C77210E6BA64C1258A9F004102A2/%24File/RK10.426.01.pdf
427,Mariusz Witczak,KO,aktywny,36,2024-04-15,https://orka.sejm.gov.pl/rkor10.nsf/0/3BAFD4B12DEC81C0C1258B00003D2715/%24File/RK10.427.01.pdf
427,Mariusz Witczak,KO,aktywny,36,2024-09-10,https://orka.sejm.gov.pl/rkor10.nsf/0/B139071AEC8C4DB9C1258B94003423AF/%24File/RK10.427.02.pdf
428,Elżbieta Witek,PiS,aktywny,1,,
429,Przemysław Witek,KO,aktywny,28,2024-01-09,https://orka.sejm.gov.pl/rkor10.nsf/0/0A467548663FEA29C1258A9F004102AD/%24File/RK10.429.01.pdf
430,Kamil Wnuk,Polska2050-TD,aktywny,32,2024-01-09,https://orka.sejm.gov.pl/rkor10.nsf/0/5A4DC0DC1C2ED0C8C1258A9F004102B8/%24File/RK10.430.01.pdf
431,Anna Wojciechowska,KO,aktywny,35,2024-01-09,https://orka.sejm.gov.pl/rkor10.nsf/0/8DF21F0FECC6CE01C1258A9F004102C9/%24File/RK10.431.01.pdf
432,Agnieszka Wojciechowska van Heukelom,PiS,aktywny,9,2024-01-09,https://orka.sejm.gov.pl/rkor10.nsf/0/01490ECD8883C32FC1258A9F004102D7/%24File/RK10.432.01.pdf
433,Agata Wojtyszek,PiS,aktywny,33,,
434,Bogusław Wołoszański,KO,aktywny,10,2024-01-09,https://orka.sejm.gov.pl/rkor10.nsf/0/EDA12708D2CA39DAC1258A9F004102E6/%24File/RK10.434.01.pdf
435,Michał Woś,PiS,aktywny,30,2024-05-16,https://orka.sejm.gov.pl/rkor10.nsf/0/633221CA856089C8C1258B1F00323D1B/%24File/RK10.435.01.pdf
436,Grzegorz Woźniak,PiS,aktywny,18,2024-01-09,https://orka.sejm.gov.pl/rkor10.nsf/0/2440785036703A75C1258A9F004102F5/%24File/RK10.436.01.pdf
437,Tadeusz Woźniak,PiS,aktywny,11,2024-01-09,https://orka.sejm.gov.pl/rkor10.nsf/0/B0D534D3334A0CF1C1258A9F00410300/%24File/RK10.437.01.pdf
437,Tadeusz Woźniak,PiS,aktywny,11,2025-02-21,https://orka.sejm.gov.pl/rkor10.nsf/0/0779073D82246BBFC1258C380039436D/%24File/RK10.437.02.pdf
438,Michał Wójcik,PiS,aktywny,31,,
439,Maciej Wróbel,KO,aktywny,35,2024-01-09,https://orka.sejm.gov.pl/rkor10.nsf/0/85B180C24609A2F3C1258A9F0041030C/%24File/RK10.439.01.pdf
440,Bartłomiej Wróblewski,PiS,aktywny,39,2024-01-09,https://orka.sejm.gov.pl/rkor10.nsf/0/96C0F1070D0ADC8AC1258A9F0041031A/%24File/RK10.440.01.pdf
441,Paweł Zalewski,Polska2050-TD,aktywny,20,2024-01-09,https://orka.sejm.gov.pl/rkor10.nsf/0/12A0EF8007592B85C1258A9F00410326/%24File/RK10.441.01.pdf
442,Adrian Zandberg,Razem,aktywny,19,,
443,Andrzej Tomasz Zapałowski,Konfederacja,aktywny,22,2024-01-09,https://orka.sejm.gov.pl/rkor10.nsf/0/F1918A226652CB07C1258A9F00410334/%24File/RK10.443.01.pdf
443,Andrzej Tomasz Zapałowski,Konfederacja,aktywny,22,2025-06-05,https://orka.sejm.gov.pl/rkor10.nsf/0/A39D225F44DE0C7EC1258CA0002B6801/%24File/RK10.443.02.pdf
444,Bartosz Zawieja,KO,aktywny,39,2024-01-09,https://orka.sejm.gov.pl/rkor10.nsf/0/6D33ECD15B931A09C1258A9F00410341/%24File/RK10.444.01.pdf
445,Marcelina Zawisza,Razem,aktywny,21,,
446,Sławomir Zawiślak,Konfederacja_KP,aktywny,7,2024-01-09,https://orka.sejm.gov.pl/rkor10.nsf/0/4A7D9A1BF4EA255FC1258A9F0041034D/%24File/RK10.446.01.pdf
447,Bogdan Andrzej Zdrojewski,KO,wygasl,3,,
448,Witold Zembaczyński,KO,aktywny,21,,
449,Piotr Zgorzelski,PSL-TD,aktywny,16,2024-01-09,https://orka.sejm.gov.pl/rkor10.nsf/0/5A247537B8D04CF7C1258A9F00410357/%24File/RK10.449.01.pdf
450,Zbigniew Ziejewski,PSL-TD,aktywny,34,2025-04-25,https://orka.sejm.gov.pl/rkor10.nsf/0/87CF0E8B7225A58DC1258C770040E569/%24File/RK10.450.02.pdf
451,Urszula Sara Zielińska,KO,aktywny,19,,
452,Jarosław Zieliński,PiS,aktywny,24,2024-01-09,https://orka.sejm.gov.pl/rkor10.nsf/0/D69DB153AB4DA644C1258A9F00410363/%24File/RK10.452.01.pdf
452,Jarosław Zieliński,PiS,aktywny,24,2024-11-08,https://orka.sejm.gov.pl/rkor10.nsf/0/F83C9FA4C4221527C1258BCF00382F7A/%24File/RK10.452.02.pdf
453,Tomasz Zieliński,PiS,aktywny,7,2024-01-09,https://orka.sejm.gov.pl/rkor10.nsf/0/738B05D13D7A93CFC1258A9F0041036E/%24File/RK10.453.01.pdf
453,Tomasz Zieliński,PiS,aktywny,7,2025-05-12,https://orka.sejm.gov.pl/rkor10.nsf/0/A3D0DAE231B94508C1258C8800386109/%24File/RK10.453.02.pdf
453,Tomasz Zieliński,PiS,aktywny,7,2025-06-05,https://orka.sejm.gov.pl/rkor10.nsf/0/08655E489EDB9E23C1258CA0002BF3A7/%24File/RK10.453.003.pdf
454,Jolanta Zięba-Gzik,PSL-TD,aktywny,11,2024-01-09,https://orka.sejm.gov.pl/rkor10.nsf/0/7DF86143AD1BD34EC1258A9F0041037A/%24File/RK10.454.01.pdf
455,Tomasz Zimoch,niez.,aktywny,3,2024-01-09,https://orka.sejm.gov.pl/rkor10.nsf/0/FEDCEB819FD6A8C7C1258A9F00410388/%24File/RK10.455.01.pdf
456,Zbigniew Ziobro,PiS,aktywny,23,2024-01-09,https://orka.sejm.gov.pl/rkor10.nsf/0/ECB597E61EA5F3F2C1258A9F00410395/%24File/RK10.456.01.pdf
456,Zbigniew Ziobro,PiS,aktywny,23,2025-06-12,https://orka.sejm.gov.pl/rkor10.nsf/0/A8DB5EE45B63B6C6C1258CA7002C137B/%24File/RK10.456.02.pdf
457,Wojciech Michał Zubowski,PiS,aktywny,1,,
458,Ireneusz Zyska,PiS,aktywny,2,2024-01-09,https://orka.sejm.gov.pl/rkor10.nsf/0/6C5E2E49C4CCED09C1258A9F004103A1/%24File/RK10.458.01.pdf
459,Bożena Żelazowska,PSL-TD,aktywny,20,,
460,Anna Maria Żukowska,Lewica,aktywny,19,2024-01-09,https://orka.sejm.gov.pl/rkor10.nsf/0/513D0FA06DF66A2CC1258A9F004103AC/%24File/RK10.460.01.pdf
461,Anna Baluch,PiS,aktywny,6,2024-01-09,https://orka.sejm.gov.pl/rkor10.nsf/0/5D3A777B4CDDF7A6C1258A9F004103B8/%24File/RK10.461.01.pdf
462,Magdalena Łośko,KO,aktywny,4,2024-01-26,https://orka.sejm.gov.pl/rkor10.nsf/0/AA241F3A361DF7F9C1258AB0003DC07C/%24File/RK10.462.01.pdf
463,Monika Pawłowska,PiS,aktywny,7,2024-03-06,https://orka.sejm.gov.pl/rkor10.nsf/0/151BF5C80CC805F3C1258AD800516721/%24File/RK10.463.01.pdf
464,Alicja Łuczak,KO,aktywny,36,2024-04-29,https://orka.sejm.gov.pl/rkor10.nsf/0/FAF7BFCE3E88AE49C1258B0E00327A5C/%24File/RK10.464.01.pdf
465,Dominik Jaśkowiec,KO,aktywny,13,2024-05-09,https://orka.sejm.gov.pl/rkor10.nsf/0/5D4557CC4320134FC1258B18002BF7E8/%24File/RK10.465.01.pdf
466,Paweł Masełko,KO,aktywny,21,2024-05-09,https://orka.sejm.gov.pl/rkor10.nsf/0/3B1EBC4F48BC29C1C1258B18002BF7F5/%24File/RK10.466.01.pdf
467,Katarzyna Stachowicz,KO,aktywny,32,2024-05-22,https://orka.sejm.gov.pl/rkor10.nsf/0/BE09C6ECC1B02C8EC1258B2500378BE7/%24File/RK10.467.01.pdf
467,Katarzyna Stachowicz,KO,aktywny,32,2025-06-26,https://orka.sejm.gov.pl/rkor10.nsf/0/4D4208E2449D1F85C1258CB5002FC343/%24File/RK10.467.02.pdf
468,Lidia Czechak,PiS,aktywny,36,2024-06-27,https://orka.sejm.gov.pl/rkor10.nsf/0/26AC3698DCCCA1BAC1258B490045A862/%24File/RK10.468.01.pdf
469,Barbara Grygorcewicz,KO,aktywny,40,2024-06-28,https://orka.sejm.gov.pl/rkor10.nsf/0/17FC5B0F6DACECF3C1258B4A0035CE47/%24File/RK10.469.01.pdf
470,Bożenna Hołownia,Polska2050-TD,aktywny,19,2024-06-27,https://orka.sejm.gov.pl/rkor10.nsf/0/B7E0669403B39E29C1258B490045A86B/%24File/RK10.470.01.pdf
471,Urszula Koszutska,KO,aktywny,31,2024-06-27,https://orka.sejm.gov.pl/rkor10.nsf/0/715B220002DF712FC1258B490045A872/%24File/RK10.471.01.pdf
472,Piotr Kowal,Lewica,aktywny,5,2024-06-27,https://orka.sejm.gov.pl/rkor10.nsf/0/F90C4FEF94A93146C1258B490045A87A/%24File/RK10.472.01.pdf
473,Michał Kowalski,PiS,aktywny,26,2024-06-27,https://orka.sejm.gov.pl/rkor10.nsf/0/5D37D3FD3818F866C1258B490045A882/%24File/RK10.473.01.pdf
473,Michał Kowalski,PiS,aktywny,26,2025-04-25,https://orka.sejm.gov.pl/rkor10.nsf/0/8627B39BD2506813C1258C770040E575/%24File/RK10.473.02.pdf
474,Maria Joanna Koźlakiewicz,KO,aktywny,16,2024-06-27,https://orka.sejm.gov.pl/rkor10.nsf/0/07204B47940549C8C1258B490045A88A/%24File/RK10.474.01.pdf
475,Katarzyna Królak,KO,aktywny,34,2024-06-27,https://orka.sejm.gov.pl/rkor10.nsf/0/732970B8F557659DC1258B490045A892/%24File/RK10.475.01.pdf
476,Wioletta Maria Kulpa,PiS,aktywny,16,2024-06-28,https://orka.sejm.gov.pl/rkor10.nsf/0/A2B35F1D4743DC22C1258B4A00344435/%24File/RK10.476.01.pdf
477,Grzegorz Macko,PiS,aktywny,2,2024-06-27,https://orka.sejm.gov.pl/rkor10.nsf/0/95D157736ED1C9D7C1258B490045A89A/%24File/RK10.477.01.pdf
477,Grzegorz Macko,PiS,aktywny,2,2024-10-17,https://orka.sejm.gov.pl/rkor10.nsf/0/E097A9ADD3EA25ACC1258BB90045027A/%24File/RK10.477.02.pdf
477,Grzegorz Macko,PiS,aktywny,2,2025-04-07,https://orka.sejm.gov.pl/rkor10.nsf/0/19D800A2C4EC972EC1258C6500351DBD/%24File/RK10.477.03.pdf
478,Jerzy Meysztowicz,KO,aktywny,13,2024-06-27,https://orka.sejm.gov.pl/rkor10.nsf/0/6E75F8B7EDE01FE0C1258B490045A8A3/%24File/RK10.478.01.pdf
479,Krzysztof Mieszkowski,KO,aktywny,3,2024-06-27,https://orka.sejm.gov.pl/rkor10.nsf/0/C89426C41DAE3EA9C1258B490045A8AB/%24File/RK10.479.01.pdf
480,Anna Paluch,PiS,aktywny,14,2024-06-27,https://orka.sejm.gov.pl/rkor10.nsf/0/BC2A49D378F79CC5C1258B490045A8B4/%24File/RK10.480.01.pdf
481,Krzysztof Piątkowski,KO,aktywny,9,2024-06-27,https://orka.sejm.gov.pl/rkor10.nsf/0/FE2EF4A1174C0B95C1258B490045A8BC/%24File/RK10.481.01.pdf
482,Mariusz Popielarz,KO,aktywny,18,2024-06-27,https://orka.sejm.gov.pl/rkor10.nsf/0/510EEBED36FDDFBAC1258B490045A8C3/%24File/RK10.482.01.pdf
483,Magdalena Roguska,KO,aktywny,19,2024-06-27,https://orka.sejm.gov.pl/rkor10.nsf/0/065743ADAC131D96C1258B490045A8CC/%24File/RK10.483.01.pdf
483,Magdalena Roguska,KO,aktywny,19,2025-07-08,https://orka.sejm.gov.pl/rkor10.nsf/0/2CB09D65F698E15DC1258CC10038257F/%24File/RK10.483.02.pdf
484,Marta Stożek,Razem,aktywny,3,2024-06-27,https://orka.sejm.gov.pl/rkor10.nsf/0/0DB931EE3F43F66EC1258B490045A8D4/%24File/RK10.484.01.pdf
485,Krzysztof Szymański,Konfederacja,aktywny,26,2024-06-27,https://orka.sejm.gov.pl/rkor10.nsf/0/CBB049F4A4C0D232C1258B490045A8DB/%24File/RK10.485.01.pdf
486,Włodzimierz Tomaszewski,PiS,aktywny,9,2024-06-27,https://orka.sejm.gov.pl/rkor10.nsf/0/A266853D70F8C820C1258B490045A8E3/%24File/RK10.486.01.pdf
487,Maciej Tomczykiewicz,KO,aktywny,27,2024-06-27,https://orka.sejm.gov.pl/rkor10.nsf/0/ECAFE7A6DF9EA7CEC1258B490045A8EB/%24File/RK10.487.01.pdf
488,Jarosław Krajewski,PiS,aktywny,19,2024-06-27,https://orka.sejm.gov.pl/rkor10.nsf/0/3120B57B445992D4C1258B490045A8F3/%24File/RK10.488.01.pdf
489,Bożena Lisowska,KO,aktywny,6,2024-06-27,https://orka.sejm.gov.pl/rkor10.nsf/0/286015BE4CB3244DC1258B490045A8FA/%24File/RK10.489.01.pdf
490,Michał Połuboczek,Konfederacja,aktywny,23,2024-06-27,https://orka.sejm.gov.pl/rkor10.nsf/0/FFEE3C2CBE7D8460C1258B490045A902/%24File/RK10.490.01.pdf
491,Aleksandra Kot,KO,aktywny,13,2024-06-28,https://orka.sejm.gov.pl/rkor10.nsf/0/15E7C5DCDAC41803C1258B4A0035CE50/%24File/RK10.491.01.pdf
491,Aleksandra Kot,KO,aktywny,13,2025-03-12,https://orka.sejm.gov.pl/rkor10.nsf/0/8167542E98021247C1258C4B004AEC6A/%24File/RK10.491.02.pdf
492,Rafał Romanowski,PiS,aktywny,16,,
493,Henryk Smolarz,PSL-TD,aktywny,6,,
494,Robert Jagła,KO,aktywny,2,2024-11-07,https://orka.sejm.gov.pl/rkor10.nsf/0/0B9ACD592FB87B7EC1258BCE0038E8FE/%24File/RK10.494.01.pdf
495,Michał Jach,PiS,aktywny,41,2025-09-11,https://orka.sejm.gov.pl/rkor10.nsf/0/54E1C277CC33B0D0C1258D020046CF43/%24File/RK10.495.01.pdf
496,Bogumiła Olbryś,PiS,aktywny,24,2025-09-10,https://orka.sejm.gov.pl/rkor10.nsf/0/F3CF04E2F6168324C1258D0100460521/%24File/RK10.496.01.pdf
497,Tomasz Rzymkowski,niez.,aktywny,11,2025-09-10,https://orka.sejm.gov.pl/rkor10.nsf/0/688F933B04E3A9E8C1258D0100460527/%24File/RK10.497.01.pdf
498,Marek Subocz,PiS,aktywny,40,2025-09-10,https://orka.sejm.gov.pl/rkor10.nsf/0/145D3E327C6E81E7C1258D010046052F/%24File/RK10.498.01.pdf
