mp_id,full_name,club,mandate_status,district_number,type,label,url
001,Andrzej Adamczyk,PiS,aktywny,13,sprawozdanie,Sprawozdanie za 2023/2024 rok,http://orka.sejm.gov.pl/rozlicz10.nsf/lista/2024001/$File/2024ryczalt_001.pdf?OpenElement
002,Piotr Adamowicz,KO,aktywny,25,sprawozdanie,Sprawozdanie za 2023/2024 rok,http://orka.sejm.gov.pl/rozlicz10.nsf/lista/2024002/$File/2024ryczalt_002.pdf?OpenElement
002,Piotr Adamowicz,KO,aktywny,25,korekta,Korekta za 2023/2024 rok,http://orka.sejm.gov.pl/rozlicz10.nsf/lista/2024002k/$File/2024ryczaltkor_002.pdf?OpenElement
003,Adam Andruszkiewicz,PiS,wygasl,24,sprawozdanie,Sprawozdanie za 2023/2024 rok,http://orka.sejm.gov.pl/rozlicz10.nsf/lista/2024003/$File/2024ryczalt_003.pdf?OpenElement
004,Waldemar Andzel,PiS,aktywny,32,sprawozdanie,Sprawozdanie za 2023/2024 rok,http://orka.sejm.gov.pl/rozlicz10.nsf/lista/2024004/$File/2024ryczalt_004.pdf?OpenElement
005,Dorota Arciszewska-Mielewczyk,PiS,aktywny,26,sprawozdanie,Sprawozdanie za 2023/2024 rok,http://orka.sejm.gov.pl/rozlicz10.nsf/lista/2024005/$File/2024ryczalt_005.pdf?OpenElement
006,Jan Krzysztof Ardanowski,Republikanie,aktywny,5,sprawozdanie,Sprawozdanie za 2023/2024 rok,http://orka.sejm.gov.pl/rozlicz10.nsf/lista/2024006/$File/2024ryczalt_006.pdf?OpenElement
007,Iwona Ewa Arent,PiS,aktywny,35,sprawozdanie,Sprawozdanie za 2023/2024 rok,http://orka.sejm.gov.pl/rozlicz10.nsf/lista/2024007/$File/2024ryczalt_007.pdf?OpenElement
008,Bartosz Arłukowicz,KO,wygasl,40,inne,Rozliczenie za okres sprawowania mandatu,http://orka.sejm.gov.pl/rozlicz10.nsf/lista/2024008/$File/2024ryczalt_008.pdf?OpenElement
009,Marek Ast,PiS,aktywny,8,sprawozdanie,Sprawozdanie za 2023/2024 rok,http://orka.sejm.gov.pl/rozlicz10.nsf/lista/2024009/$File/2024ryczalt_009.pdf?OpenElement
010,Urszula Augustyn,KO,aktywny,15,sprawozdanie,Sprawozdanie za 2023/2024 rok,http://orka.sejm.gov.pl/rozlicz10.nsf/lista/2024010/$File/2024ryczalt_010.pdf?OpenElement
011,Piotr Babinetz,PiS,aktywny,22,sprawozdanie,Sprawozdanie za 2023/2024 rok,http://orka.sejm.gov.pl/rozlicz10.nsf/lista/2024011/$File/2024ryczalt_011.pdf?OpenElement
012,Ryszard Bartosik,PiS,aktywny,37,sprawozdanie,Sprawozdanie za 2023/2024 rok,http://orka.sejm.gov.pl/rozlicz10.nsf/lista/2024012/$File/2024ryczalt_012.pdf?OpenElement
013,Władysław Bartoszewski,PSL-TD,aktywny,19,sprawozdanie,Sprawozdanie za 2023/2024 rok,http://orka.sejm.gov.pl/rozlicz10.nsf/lista/2024013/$File/2024ryczalt_013.pdf?OpenElement
014,Barbara Bartuś,PiS,aktywny,14,sprawozdanie,Sprawozdanie za 2023/2024 rok,http://orka.sejm.gov.pl/rozlicz10.nsf/lista/2024014/$File/2024ryczalt_014.pdf?OpenElement
015,Paweł Bejda,PSL-TD,aktywny,11,sprawozdanie,Sprawozdanie za 2023/2024 rok,http://orka.sejm.gov.pl/rozlicz10.nsf/lista/2024015/$File/2024ryczalt_015.pdf?OpenElement
016,Konrad Berkowicz,Konfederacja,aktywny,13,sprawozdanie,Sprawozdanie za 2023/2024 rok,http://orka.sejm.gov.pl/rozlicz10.nsf/lista/2024016/$File/2024ryczalt_016.pdf?OpenElement
017,Sylwia Bielawska,KO,aktywny,2,sprawozdanie,Sprawozdanie za 2023/2024 rok,http://orka.sejm.gov.pl/rozlicz10.nsf/lista/2024017/$File/2024ryczalt_017.pdf?OpenElement
018,Marek Biernacki,PSL-TD,aktywny,26,sprawozdanie,Sprawozdanie za 2023/2024 rok,http://orka.sejm.gov.pl/rozlicz10.nsf/lista/2024018/$File/2024ryczalt_018.pdf?OpenElement
019,Paweł Bliźniuk,KO,aktywny,9,sprawozdanie,Sprawozdanie za 2023/2024 rok,http://orka.sejm.gov.pl/rozlicz10.nsf/lista/2024019/$File/2024ryczalt_019.pdf?OpenElement
020,Mariusz Błaszczak,PiS,aktywny,20,sprawozdanie,Sprawozdanie za 2023/2024 rok,http://orka.sejm.gov.pl/rozlicz10.nsf/lista/2024020/$File/2024ryczalt_020.pdf?OpenElement
021,Mateusz Bochenek,KO,aktywny,32,sprawozdanie,Sprawozdanie za 2023/2024 rok,http://orka.sejm.gov.pl/rozlicz10.nsf/lista/2024021/$File/2024ryczalt_021.pdf?OpenElement
022,Rafał Bochenek,PiS,aktywny,12,sprawozdanie,Sprawozdanie za 2023/2024 rok,http://orka.sejm.gov.pl/rozlicz10.nsf/lista/2024022/$File/2024ryczalt_022.pdf?OpenElement
023,Izabela Bodnar,niez.,aktywny,3,sprawozdanie,Sprawozdanie za 2023/2024 rok,http://orka.sejm.gov.pl/rozlicz10.nsf/lista/2024023/$File/2024ryczalt_023.pdf?OpenElement
023,Izabela Bodnar,niez.,aktywny,3,korekta,Korekta za 2023/2024 rok,http://orka.sejm.gov.pl/rozlicz10.nsf/lista/2024023k/$File/2024ryczaltkor_023.pdf?OpenElement
024,Jacek Bogucki,PiS,aktywny,24,sprawozdanie,Sprawozdanie za 2023/2024 rok,http://orka.sejm.gov.pl/rozlicz10.nsf/lista/2024024/$File/2024ryczalt_024.pdf?OpenElement
024,Jacek Bogucki,PiS,aktywny,24,korekta,Korekta za 2023/2024 rok,http://orka.sejm.gov.pl/rozlicz10.nsf/lista/2024024k/$File/2024ryczaltkor_024.pdf?OpenElement
025,Zbigniew Bogucki,PiS,wygasl,41,sprawozdanie,Sprawozdanie za 2023/2024 rok,http://orka.sejm.gov.pl/rozlicz10.nsf/lista/2024025/$File/2024ryczalt_025.pdf?OpenElement
026,Krzysztof Bojarski,KO,aktywny,6,sprawozdanie,Sprawozdanie za 2023/2024 rok,http://orka.sejm.gov.pl/rozlicz10.nsf/lista/2024026/$File/2024ryczalt_026.pdf?OpenElement
027,Joanna Borowiak,PiS,aktywny,5,sprawozdanie,Sprawozdanie za 2023/2024 rok,http://orka.sejm.gov.pl/rozlicz10.nsf/lista/2024027/$File/2024ryczalt_027.pdf?OpenElement
028,Kamil Bortniczuk,PiS,aktywny,16,sprawozdanie,Sprawozdanie za 2023/2024 rok,http://orka.sejm.gov.pl/rozlicz10.nsf/lista/2024028/$File/2024ryczalt_028.pdf?OpenElement
029,Piotr Borys,KO,aktywny,1,sprawozdanie,Sprawozdanie za 2023/2024 rok,http://orka.sejm.gov.pl/rozlicz10.nsf/lista/2024029/$File/2024ryczalt_029.pdf?OpenElement
030,Bożena Borys-Szopa,PiS,aktywny,29,sprawozdanie,Sprawozdanie za 2023/2024 rok,http://orka.sejm.gov.pl/rozlicz10.nsf/lista/2024030/$File/2024ryczalt_030.pdf?OpenElement
031,Marcin Bosacki,KO,aktywny,39,sprawozdanie,Sprawozdanie za 2023/2024 rok,http://orka.sejm.gov.pl/rozlicz10.nsf/lista/2024031/$File/2024ryczalt_031.pdf?OpenElement
032,Karina Anna Bosak,Konfederacja,aktywny,20,sprawozdanie,Sprawozdanie za 2023/2024 rok,http://orka.sejm.gov.pl/rozlicz10.nsf/lista/2024032/$File/2024ryczalt_032.pdf?OpenElement
033,Krzysztof Bosak,Konfederacja,aktywny,24,sprawozdanie,Sprawozdanie za 2023/2024 rok,http://orka.sejm.gov.pl/rozlicz10.nsf/lista/2024033/$File/2024ryczalt_033.pdf?OpenElement
034,Grzegorz Braun,Konfederacja,wygasl,23,inne,Rozliczenie za okres sprawowania mandatu,http://orka.sejm.gov.pl/rozlicz10.nsf/lista/2024034/$File/2024ryczalt_034.pdf?OpenElement
035,Krzysztof Brejza,KO,wygasl,4,inne,Rozliczenie za okres sprawowania mandatu,http://orka.sejm.gov.pl/rozlicz10.nsf/lista/2024035/$File/2024ryczalt_035.pdf?OpenElement
036,Agnieszka Buczyńska,Polska2050-TD,aktywny,25,sprawozdanie,Sprawozdanie za 2023/2024 rok,http://orka.sejm.gov.pl/rozlicz10.nsf/lista/2024036/$File/2024ryczalt_036.pdf?OpenElement
036,Agnieszka Buczyńska,Polska2050-TD,aktywny,25,korekta,Korekta za 2023/2024 rok,http://orka.sejm.gov.pl/rozlicz10.nsf/lista/2024036k/$File/2024ryczaltkor_036.pdf?OpenElement
037,Waldemar Buda,PiS,wygasl,9,inne,Rozliczenie za okres sprawowania mandatu,http://orka.sejm.gov.pl/rozlicz10.nsf/lista/2024037/$File/2024ryczalt_037.pdf?OpenElement
038,Borys Budka,KO,wygasl,31,inne,Rozliczenie za okres sprawowania mandatu,http://orka.sejm.gov.pl/rozlicz10.nsf/lista/2024038/$File/2024ryczalt_038.pdf?OpenElement
039,Elżbieta Burkiewicz,Polska2050-TD,aktywny,23,sprawozdanie,Sprawozdanie za 2023/2024 rok,http://orka.sejm.gov.pl/rozlicz10.nsf/lista/2024039/$File/2024ryczalt_039.pdf?OpenElement
040,Lidia Burzyńska,PiS,aktywny,28,sprawozdanie,Sprawozdanie za 2023/2024 rok,http://orka.sejm.gov.pl/rozlicz10.nsf/lista/2024040/$File/2024ryczalt_040.pdf?OpenElement
041,Marek Jan Chmielewski,KO,aktywny,2,sprawozdanie,Sprawozdanie za 2023/2024 rok,http://orka.sejm.gov.pl/rozlicz10.nsf/lista/2024041/$File/2024ryczalt_041.pdf?OpenElement
042,Zbigniew Chmielowiec,PiS,aktywny,23,sprawozdanie,Sprawozdanie za 2023/2024 rok,http://orka.sejm.gov.pl/rozlicz10.nsf/lista/2024042/$File/2024ryczalt_042.pdf?OpenElement
043,Artur Chojecki,PiS,aktywny,35,sprawozdanie,Sprawozdanie za 2023/2024 rok,http://orka.sejm.gov.pl/rozlicz10.nsf/lista/2024043/$File/2024ryczalt_043.pdf?OpenElement
044,Kazimierz Bogusław Choma,PiS,aktywny,6,sprawozdanie,Sprawozdanie za 2023/2024 rok,http://orka.sejm.gov.pl/rozlicz10.nsf/lista/2024044/$File/2024ryczalt_044.pdf?OpenElement
045,Dominika Chorosińska,PiS,aktywny,20,sprawozdanie,Sprawozdanie za 2023/2024 rok,http://orka.sejm.gov.pl/rozlicz10.nsf/lista/2024045/$File/2024ryczalt_045.pdf?OpenElement
045,Dominika Chorosińska,PiS,aktywny,20,korekta,Korekta za 2023/2024 rok,http://orka.sejm.gov.pl/rozlicz10.nsf/lista/2024045k/$File/2024ryczaltkor_045.pdf?OpenElement
046,Tadeusz Chrzan,PiS,aktywny,22,sprawozdanie,Sprawozdanie za 2023/2024 rok,http://orka.sejm.gov.pl/rozlicz10.nsf/lista/2024046/$File/2024ryczalt_046.pdf?OpenElement
047,Alicja Chybicka,KO,aktywny,3,sprawozdanie,Sprawozdanie za 2023/2024 rok,http://orka.sejm.gov.pl/rozlicz10.nsf/lista/2024047/$File/2024ryczalt_047.pdf?OpenElement
048,Anna Ewa Cicholska,PiS,aktywny,16,sprawozdanie,Sprawozdanie za 2023/2024 rok,http://orka.sejm.gov.pl/rozlicz10.nsf/lista/2024048/$File/2024ryczalt_048.pdf?OpenElement
049,Janusz Cichoń,KO,aktywny,35,sprawozdanie,Sprawozdanie za 2023/2024 rok,http://orka.sejm.gov.pl/rozlicz10.nsf/lista/2024049/$File/2024ryczalt_049.pdf?OpenElement
050,Krzysztof Ciecióra,PiS,aktywny,10,sprawozdanie,Sprawozdanie za 2023/2024 rok,http://orka.sejm.gov.pl/rozlicz10.nsf/lista/2024050/$File/2024ryczalt_050.pdf?OpenElement
051,Janusz Cieszyński,PiS,aktywny,35,sprawozdanie,Sprawozdanie za 2023/2024 rok,http://orka.sejm.gov.pl/rozlicz10.nsf/lista/2024051/$File/2024ryczalt_051.pdf?OpenElement
051,Janusz Cieszyński,PiS,aktywny,35,korekta,Korekta za 2023/2024 rok,http://orka.sejm.gov.pl/rozlicz10.nsf/lista/2024051k/$File/2024ryczaltkor_051.pdf?OpenElement
052,Michał Cieślak,PiS,aktywny,33,sprawozdanie,Sprawozdanie za 2023/2024 rok,http://orka.sejm.gov.pl/rozlicz10.nsf/lista/2024052/$File/2024ryczalt_052.pdf?OpenElement
053,Żaneta Cwalina-Śliwowska,Polska2050-TD,aktywny,18,sprawozdanie,Sprawozdanie za 2023/2024 rok,http://orka.sejm.gov.pl/rozlicz10.nsf/lista/2024053/$File/2024ryczalt_053.pdf?OpenElement
053,Żaneta Cwalina-Śliwowska,Polska2050-TD,aktywny,18,korekta,Korekta za 2023/2024 rok,http://orka.sejm.gov.pl/rozlicz10.nsf/lista/2024053k/$File/2024ryczaltkor_053.pdf?OpenElement
054,Krzysztof Czarnecki,PiS,aktywny,38,sprawozdanie,Sprawozdanie za 2023/2024 rok,http://orka.sejm.gov.pl/rozlicz10.nsf/lista/2024054/$File/2024ryczalt_054.pdf?OpenElement
055,Witold Wojciech Czarnecki,PiS,aktywny,37,sprawozdanie,Sprawozdanie za 2023/2024 rok,http://orka.sejm.gov.pl/rozlicz10.nsf/lista/2024055/$File/2024ryczalt_055.pdf?OpenElement
056,Przemysław Czarnek,PiS,aktywny,6,sprawozdanie,Sprawozdanie za 2023/2024 rok,http://orka.sejm.gov.pl/rozlicz10.nsf/lista/2024056/$File/2024ryczalt_056.pdf?OpenElement
057,Arkadiusz Czartoryski,PiS,aktywny,18,sprawozdanie,Sprawozdanie za 2023/2024 rok,http://orka.sejm.gov.pl/rozlicz10.nsf/lista/2024057/$File/2024ryczalt_057.pdf?OpenElement
058,Włodzimierz Czarzasty,Lewica,aktywny,32,sprawozdanie,Sprawozdanie za 2023/2024 rok,http://orka.sejm.gov.pl/rozlicz10.nsf/lista/2024058/$File/2024ryczalt_058.pdf?OpenElement
059,Jacek Czerniak,Lewica,aktywny,6,sprawozdanie,Sprawozdanie za 2023/2024 rok,http://orka.sejm.gov.pl/rozlicz10.nsf/lista/2024059/$File/2024ryczalt_059.pdf?OpenElement
060,Zofia Czernow,KO,aktywny,1,sprawozdanie,Sprawozdanie za 2023/2024 rok,http://orka.sejm.gov.pl/rozlicz10.nsf/lista/2024060/$File/2024ryczalt_060.pdf?OpenElement
061,Anita Czerwińska,PiS,aktywny,20,sprawozdanie,Sprawozdanie za 2023/2024 rok,http://orka.sejm.gov.pl/rozlicz10.nsf/lista/2024061/$File/2024ryczalt_061.pdf?OpenElement
062,Katarzyna Czochara,PiS,aktywny,21,sprawozdanie,Sprawozdanie za 2023/2024 rok,http://orka.sejm.gov.pl/rozlicz10.nsf/lista/2024062/$File/2024ryczalt_062.pdf?OpenElement
063,Sławomir Ćwik,Polska2050-TD,aktywny,7,sprawozdanie,Sprawozdanie za 2023/2024 rok,http://orka.sejm.gov.pl/rozlicz10.nsf/lista/2024063/$File/2024ryczalt_063.pdf?OpenElement
063,Sławomir Ćwik,Polska2050-TD,aktywny,7,korekta,Korekta za 2023/2024 rok,http://orka.sejm.gov.pl/rozlicz10.nsf/lista/2024063k/$File/2024ryczaltkor_063.pdf?OpenElement
064,Władysław Dajczak,PiS,aktywny,8,sprawozdanie,Sprawozdanie za 2023/2024 rok,http://orka.sejm.gov.pl/rozlicz10.nsf/lista/2024064/$File/2024ryczalt_064.pdf?OpenElement
065,Anna Dąbrowska-Banaszek,PiS,aktywny,7,sprawozdanie,Sprawozdanie za 2023/2024 rok,http://orka.sejm.gov.pl/rozlicz10.nsf/lista/2024065/$File/2024ryczalt_065.pdf?OpenElement
066,Zbigniew Dolata,PiS,aktywny,37,sprawozdanie,Sprawozdanie za 2023/2024 rok,http://orka.sejm.gov.pl/rozlicz10.nsf/lista/2024066/$File/2024ryczalt_066.pdf?OpenElement
067,Barbara Dolniak,KO,aktywny,32,sprawozdanie,Sprawozdanie za 2023/2024 rok,http://orka.sejm.gov.pl/rozlicz10.nsf/lista/2024067/$File/2024ryczalt_067.pdf?OpenElement
068,Andrzej Domański,KO,aktywny,19,sprawozdanie,Sprawozdanie za 2023/2024 rok,http://orka.sejm.gov.pl/rozlicz10.nsf/lista/2024068/$File/2024ryczalt_068.pdf?OpenElement
069,Bartłomiej Dorywalski,PiS,aktywny,33,sprawozdanie,Sprawozdanie za 2023/2024 rok,http://orka.sejm.gov.pl/rozlicz10.nsf/lista/2024069/$File/2024ryczalt_069.pdf?OpenElement
070,Robert Dowhan,KO,aktywny,8,sprawozdanie,Sprawozdanie za 2023/2024 rok,http://orka.sejm.gov.pl/rozlicz10.nsf/lista/2024070/$File/2024ryczalt_070.pdf?OpenElement
071,Przemysław Drabek,PiS,aktywny,27,sprawozdanie,Sprawozdanie za 2023/2024 rok,http://orka.sejm.gov.pl/rozlicz10.nsf/lista/2024071/$File/2024ryczalt_071.pdf?OpenElement
072,Elżbieta Duda,PiS,aktywny,13,sprawozdanie,Sprawozdanie za 2023/2024 rok,http://orka.sejm.gov.pl/rozlicz10.nsf/lista/2024072/$File/2024ryczalt_072.pdf?OpenElement
073,Michał Paweł Dworczyk,PiS,wygasl,2,inne,Rozliczenie za okres sprawowania mandatu,http://orka.sejm.gov.pl/rozlicz10.nsf/lista/2024073/$File/2024ryczalt_073.pdf?OpenElement
074,Adam Dziedzic,PSL-TD,aktywny,23,sprawozdanie,Sprawozdanie za 2023/2024 rok,http://orka.sejm.gov.pl/rozlicz10.nsf/lista/2024074/$File/2024ryczalt_074.pdf?OpenElement
075,Jan Michał Dziedziczak,PiS,aktywny,36,sprawozdanie,Sprawozdanie za 2023/2024 rok,http://orka.sejm.gov.pl/rozlicz10.nsf/lista/2024075/$File/2024ryczalt_075.pdf?OpenElement
076,Agnieszka Dziemianowicz-Bąk,Lewica,aktywny,26,sprawozdanie,Sprawozdanie za 2023/2024 rok,http://orka.sejm.gov.pl/rozlicz10.nsf/lista/2024076/$File/2024ryczalt_076.pdf?OpenElement
077,Magdalena Filiks,KO,aktywny,41,sprawozdanie,Sprawozdanie za 2023/2024 rok,http://orka.sejm.gov.pl/rozlicz10.nsf/lista/2024077/$File/2024ryczalt_077.pdf?OpenElement
078,Magdalena Filipek-Sobczak,PiS,aktywny,6,sprawozdanie,Sprawozdanie za 2023/2024 rok,http://orka.sejm.gov.pl/rozlicz10.nsf/lista/2024078/$File/2024ryczalt_078.pdf?OpenElement
079,Radosław Fogiel,PiS,aktywny,17,sprawozdanie,Sprawozdanie za 2023/2024 rok,http://orka.sejm.gov.pl/rozlicz10.nsf/lista/2024079/$File/2024ryczalt_079.pdf?OpenElement
080,Bronisław Foltyn,Konfederacja,aktywny,27,sprawozdanie,Sprawozdanie za 2023/2024 rok,http://orka.sejm.gov.pl/rozlicz10.nsf/lista/2024080/$File/2024ryczalt_080.pdf?OpenElement
081,Roman Fritz,Konfederacja_KP,aktywny,30,sprawozdanie,Sprawozdanie za 2023/2024 rok,http://orka.sejm.gov.pl/rozlicz10.nsf/lista/2024081/$File/2024ryczalt_081.pdf?OpenElement
082,Joanna Frydrych,KO,aktywny,22,sprawozdanie,Sprawozdanie za 2023/2024 rok,http://orka.sejm.gov.pl/rozlicz10.nsf/lista/2024082/$File/2024ryczalt_082.pdf?OpenElement
083,Konrad Frysztak,KO,aktywny,17,sprawozdanie,Sprawozdanie za 2023/2024 rok,http://orka.sejm.gov.pl/rozlicz10.nsf/lista/2024083/$File/2024ryczalt_083.pdf?OpenElement
084,Patryk Gabriel,KO,aktywny,25,sprawozdanie,Sprawozdanie za 2023/2024 rok,http://orka.sejm.gov.pl/rozlicz10.nsf/lista/2024084/$File/2024ryczalt_084.pdf?OpenElement
085,Krzysztof Gadowski,KO,aktywny,30,sprawozdanie,Sprawozdanie za 2023/2024 rok,http://orka.sejm.gov.pl/rozlicz10.nsf/lista/2024085/$File/2024ryczalt_085.pdf?OpenElement
086,Aleksandra Gajewska,KO,aktywny,19,sprawozdanie,Sprawozdanie za 2023/2024 rok,http://orka.sejm.gov.pl/rozlicz10.nsf/lista/2024086/$File/2024ryczalt_086.pdf?OpenElement
087,Kinga Gajewska,KO,aktywny,20,sprawozdanie,Sprawozdanie za 2023/2024 rok,http://orka.sejm.gov.pl/rozlicz10.nsf/lista/2024087/$File/2024ryczalt_087.pdf?OpenElement
087,Kinga Gajewska,KO,aktywny,20,korekta,Korekta za 2023/2024 rok,http://orka.sejm.gov.pl/rozlicz10.nsf/lista/2024087k/$File/2024ryczaltkor_087.pdf?OpenElement
088,Elżbieta Gapińska,KO,aktywny,16,sprawozdanie,Sprawozdanie za 2023/2024 rok,http://orka.sejm.gov.pl/rozlicz10.nsf/lista/2024088/$File/2024ryczalt_088.pdf?OpenElement
089,Kamila Gasiuk-Pihowicz,KO,wygasl,18,inne,Rozliczenie za okres sprawowania mandatu,http://orka.sejm.gov.pl/rozlicz10.nsf/lista/2024089/$File/2024ryczalt_089.pdf?OpenElement
090,Krzysztof Gawkowski,Lewica,aktywny,4,sprawozdanie,Sprawozdanie za 2023/2024 rok,http://orka.sejm.gov.pl/rozlicz10.nsf/lista/2024090/$File/2024ryczalt_090.pdf?OpenElement
091,Zdzisław Gawlik,KO,aktywny,23,sprawozdanie,Sprawozdanie za 2023/2024 rok,http://orka.sejm.gov.pl/rozlicz10.nsf/lista/2024091/$File/2024ryczalt_091.pdf?OpenElement
092,Andrzej Gawron,PiS,aktywny,28,sprawozdanie,Sprawozdanie za 2023/2024 rok,http://orka.sejm.gov.pl/rozlicz10.nsf/lista/2024092/$File/2024ryczalt_092.pdf?OpenElement
093,Grzegorz Gaża,PiS,aktywny,27,sprawozdanie,Sprawozdanie za 2023/2024 rok,http://orka.sejm.gov.pl/rozlicz10.nsf/lista/2024093/$File/2024ryczalt_093.pdf?OpenElement
094,Elżbieta Gelert,KO,aktywny,34,sprawozdanie,Sprawozdanie za 2023/2024 rok,http://orka.sejm.gov.pl/rozlicz10.nsf/lista/2024094/$File/2024ryczalt_094.pdf?OpenElement
095,Anna Gembicka,PiS,aktywny,5,sprawozdanie,Sprawozdanie za 2023/2024 rok,http://orka.sejm.gov.pl/rozlicz10.nsf/lista/2024095/$File/2024ryczalt_095.pdf?OpenElement
096,Artur Daniel Gierada,KO,aktywny,33,sprawozdanie,Sprawozdanie za 2023/2024 rok,http://orka.sejm.gov.pl/rozlicz10.nsf/lista/2024096/$File/2024ryczalt_096.pdf?OpenElement
097,Roman Giertych,KO,aktywny,33,sprawozdanie,Sprawozdanie za 2023/2024 rok,http://orka.sejm.gov.pl/rozlicz10.nsf/lista/2024097/$File/2024ryczalt_097.pdf?OpenElement
098,Włodzisław Giziński,KO,aktywny,4,sprawozdanie,Sprawozdanie za 2023/2024 rok,http://orka.sejm.gov.pl/rozlicz10.nsf/lista/2024098/$File/2024ryczalt_098.pdf?OpenElement
099,Szymon Giżyński,PiS,aktywny,28,sprawozdanie,Sprawozdanie za 2023/2024 rok,http://orka.sejm.gov.pl/rozlicz10.nsf/lista/2024099/$File/2024ryczalt_099.pdf?OpenElement
100,Piotr Gliński,PiS,aktywny,19,sprawozdanie,Sprawozdanie za 2023/2024 rok,http://orka.sejm.gov.pl/rozlicz10.nsf/lista/2024100/$File/2024ryczalt_100.pdf?OpenElement
101,Tomasz Głogowski,KO,aktywny,29,sprawozdanie,Sprawozdanie za 2023/2024 rok,http://orka.sejm.gov.pl/rozlicz10.nsf/lista/2024101/$File/2024ryczalt_101.pdf?OpenElement
102,Piotr Głowski,KO,aktywny,38,sprawozdanie,Sprawozdanie za 2023/2024 rok,http://orka.sejm.gov.pl/rozlicz10.nsf/lista/2024102/$File/2024ryczalt_102.pdf?OpenElement
103,Marta Golbik,KO,aktywny,29,sprawozdanie,Sprawozdanie za 2023/2024 rok,http://orka.sejm.gov.pl/rozlicz10.nsf/lista/2024103/$File/2024ryczalt_103.pdf?OpenElement
104,Małgorzata Golińska,PiS,aktywny,40,sprawozdanie,Sprawozdanie za 2023/2024 rok,http://orka.sejm.gov.pl/rozlicz10.nsf/lista/2024104/$File/2024ryczalt_104.pdf?OpenElement
105,Kazimierz Gołojuch,PiS,aktywny,23,sprawozdanie,Sprawozdanie za 2023/2024 rok,http://orka.sejm.gov.pl/rozlicz10.nsf/lista/2024105/$File/2024ryczalt_105.pdf?OpenElement
106,Adam Gomoła,niez.,aktywny,21,sprawozdanie,Sprawozdanie za 2023/2024 rok,http://orka.sejm.gov.pl/rozlicz10.nsf/lista/2024106/$File/2024ryczalt_106.pdf?OpenElement
106,Adam Gomoła,niez.,aktywny,21,korekta,Korekta za 2023/2024 rok,http://orka.sejm.gov.pl/rozlicz10.nsf/lista/2024106k/$File/2024ryczaltkor_106.pdf?OpenElement
107,Robert Gontarz,PiS,aktywny,34,sprawozdanie,Sprawozdanie za 2023/2024 rok,http://orka.sejm.gov.pl/rozlicz10.nsf/lista/2024107/$File/2024ryczalt_107.pdf?OpenElement
108,Stanisław Gorczyca,KO,aktywny,34,sprawozdanie,Sprawozdanie za 2023/2024 rok,http://orka.sejm.gov.pl/rozlicz10.nsf/lista/2024108/$File/2024ryczalt_108.pdf?OpenElement
109,Mariusz Gosek,PiS,aktywny,33,sprawozdanie,Sprawozdanie za 2023/2024 rok,http://orka.sejm.gov.pl/rozlicz10.nsf/lista/2024109/$File/2024ryczalt_109.pdf?OpenElement
110,Daria Gosek-Popiołek,Lewica,aktywny,13,sprawozdanie,Sprawozdanie za 2023/2024 rok,http://orka.sejm.gov.pl/rozlicz10.nsf/lista/2024110/$File/2024ryczalt_110.pdf?OpenElement
111,Małgorzata Gosiewska,PiS,wygasl,19,inne,Rozliczenie za okres sprawowania mandatu,http://orka.sejm.gov.pl/rozlicz10.nsf/lista/2024111/$File/2024ryczalt_111.pdf?OpenElement
112,Piotr Górnikiewicz,Polska2050-TD,aktywny,15,sprawozdanie,Sprawozdanie za 2023/2024 rok,http://orka.sejm.gov.pl/rozlicz10.nsf/lista/2024112/$File/2024ryczalt_112.pdf?OpenElement
113,Agnieszka Górska,PiS,aktywny,17,sprawozdanie,Sprawozdanie za 2023/2024 rok,http://orka.sejm.gov.pl/rozlicz10.nsf/lista/2024113/$File/2024ryczalt_113.pdf?OpenElement
114,Krzysztof Grabczuk,KO,aktywny,7,sprawozdanie,Sprawozdanie za 2023/2024 rok,http://orka.sejm.gov.pl/rozlicz10.nsf/lista/2024114/$File/2024ryczalt_114.pdf?OpenElement
115,Jan Grabiec,KO,aktywny,20,sprawozdanie,Sprawozdanie za 2023/2024 rok,http://orka.sejm.gov.pl/rozlicz10.nsf/lista/2024115/$File/2024ryczalt_115.pdf?OpenElement
116,Marcin Grabowski,PiS,aktywny,18,sprawozdanie,Sprawozdanie za 2023/2024 rok,http://orka.sejm.gov.pl/rozlicz10.nsf/lista/2024116/$File/2024ryczalt_116.pdf?OpenElement
117,Michał Gramatyka,Polska2050-TD,aktywny,31,sprawozdanie,Sprawozdanie za 2023/2024 rok,http://orka.sejm.gov.pl/rozlicz10.nsf/lista/2024117/$File/2024ryczalt_117.pdf?OpenElement
118,Małgorzata Gromadzka,KO,aktywny,7,sprawozdanie,Sprawozdanie za 2023/2024 rok,http://orka.sejm.gov.pl/rozlicz10.nsf/lista/2024118/$File/2024ryczalt_118.pdf?OpenElement
118,Małgorzata Gromadzka,KO,aktywny,7,korekta,Korekta za 2023/2024 rok,http://orka.sejm.gov.pl/rozlicz10.nsf/lista/2024118k/$File/2024ryczaltkor_118.pdf?OpenElement
119,Marek Gróbarczyk,PiS,aktywny,41,sprawozdanie,Sprawozdanie za 2023/2024 rok,http://orka.sejm.gov.pl/rozlicz10.nsf/lista/2024119/$File/2024ryczalt_119.pdf?OpenElement
120,Andrzej Grzyb,PSL-TD,aktywny,36,sprawozdanie,Sprawozdanie za 2023/2024 rok,http://orka.sejm.gov.pl/rozlicz10.nsf/lista/2024120/$File/2024ryczalt_120.pdf?OpenElement
121,Andrzej Gut-Mostowy,PiS,aktywny,14,sprawozdanie,Sprawozdanie za 2023/2024 rok,http://orka.sejm.gov.pl/rozlicz10.nsf/lista/2024121/$File/2024ryczalt_121.pdf?OpenElement
121,Andrzej Gut-Mostowy,PiS,aktywny,14,korekta,Korekta za 2023/2024 rok,http://orka.sejm.gov.pl/rozlicz10.nsf/lista/2024121k/$File/2024ryczaltkor_121.pdf?OpenElement
122,Kazimierz Gwiazdowski,PiS,aktywny,24,sprawozdanie,Sprawozdanie za 2023/2024 rok,http://orka.sejm.gov.pl/rozlicz10.nsf/lista/2024122/$File/2024ryczalt_122.pdf?OpenElement
123,Marcin Gwóźdź,PiS,aktywny,2,sprawozdanie,Sprawozdanie za 2023/2024 rok,http://orka.sejm.gov.pl/rozlicz10.nsf/lista/2024123/$File/2024ryczalt_123.pdf?OpenElement
124,Marek Gzik,KO,aktywny,29,sprawozdanie,Sprawozdanie za 2023/2024 rok,http://orka.sejm.gov.pl/rozlicz10.nsf/lista/2024124/$File/2024ryczalt_124.pdf?OpenElement
125,Krzysztof Habura,KO,aktywny,11,sprawozdanie,Sprawozdanie za 2023/2024 rok,http://orka.sejm.gov.pl/rozlicz10.nsf/lista/2024125/$File/2024ryczalt_125.pdf?OpenElement
126,Agnieszka Hanajczyk,KO,aktywny,11,sprawozdanie,Sprawozdanie za 2023/2024 rok,http://orka.sejm.gov.pl/rozlicz10.nsf/lista/2024126/$File/2024ryczalt_126.pdf?OpenElement
127,Iwona Hartwich,KO,aktywny,5,sprawozdanie,Sprawozdanie za 2023/2024 rok,http://orka.sejm.gov.pl/rozlicz10.nsf/lista/2024127/$File/2024ryczalt_127.pdf?OpenElement
127,Iwona Hartwich,KO,aktywny,5,korekta,Korekta za 2023/2024 rok,http://orka.sejm.gov.pl/rozlicz10.nsf/lista/2024127k/$File/2024ryczaltkor_127.pdf?OpenElement
128,Paulina Hennig-Kloska,Polska2050-TD,aktywny,37,sprawozdanie,Sprawozdanie za 2023/2024 rok,http://orka.sejm.gov.pl/rozlicz10.nsf/lista/2024128/$File/2024ryczalt_128.pdf?OpenElement
129,Krzysztof Hetman,PSL-TD,wygasl,6,inne,Rozliczenie za okres sprawowania mandatu,http://orka.sejm.gov.pl/rozlicz10.nsf/lista/2024129/$File/2024ryczalt_129.pdf?OpenElement
130,Czesław Hoc,PiS,aktywny,40,sprawozdanie,Sprawozdanie za 2023/2024 rok,http://orka.sejm.gov.pl/rozlicz10.nsf/lista/2024130/$File/2024ryczalt_130.pdf?OpenElement
130,Czesław Hoc,PiS,aktywny,40,korekta,Korekta za 2023/2024 rok,http://orka.sejm.gov.pl/rozlicz10.nsf/lista/2024130k/$File/2024ryczaltkor_130.pdf?OpenElement
131,Zbigniew Hoffmann,PiS,aktywny,37,sprawozdanie,Sprawozdanie za 2023/2024 rok,http://orka.sejm.gov.pl/rozlicz10.nsf/lista/2024131/$File/2024ryczalt_131.pdf?OpenElement
132,Marek Tomasz Hok,KO,aktywny,40,sprawozdanie,Sprawozdanie za 2023/2024 rok,http://orka.sejm.gov.pl/rozlicz10.nsf/lista/2024132/$File/2024ryczalt_132.pdf?OpenElement
133,Szymon Hołownia,Polska2050-TD,aktywny,24,sprawozdanie,Sprawozdanie za 2023/2024 rok,http://orka.sejm.gov.pl/rozlicz10.nsf/lista/2024133/$File/2024ryczalt_133.pdf?OpenElement
134,Marcin Horała,PiS,aktywny,26,sprawozdanie,Sprawozdanie za 2023/2024 rok,http://orka.sejm.gov.pl/rozlicz10.nsf/lista/2024134/$File/2024ryczalt_134.pdf?OpenElement
135,Łukasz Horbatowski,KO,aktywny,1,sprawozdanie,Sprawozdanie za 2023/2024 rok,http://orka.sejm.gov.pl/rozlicz10.nsf/lista/2024135/$File/2024ryczalt_135.pdf?OpenElement
136,Paweł Hreniak,PiS,aktywny,3,sprawozdanie,Sprawozdanie za 2023/2024 rok,http://orka.sejm.gov.pl/rozlicz10.nsf/lista/2024136/$File/2024ryczalt_136.pdf?OpenElement
137,Paweł Jabłoński,PiS,aktywny,30,sprawozdanie,Sprawozdanie za 2023/2024 rok,http://orka.sejm.gov.pl/rozlicz10.nsf/lista/2024137/$File/2024ryczalt_137.pdf?OpenElement
138,Klaudia Jachira,KO,aktywny,19,sprawozdanie,Sprawozdanie za 2023/2024 rok,http://orka.sejm.gov.pl/rozlicz10.nsf/lista/2024138/$File/2024ryczalt_138.pdf?OpenElement
139,Marek Jakubiak,Republikanie,aktywny,19,sprawozdanie,Sprawozdanie za 2023/2024 rok,http://orka.sejm.gov.pl/rozlicz10.nsf/lista/2024139/$File/2024ryczalt_139.pdf?OpenElement
140,Maria Małgorzata Janyska,KO,aktywny,38,sprawozdanie,Sprawozdanie za 2023/2024 rok,http://orka.sejm.gov.pl/rozlicz10.nsf/lista/2024140/$File/2024ryczalt_140.pdf?OpenElement
141,Michał Jaros,KO,aktywny,3,sprawozdanie,Sprawozdanie za 2023/2024 rok,http://orka.sejm.gov.pl/rozlicz10.nsf/lista/2024141/$File/2024ryczalt_141.pdf?OpenElement
142,Patryk Jaskulski,KO,aktywny,41,sprawozdanie,Sprawozdanie za 2023/2024 rok,http://orka.sejm.gov.pl/rozlicz10.nsf/lista/2024142/$File/2024ryczalt_142.pdf?OpenElement
142,Patryk Jaskulski,KO,aktywny,41,korekta,Korekta za 2023/2024 rok,http://orka.sejm.gov.pl/rozlicz10.nsf/lista/2024142k/$File/2024ryczaltkor_142.pdf?OpenElement
143,Danuta Jazłowiecka,KO,aktywny,21,sprawozdanie,Sprawozdanie za 2023/2024 rok,http://orka.sejm.gov.pl/rozlicz10.nsf/lista/2024143/$File/2024ryczalt_143.pdf?OpenElement
144,Dariusz Joński,KO,wygasl,9,inne,Rozliczenie za okres sprawowania mandatu,http://orka.sejm.gov.pl/rozlicz10.nsf/lista/2024144/$File/2024ryczalt_144.pdf?OpenElement
145,Marcin Józefaciuk,KO,aktywny,9,sprawozdanie,Sprawozdanie za 2023/2024 rok,http://orka.sejm.gov.pl/rozlicz10.nsf/lista/2024145/$File/2024ryczalt_145.pdf?OpenElement
146,Norbert Jakub Kaczmarczyk,PiS,aktywny,15,sprawozdanie,Sprawozdanie za 2023/2024 rok,http://orka.sejm.gov.pl/rozlicz10.nsf/lista/2024146/$File/2024ryczalt_146.pdf?OpenElement
147,Filip Kaczyński,PiS,aktywny,12,sprawozdanie,Sprawozdanie za 2023/2024 rok,http://orka.sejm.gov.pl/rozlicz10.nsf/lista/2024147/$File/2024ryczalt_147.pdf?OpenElement
148,Jarosław Kaczyński,PiS,aktywny,33,sprawozdanie,Sprawozdanie za 2023/2024 rok,http://orka.sejm.gov.pl/rozlicz10.nsf/lista/2024148/$File/2024ryczalt_148.pdf?OpenElement
149,Piotr Kaleta,PiS,aktywny,36,sprawozdanie,Sprawozdanie za 2023/2024 rok,http://orka.sejm.gov.pl/rozlicz10.nsf/lista/2024149/$File/2024ryczalt_149.pdf?OpenElement
150,Sebastian Kaleta,PiS,aktywny,19,sprawozdanie,Sprawozdanie za 2023/2024 rok,http://orka.sejm.gov.pl/rozlicz10.nsf/lista/2024150/$File/2024ryczalt_150.pdf?OpenElement
151,Mariusz Kałużny,PiS,aktywny,5,sprawozdanie,Sprawozdanie za 2023/2024 rok,http://orka.sejm.gov.pl/rozlicz10.nsf/lista/2024151/$File/2024ryczalt_151.pdf?OpenElement
152,Mariusz Kamiński,PiS,wygasl,7,inne,Rozliczenie za okres sprawowania mandatu,http://orka.sejm.gov.pl/rozlicz10.nsf/lista/2023152/$File/2023ryczalt_152.pdf?OpenElement
153,Piotr Kandyba,KO,aktywny,20,sprawozdanie,Sprawozdanie za 2023/2024 rok,http://orka.sejm.gov.pl/rozlicz10.nsf/lista/2024153/$File/2024ryczalt_153.pdf?OpenElement
153,Piotr Kandyba,KO,aktywny,20,korekta,Korekta za 2023/2024 rok,http://orka.sejm.gov.pl/rozlicz10.nsf/lista/2024153k/$File/2024ryczaltkor_153.pdf?OpenElement
154,Jan Kanthak,PiS,aktywny,6,sprawozdanie,Sprawozdanie za 2023/2024 rok,http://orka.sejm.gov.pl/rozlicz10.nsf/lista/2024154/$File/2024ryczalt_154.pdf?OpenElement
154,Jan Kanthak,PiS,aktywny,6,korekta,Korekta za 2023/2024 rok,http://orka.sejm.gov.pl/rozlicz10.nsf/lista/2024154k/$File/2024ryczaltkor_154.pdf?OpenElement
155,Fryderyk Sylwester Kapinos,PiS,aktywny,23,sprawozdanie,Sprawozdanie za 2023/2024 rok,http://orka.sejm.gov.pl/rozlicz10.nsf/lista/2024155/$File/2024ryczalt_155.pdf?OpenElement
156,Jacek Karnowski,KO,aktywny,25,sprawozdanie,Sprawozdanie za 2023/2024 rok,http://orka.sejm.gov.pl/rozlicz10.nsf/lista/2024156/$File/2024ryczalt_156.pdf?OpenElement
157,Iwona Karolewska,KO,aktywny,4,sprawozdanie,Sprawozdanie za 2023/2024 rok,http://orka.sejm.gov.pl/rozlicz10.nsf/lista/2024157/$File/2024ryczalt_157.pdf?OpenElement
158,Rafał Kasprzyk,Polska2050-TD,aktywny,33,sprawozdanie,Sprawozdanie za 2023/2024 rok,http://orka.sejm.gov.pl/rozlicz10.nsf/lista/2024158/$File/2024ryczalt_158.pdf?OpenElement
159,Henryk Kiepura,PSL-TD,aktywny,28,sprawozdanie,Sprawozdanie za 2023/2024 rok,http://orka.sejm.gov.pl/rozlicz10.nsf/lista/2024159/$File/2024ryczalt_159.pdf?OpenElement
160,Marcin Kierwiński,KO,wygasl,16,inne,Rozliczenie za okres sprawowania mandatu,http://orka.sejm.gov.pl/rozlicz10.nsf/lista/2024160/$File/2024ryczalt_160.pdf?OpenElement
161,Katarzyna Kierzek-Koperska,KO,aktywny,39,sprawozdanie,Sprawozdanie za 2023/2024 rok,http://orka.sejm.gov.pl/rozlicz10.nsf/lista/2024161/$File/2024ryczalt_161.pdf?OpenElement
161,Katarzyna Kierzek-Koperska,KO,aktywny,39,korekta,Korekta za 2023/2024 rok,http://orka.sejm.gov.pl/rozlicz10.nsf/lista/2024161k/$File/2024ryczaltkor_161.pdf?OpenElement
162,Dariusz Klimczak,PSL-TD,aktywny,10,sprawozdanie,Sprawozdanie za 2023/2024 rok,http://orka.sejm.gov.pl/rozlicz10.nsf/lista/2024162/$File/2024ryczalt_162.pdf?OpenElement
163,Joanna Kluzik-Rostkowska,KO,aktywny,17,sprawozdanie,Sprawozdanie za 2023/2024 rok,http://orka.sejm.gov.pl/rozlicz10.nsf/lista/2024163/$File/2024ryczalt_163.pdf?OpenElement
164,Agnieszka Maria Kłopotek,PSL-TD,aktywny,4,sprawozdanie,Sprawozdanie za 2023/2024 rok,http://orka.sejm.gov.pl/rozlicz10.nsf/lista/2024164/$File/2024ryczalt_164.pdf?OpenElement
164,Agnieszka Maria Kłopotek,PSL-TD,aktywny,4,korekta,Korekta za 2023/2024 rok,http://orka.sejm.gov.pl/rozlicz10.nsf/lista/2024164k/$File/2024ryczaltkor_164.pdf?OpenElement
165,Łukasz Kmita,PiS,aktywny,12,sprawozdanie,Sprawozdanie za 2023/2024 rok,http://orka.sejm.gov.pl/rozlicz10.nsf/lista/2024165/$File/2024ryczalt_165.pdf?OpenElement
166,Michał Kobosko,Polska2050-TD,wygasl,19,inne,Rozliczenie za okres sprawowania mandatu,http://orka.sejm.gov.pl/rozlicz10.nsf/lista/2024166/$File/2024ryczalt_166.pdf?OpenElement
167,Maria Koc,PiS,aktywny,18,sprawozdanie,Sprawozdanie za 2023/2024 rok,http://orka.sejm.gov.pl/rozlicz10.nsf/lista/2024167/$File/2024ryczalt_167.pdf?OpenElement
167,Maria Koc,PiS,aktywny,18,korekta,Korekta za 2023/2024 rok,http://orka.sejm.gov.pl/rozlicz10.nsf/lista/2024167k/$File/2024ryczaltkor_167.pdf?OpenElement
168,Ewa Kołodziej,KO,aktywny,31,sprawozdanie,Sprawozdanie za 2023/2024 rok,http://orka.sejm.gov.pl/rozlicz10.nsf/lista/2024168/$File/2024ryczalt_168.pdf?OpenElement
169,Magdalena Małgorzata Kołodziejczak,KO,aktywny,25,sprawozdanie,Sprawozdanie za 2023/2024 rok,http://orka.sejm.gov.pl/rozlicz10.nsf/lista/2024169/$File/2024ryczalt_169.pdf?OpenElement
170,Michał Kołodziejczak,KO,aktywny,37,sprawozdanie,Sprawozdanie za 2023/2024 rok,http://orka.sejm.gov.pl/rozlicz10.nsf/lista/2024170/$File/2024ryczalt_170.pdf?OpenElement
171,Rafał Komarewicz,Polska2050-TD,aktywny,13,sprawozdanie,Sprawozdanie za 2023/2024 rok,http://orka.sejm.gov.pl/rozlicz10.nsf/lista/2024171/$File/2024ryczalt_171.pdf?OpenElement
172,Maciej Konieczny,Razem,aktywny,31,sprawozdanie,Sprawozdanie za 2023/2024 rok,http://orka.sejm.gov.pl/rozlicz10.nsf/lista/2024172/$File/2024ryczalt_172.pdf?OpenElement
173,Zbigniew Konwiński,KO,aktywny,26,sprawozdanie,Sprawozdanie za 2023/2024 rok,http://orka.sejm.gov.pl/rozlicz10.nsf/lista/2024173/$File/2024ryczalt_173.pdf?OpenElement
174,Władysław Kosiniak-Kamysz,PSL-TD,aktywny,15,sprawozdanie,Sprawozdanie za 2023/2024 rok,http://orka.sejm.gov.pl/rozlicz10.nsf/lista/2024174/$File/2024ryczalt_174.pdf?OpenElement
175,Tomasz Kostuś,KO,aktywny,21,sprawozdanie,Sprawozdanie za 2023/2024 rok,http://orka.sejm.gov.pl/rozlicz10.nsf/lista/2024175/$File/2024ryczalt_175.pdf?OpenElement
176,Andrzej Kosztowniak,PiS,aktywny,17,sprawozdanie,Sprawozdanie za 2023/2024 rok,http://orka.sejm.gov.pl/rozlicz10.nsf/lista/2024176/$File/2024ryczalt_176.pdf?OpenElement
177,Katarzyna Kotula,Lewica,aktywny,25,sprawozdanie,Sprawozdanie za 2023/2024 rok,http://orka.sejm.gov.pl/rozlicz10.nsf/lista/2024177/$File/2024ryczalt_177.pdf?OpenElement
178,Paweł Kowal,KO,aktywny,23,sprawozdanie,Sprawozdanie za 2023/2024 rok,http://orka.sejm.gov.pl/rozlicz10.nsf/lista/2024178/$File/2024ryczalt_178.pdf?OpenElement
179,Henryk Kowalczyk,PiS,aktywny,18,sprawozdanie,Sprawozdanie za 2023/2024 rok,http://orka.sejm.gov.pl/rozlicz10.nsf/lista/2024179/$File/2024ryczalt_179.pdf?OpenElement
180,Janusz Kowalski,PiS,aktywny,21,sprawozdanie,Sprawozdanie za 2023/2024 rok,http://orka.sejm.gov.pl/rozlicz10.nsf/lista/2024180/$File/2024ryczalt_180.pdf?OpenElement
181,Bartosz Józef Kownacki,PiS,aktywny,4,sprawozdanie,Sprawozdanie za 2023/2024 rok,http://orka.sejm.gov.pl/rozlicz10.nsf/lista/2024181/$File/2024ryczalt_181.pdf?OpenElement
182,Iwona Maria Kozłowska,KO,aktywny,4,sprawozdanie,Sprawozdanie za 2023/2024 rok,http://orka.sejm.gov.pl/rozlicz10.nsf/lista/2024182/$File/2024ryczalt_182.pdf?OpenElement
183,Stefan Krajewski,PSL-TD,aktywny,24,sprawozdanie,Sprawozdanie za 2023/2024 rok,http://orka.sejm.gov.pl/rozlicz10.nsf/lista/2024183/$File/2024ryczalt_183.pdf?OpenElement
184,Wiesław Krajewski,PiS,aktywny,15,sprawozdanie,Sprawozdanie za 2023/2024 rok,http://orka.sejm.gov.pl/rozlicz10.nsf/lista/2024184/$File/2024ryczalt_184.pdf?OpenElement
185,Leonard Krasulski,PiS,aktywny,34,sprawozdanie,Sprawozdanie za 2023/2024 rok,http://orka.sejm.gov.pl/rozlicz10.nsf/lista/2024185/$File/2024ryczalt_185.pdf?OpenElement
186,Iwona Małgorzata Krawczyk,KO,aktywny,1,sprawozdanie,Sprawozdanie za 2023/2024 rok,http://orka.sejm.gov.pl/rozlicz10.nsf/lista/2024186/$File/2024ryczalt_186.pdf?OpenElement
187,Michał Krawczyk,KO,aktywny,6,sprawozdanie,Sprawozdanie za 2023/2024 rok,http://orka.sejm.gov.pl/rozlicz10.nsf/lista/2024187/$File/2024ryczalt_187.pdf?OpenElement
187,Michał Krawczyk,KO,aktywny,6,korekta,Korekta za 2023/2024 rok,http://orka.sejm.gov.pl/rozlicz10.nsf/lista/2024187k/$File/2024ryczaltkor_187.pdf?OpenElement
188,Robert Kropiwnicki,KO,aktywny,1,sprawozdanie,Sprawozdanie za 2023/2024 rok,http://orka.sejm.gov.pl/rozlicz10.nsf/lista/2024188/$File/2024ryczalt_188.pdf?OpenElement
188,Robert Kropiwnicki,KO,aktywny,1,korekta,Korekta za 2023/2024 rok,http://orka.sejm.gov.pl/rozlicz10.nsf/lista/2024188k/$File/2024ryczaltkor_188.pdf?OpenElement
189,Piotr Król,PiS,aktywny,4,sprawozdanie,Sprawozdanie za 2023/2024 rok,http://orka.sejm.gov.pl/rozlicz10.nsf/lista/2024189/$File/2024ryczalt_189.pdf?OpenElement
190,Wojciech Król,KO,aktywny,31,sprawozdanie,Sprawozdanie za 2023/2024 rok,http://orka.sejm.gov.pl/rozlicz10.nsf/lista/2024190/$File/2024ryczalt_190.pdf?OpenElement
191,Anna Krupka,PiS,aktywny,33,sprawozdanie,Sprawozdanie za 2023/2024 rok,http://orka.sejm.gov.pl/rozlicz10.nsf/lista/2024191/$File/2024ryczalt_191.pdf?OpenElement
192,Andrzej Kryj,PiS,aktywny,33,sprawozdanie,Sprawozdanie za 2023/2024 rok,http://orka.sejm.gov.pl/rozlicz10.nsf/lista/2024192/$File/2024ryczalt_192.pdf?OpenElement
192,Andrzej Kryj,PiS,aktywny,33,korekta,Korekta za 2023/2024 rok,http://orka.sejm.gov.pl/rozlicz10.nsf/lista/2024192k/$File/2024ryczaltkor_192.pdf?OpenElement
193,Mariusz Krystian,PiS,aktywny,12,sprawozdanie,Sprawozdanie za 2023/2024 rok,http://orka.sejm.gov.pl/rozlicz10.nsf/lista/2024193/$File/2024ryczalt_193.pdf?OpenElement
194,Marek Krząkała,KO,aktywny,30,sprawozdanie,Sprawozdanie za 2023/2024 rok,http://orka.sejm.gov.pl/rozlicz10.nsf/lista/2024194/$File/2024ryczalt_194.pdf?OpenElement
195,Adam Krzemiński,KO,aktywny,16,sprawozdanie,Sprawozdanie za 2023/2024 rok,http://orka.sejm.gov.pl/rozlicz10.nsf/lista/2024195/$File/2024ryczalt_195.pdf?OpenElement
196,Henryka Krzywonos-Strycharska,KO,aktywny,26,sprawozdanie,Sprawozdanie za 2023/2024 rok,http://orka.sejm.gov.pl/rozlicz10.nsf/lista/2024196/$File/2024ryczalt_196.pdf?OpenElement
197,Krzysztof Kubów,PiS,aktywny,1,sprawozdanie,Sprawozdanie za 2023/2024 rok,http://orka.sejm.gov.pl/rozlicz10.nsf/lista/2024197/$File/2024ryczalt_197.pdf?OpenElement
198,Anita Kucharska-Dziedzic,Lewica,aktywny,8,sprawozdanie,Sprawozdanie za 2023/2024 rok,http://orka.sejm.gov.pl/rozlicz10.nsf/lista/2024198/$File/2024ryczalt_198.pdf?OpenElement
199,Marek Kuchciński,PiS,aktywny,22,sprawozdanie,Sprawozdanie za 2023/2024 rok,http://orka.sejm.gov.pl/rozlicz10.nsf/lista/2024199/$File/2024ryczalt_199.pdf?OpenElement
200,Paweł Kukiz,Republikanie,aktywny,21,sprawozdanie,Sprawozdanie za 2023/2024 rok,http://orka.sejm.gov.pl/rozlicz10.nsf/lista/2024200/$File/2024ryczalt_200.pdf?OpenElement
201,Marcin Kulasek,Lewica,aktywny,35,sprawozdanie,Sprawozdanie za 2023/2024 rok,http://orka.sejm.gov.pl/rozlicz10.nsf/lista/2024201/$File/2024ryczalt_201.pdf?OpenElement
202,Maria Kurowska,PiS,aktywny,22,sprawozdanie,Sprawozdanie za 2023/2024 rok,http://orka.sejm.gov.pl/rozlicz10.nsf/lista/2024202/$File/2024ryczalt_202.pdf?OpenElement
203,Władysław Kurowski,PiS,aktywny,12,sprawozdanie,Sprawozdanie za 2023/2024 rok,http://orka.sejm.gov.pl/rozlicz10.nsf/lista/2024203/$File/2024ryczalt_203.pdf?OpenElement
204,Zbigniew Krzysztof Kuźmiuk,PiS,aktywny,17,sprawozdanie,Sprawozdanie za 2023/2024 rok,http://orka.sejm.gov.pl/rozlicz10.nsf/lista/2024204/$File/2024ryczalt_204.pdf?OpenElement
205,Anna Kwiecień,PiS,aktywny,17,sprawozdanie,Sprawozdanie za 2023/2024 rok,http://orka.sejm.gov.pl/rozlicz10.nsf/lista/2024205/$File/2024ryczalt_205.pdf?OpenElement
206,Piotr Lachowicz,KO,aktywny,14,sprawozdanie,Sprawozdanie za 2023/2024 rok,http://orka.sejm.gov.pl/rozlicz10.nsf/lista/2024206/$File/2024ryczalt_206.pdf?OpenElement
207,Stanisław Lamczyk,KO,aktywny,26,sprawozdanie,Sprawozdanie za 2023/2024 rok,http://orka.sejm.gov.pl/rozlicz10.nsf/lista/2024207/$File/2024ryczalt_207.pdf?OpenElement
208,Maciej Lasek,KO,aktywny,20,sprawozdanie,Sprawozdanie za 2023/2024 rok,http://orka.sejm.gov.pl/rozlicz10.nsf/lista/2024208/$File/2024ryczalt_208.pdf?OpenElement
209,Gabriela Lenartowicz,KO,aktywny,30,sprawozdanie,Sprawozdanie za 2023/2024 rok,http://orka.sejm.gov.pl/rozlicz10.nsf/lista/2024209/$File/2024ryczalt_209.pdf?OpenElement
210,Ewa Leniart,PiS,aktywny,23,sprawozdanie,Sprawozdanie za 2023/2024 rok,http://orka.sejm.gov.pl/rozlicz10.nsf/lista/2024210/$File/2024ryczalt_210.pdf?OpenElement
211,Aleksandra Leo,Polska2050-TD,aktywny,2,sprawozdanie,Sprawozdanie za 2023/2024 rok,http://orka.sejm.gov.pl/rozlicz10.nsf/lista/2024211/$File/2024ryczalt_211.pdf?OpenElement
211,Aleksandra Leo,Polska2050-TD,aktywny,2,korekta,Korekta za 2023/2024 rok,http://orka.sejm.gov.pl/rozlicz10.nsf/lista/2024211k/$File/2024ryczaltkor_211.pdf?OpenElement
212,Izabela Leszczyna,KO,aktywny,28,sprawozdanie,Sprawozdanie za 2023/2024 rok,http://orka.sejm.gov.pl/rozlicz10.nsf/lista/2024212/$File/2024ryczalt_212.pdf?OpenElement
213,Joanna Lichocka,PiS,aktywny,11,sprawozdanie,Sprawozdanie za 2023/2024 rok,http://orka.sejm.gov.pl/rozlicz10.nsf/lista/2024213/$File/2024ryczalt_213.pdf?OpenElement
214,Krzysztof Lipiec,PiS,aktywny,33,sprawozdanie,Sprawozdanie za 2023/2024 rok,http://orka.sejm.gov.pl/rozlicz10.nsf/lista/2024214/$File/2024ryczalt_214.pdf?OpenElement
215,Łukasz Litewka,Lewica,aktywny,32,sprawozdanie,Sprawozdanie za 2023/2024 rok,http://orka.sejm.gov.pl/rozlicz10.nsf/lista/2024215/$File/2024ryczalt_215.pdf?OpenElement
216,Grzegorz Lorek,PiS,aktywny,10,sprawozdanie,Sprawozdanie za 2023/2024 rok,http://orka.sejm.gov.pl/rozlicz10.nsf/lista/2024216/$File/2024ryczalt_216.pdf?OpenElement
217,Radosław Lubczyk,PSL-TD,aktywny,40,sprawozdanie,Sprawozdanie za 2023/2024 rok,http://orka.sejm.gov.pl/rozlicz10.nsf/lista/2024217/$File/2024ryczalt_217.pdf?OpenElement
218,Katarzyna Anna Lubnauer,KO,aktywny,19,sprawozdanie,Sprawozdanie za 2023/2024 rok,http://orka.sejm.gov.pl/rozlicz10.nsf/lista/2024218/$File/2024ryczalt_218.pdf?OpenElement
219,Adam Luboński,Polska2050-TD,aktywny,38,sprawozdanie,Sprawozdanie za 2023/2024 rok,http://orka.sejm.gov.pl/rozlicz10.nsf/lista/2024219/$File/2024ryczalt_219.pdf?OpenElement
220,Artur Jarosław Łącki,KO,aktywny,41,sprawozdanie,Sprawozdanie za 2023/2024 rok,http://orka.sejm.gov.pl/rozlicz10.nsf/lista/2024220/$File/2024ryczalt_220.pdf?OpenElement
221,Alicja Łepkowska-Gołaś,KO,aktywny,24,sprawozdanie,Sprawozdanie za 2023/2024 rok,http://orka.sejm.gov.pl/rozlicz10.nsf/lista/2024221/$File/2024ryczalt_221.pdf?OpenElement
222,Dorota Łoboda,KO,aktywny,19,sprawozdanie,Sprawozdanie za 2023/2024 rok,http://orka.sejm.gov.pl/rozlicz10.nsf/lista/2024222/$File/2024ryczalt_222.pdf?OpenElement
223,Krystian Łuczak,KO,aktywny,5,sprawozdanie,Sprawozdanie za 2023/2024 rok,http://orka.sejm.gov.pl/rozlicz10.nsf/lista/2024223/$File/2024ryczalt_223.pdf?OpenElement
224,Sebastian Łukaszewicz,PiS,aktywny,24,sprawozdanie,Sprawozdanie za 2023/2024 rok,http://orka.sejm.gov.pl/rozlicz10.nsf/lista/2024224/$File/2024ryczalt_224.pdf?OpenElement
224,Sebastian Łukaszewicz,PiS,aktywny,24,korekta,Korekta za 2023/2024 rok,http://orka.sejm.gov.pl/rozlicz10.nsf/lista/2024224k/$File/2024ryczaltkor_224.pdf?OpenElement
225,Marzena Anna Machałek,PiS,aktywny,1,sprawozdanie,Sprawozdanie za 2023/2024 rok,http://orka.sejm.gov.pl/rozlicz10.nsf/lista/2024225/$File/2024ryczalt_225.pdf?OpenElement
226,Antoni Macierewicz,PiS,aktywny,10,sprawozdanie,Sprawozdanie za 2023/2024 rok,http://orka.sejm.gov.pl/rozlicz10.nsf/lista/2024226/$File/2024ryczalt_226.pdf?OpenElement
227,Marlena Magdalena Maląg,PiS,wygasl,36,inne,Rozliczenie za okres sprawowania mandatu,http://orka.sejm.gov.pl/rozlicz10.nsf/lista/2024227/$File/2024ryczalt_227.pdf?OpenElement
228,Ewa Malik,PiS,aktywny,32,sprawozdanie,Sprawozdanie za 2023/2024 rok,http://orka.sejm.gov.pl/rozlicz10.nsf/lista/2024228/$File/2024ryczalt_228.pdf?OpenElement
229,Mirosław Maliszewski,PSL-TD,aktywny,17,sprawozdanie,Sprawozdanie za 2023/2024 rok,http://orka.sejm.gov.pl/rozlicz10.nsf/lista/2024229/$File/2024ryczalt_229.pdf?OpenElement
230,Maciej Małecki,PiS,aktywny,16,sprawozdanie,Sprawozdanie za 2023/2024 rok,http://orka.sejm.gov.pl/rozlicz10.nsf/lista/2024230/$File/2024ryczalt_230.pdf?OpenElement
231,Arkadiusz Marchewka,KO,aktywny,41,sprawozdanie,Sprawozdanie za 2023/2024 rok,http://orka.sejm.gov.pl/rozlicz10.nsf/lista/2024231/$File/2024ryczalt_231.pdf?OpenElement
232,Jagna Marczułajtis-Walczak,KO,wygasl,13,inne,Rozliczenie za okres sprawowania mandatu,http://orka.sejm.gov.pl/rozlicz10.nsf/lista/2024232/$File/2024ryczalt_232.pdf?OpenElement
233,Dorota Marek,KO,aktywny,13,sprawozdanie,Sprawozdanie za 2023/2024 rok,http://orka.sejm.gov.pl/rozlicz10.nsf/lista/2024233/$File/2024ryczalt_233.pdf?OpenElement
234,Dariusz Matecki,PiS,aktywny,41,sprawozdanie,Sprawozdanie za 2023/2024 rok,http://orka.sejm.gov.pl/rozlicz10.nsf/lista/2024234/$File/2024ryczalt_234.pdf?OpenElement
235,Jerzy Materna,PiS,aktywny,8,sprawozdanie,Sprawozdanie za 2023/2024 rok,http://orka.sejm.gov.pl/rozlicz10.nsf/lista/2024235/$File/2024ryczalt_235.pdf?OpenElement
236,Grzegorz Matusiak,PiS,aktywny,30,sprawozdanie,Sprawozdanie za 2023/2024 rok,http://orka.sejm.gov.pl/rozlicz10.nsf/lista/2024236/$File/2024ryczalt_236.pdf?OpenElement
237,Katarzyna Matusik-Lipiec,KO,aktywny,13,sprawozdanie,Sprawozdanie za 2023/2024 rok,http://orka.sejm.gov.pl/rozlicz10.nsf/lista/2024237/$File/2024ryczalt_237.pdf?OpenElement
238,Marek Matuszewski,PiS,aktywny,11,sprawozdanie,Sprawozdanie za 2023/2024 rok,http://orka.sejm.gov.pl/rozlicz10.nsf/lista/2024238/$File/2024ryczalt_238.pdf?OpenElement
239,Paulina Matysiak,Razem,aktywny,11,sprawozdanie,Sprawozdanie za 2023/2024 rok,http://orka.sejm.gov.pl/rozlicz10.nsf/lista/2024239/$File/2024ryczalt_239.pdf?OpenElement
240,Łukasz Mejza,PiS,aktywny,8,sprawozdanie,Sprawozdanie za 2023/2024 rok,http://orka.sejm.gov.pl/rozlicz10.nsf/lista/2024240/$File/2024ryczalt_240.pdf?OpenElement
241,Sławomir Mentzen,Konfederacja,aktywny,19,sprawozdanie,Sprawozdanie za 2023/2024 rok,http://orka.sejm.gov.pl/rozlicz10.nsf/lista/2024241/$File/2024ryczalt_241.pdf?OpenElement
242,Anna Milczanowska,PiS,aktywny,10,sprawozdanie,Sprawozdanie za 2023/2024 rok,http://orka.sejm.gov.pl/rozlicz10.nsf/lista/2024242/$File/2024ryczalt_242.pdf?OpenElement
243,Daniel Milewski,PiS,aktywny,18,sprawozdanie,Sprawozdanie za 2023/2024 rok,http://orka.sejm.gov.pl/rozlicz10.nsf/lista/2024243/$File/2024ryczalt_243.pdf?OpenElement
244,Rajmund Miller,KO,wygasl,21,inne,Rozliczenie za okres sprawowania mandatu,http://orka.sejm.gov.pl/rozlicz10.nsf/lista/2024244/$File/2024ryczalt_244.pdf?OpenElement
245,Aleksander Miszalski,KO,wygasl,13,inne,Rozliczenie za okres sprawowania mandatu,http://orka.sejm.gov.pl/rozlicz10.nsf/lista/2024245/$File/2024ryczalt_245.pdf?OpenElement
246,Mateusz Morawiecki,PiS,aktywny,31,sprawozdanie,Sprawozdanie za 2023/2024 rok,http://orka.sejm.gov.pl/rozlicz10.nsf/lista/2024246/$File/2024ryczalt_246.pdf?OpenElement
247,Jan Mosiński,PiS,aktywny,36,sprawozdanie,Sprawozdanie za 2023/2024 rok,http://orka.sejm.gov.pl/rozlicz10.nsf/lista/2024247/$File/2024ryczalt_247.pdf?OpenElement
248,Michał Moskal,PiS,aktywny,6,sprawozdanie,Sprawozdanie za 2023/2024 rok,http://orka.sejm.gov.pl/rozlicz10.nsf/lista/2024248/$File/2024ryczalt_248.pdf?OpenElement
249,Czesław Mroczek,KO,aktywny,18,sprawozdanie,Sprawozdanie za 2023/2024 rok,http://orka.sejm.gov.pl/rozlicz10.nsf/lista/2024249/$File/2024ryczalt_249.pdf?OpenElement
250,Aleksander Mikołaj Mrówczyński,PiS,aktywny,26,sprawozdanie,Sprawozdanie za 2023/2024 rok,http://orka.sejm.gov.pl/rozlicz10.nsf/lista/2024250/$File/2024ryczalt_250.pdf?OpenElement
251,Izabela Katarzyna Mrzygłocka,KO,wygasl,2,inne,Rozliczenie za okres sprawowania mandatu,http://orka.sejm.gov.pl/rozlicz10.nsf/lista/2024251/$File/2024ryczalt_251.pdf?OpenElement
252,Joanna Mucha,Polska2050-TD,aktywny,6,sprawozdanie,Sprawozdanie za 2023/2024 rok,http://orka.sejm.gov.pl/rozlicz10.nsf/lista/2024252/$File/2024ryczalt_252.pdf?OpenElement
253,Arkadiusz Mularczyk,PiS,wygasl,14,inne,Rozliczenie za okres sprawowania mandatu,http://orka.sejm.gov.pl/rozlicz10.nsf/lista/2024253/$File/2024ryczalt_253.pdf?OpenElement
254,Krzysztof Mulawa,Konfederacja,aktywny,18,sprawozdanie,Sprawozdanie za 2023/2024 rok,http://orka.sejm.gov.pl/rozlicz10.nsf/lista/2024254/$File/2024ryczalt_254.pdf?OpenElement
255,Piotr Müller,PiS,wygasl,26,inne,Rozliczenie za okres sprawowania mandatu,http://orka.sejm.gov.pl/rozlicz10.nsf/lista/2024255/$File/2024ryczalt_255.pdf?OpenElement
256,Arkadiusz Myrcha,KO,aktywny,5,sprawozdanie,Sprawozdanie za 2023/2024 rok,http://orka.sejm.gov.pl/rozlicz10.nsf/lista/2024256/$File/2024ryczalt_256.pdf?OpenElement
257,Grzegorz Napieralski,KO,aktywny,41,sprawozdanie,Sprawozdanie za 2023/2024 rok,http://orka.sejm.gov.pl/rozlicz10.nsf/lista/2024257/$File/2024ryczalt_257.pdf?OpenElement
258,Dorota Niedziela,KO,aktywny,12,sprawozdanie,Sprawozdanie za 2023/2024 rok,http://orka.sejm.gov.pl/rozlicz10.nsf/lista/2024258/$File/2024ryczalt_258.pdf?OpenElement
259,Jacek Niedźwiedzki,KO,aktywny,24,sprawozdanie,Sprawozdanie za 2023/2024 rok,http://orka.sejm.gov.pl/rozlicz10.nsf/lista/2024259/$File/2024ryczalt_259.pdf?OpenElement
260,Małgorzata Niemczyk,KO,aktywny,9,sprawozdanie,Sprawozdanie za 2023/2024 rok,http://orka.sejm.gov.pl/rozlicz10.nsf/lista/2024260/$File/2024ryczalt_260.pdf?OpenElement
261,Jolanta Niezgodzka,KO,aktywny,3,sprawozdanie,Sprawozdanie za 2023/2024 rok,http://orka.sejm.gov.pl/rozlicz10.nsf/lista/2024261/$File/2024ryczalt_261.pdf?OpenElement
261,Jolanta Niezgodzka,KO,aktywny,3,korekta,Korekta za 2023/2024 rok,http://orka.sejm.gov.pl/rozlicz10.nsf/lista/2024261k/$File/2024ryczaltkor_261.pdf?OpenElement
262,Sławomir Nitras,KO,aktywny,41,sprawozdanie,Sprawozdanie za 2023/2024 rok,http://orka.sejm.gov.pl/rozlicz10.nsf/lista/2024262/$File/2024ryczalt_262.pdf?OpenElement
263,Barbara Nowacka,KO,aktywny,26,sprawozdanie,Sprawozdanie za 2023/2024 rok,http://orka.sejm.gov.pl/rozlicz10.nsf/lista/2024263/$File/2024ryczalt_263.pdf?OpenElement
264,Maja Ewa Nowak,Polska2050-TD,aktywny,8,sprawozdanie,Sprawozdanie za 2023/2024 rok,http://orka.sejm.gov.pl/rozlicz10.nsf/lista/2024264/$File/2024ryczalt_264.pdf?OpenElement
265,Tomasz Piotr Nowak,KO,aktywny,37,sprawozdanie,Sprawozdanie za 2023/2024 rok,http://orka.sejm.gov.pl/rozlicz10.nsf/lista/2024265/$File/2024ryczalt_265.pdf?OpenElement
266,Wanda Nowicka,Lewica,aktywny,29,sprawozdanie,Sprawozdanie za 2023/2024 rok,http://orka.sejm.gov.pl/rozlicz10.nsf/lista/2024266/$File/2024ryczalt_266.pdf?OpenElement
267,Urszula Nowogórska,PSL-TD,aktywny,14,sprawozdanie,Sprawozdanie za 2023/2024 rok,http://orka.sejm.gov.pl/rozlicz10.nsf/lista/2024267/$File/2024ryczalt_267.pdf?OpenElement
268,Mirosława Nykiel,KO,wygasl,27,inne,Rozliczenie za okres sprawowania mandatu,http://orka.sejm.gov.pl/rozlicz10.nsf/lista/2024268/$File/2024ryczalt_268.pdf?OpenElement
269,Marcin Ociepa,PiS,aktywny,21,sprawozdanie,Sprawozdanie za 2023/2024 rok,http://orka.sejm.gov.pl/rozlicz10.nsf/lista/2024269/$File/2024ryczalt_269.pdf?OpenElement
270,Marzena Okła-Drewnowicz,KO,aktywny,33,sprawozdanie,Sprawozdanie za 2023/2024 rok,http://orka.sejm.gov.pl/rozlicz10.nsf/lista/2024270/$File/2024ryczalt_270.pdf?OpenElement
271,Barbara Okuła,Polska2050-TD,aktywny,24,sprawozdanie,Sprawozdanie za 2023/2024 rok,http://orka.sejm.gov.pl/rozlicz10.nsf/lista/2024271/$File/2024ryczalt_271.pdf?OpenElement
272,Barbara Oliwiecka,Polska2050-TD,aktywny,36,sprawozdanie,Sprawozdanie za 2023/2024 rok,http://orka.sejm.gov.pl/rozlicz10.nsf/lista/2024272/$File/2024ryczalt_272.pdf?OpenElement
272,Barbara Oliwiecka,Polska2050-TD,aktywny,36,korekta,Korekta za 2023/2024 rok,http://orka.sejm.gov.pl/rozlicz10.nsf/lista/2024272k/$File/2024ryczaltkor_272.pdf?OpenElement
273,Dorota Olko,Lewica,aktywny,19,sprawozdanie,Sprawozdanie za 2023/2024 rok,http://orka.sejm.gov.pl/rozlicz10.nsf/lista/2024273/$File/2024ryczalt_273.pdf?OpenElement
273,Dorota Olko,Lewica,aktywny,19,korekta,Korekta za 2023/2024 rok,http://orka.sejm.gov.pl/rozlicz10.nsf/lista/2024273k/$File/2024ryczaltkor_273.pdf?OpenElement
274,Paweł Olszewski,KO,aktywny,4,sprawozdanie,Sprawozdanie za 2023/2024 rok,http://orka.sejm.gov.pl/rozlicz10.nsf/lista/2024274/$File/2024ryczalt_274.pdf?OpenElement
275,Mirosław Adam Orliński,PSL-TD,aktywny,16,sprawozdanie,Sprawozdanie za 2023/2024 rok,http://orka.sejm.gov.pl/rozlicz10.nsf/lista/2024275/$File/2024ryczalt_275.pdf?OpenElement
276,Łukasz Osmalak,Polska2050-TD,aktywny,30,sprawozdanie,Sprawozdanie za 2023/2024 rok,http://orka.sejm.gov.pl/rozlicz10.nsf/lista/2024276/$File/2024ryczalt_276.pdf?OpenElement
277,Katarzyna Osos,KO,aktywny,8,sprawozdanie,Sprawozdanie za 2023/2024 rok,http://orka.sejm.gov.pl/rozlicz10.nsf/lista/2024277/$File/2024ryczalt_277.pdf?OpenElement
278,Jacek Osuch,PiS,aktywny,13,sprawozdanie,Sprawozdanie za 2023/2024 rok,http://orka.sejm.gov.pl/rozlicz10.nsf/lista/2024278/$File/2024ryczalt_278.pdf?OpenElement
279,Jacek Ozdoba,PiS,wygasl,16,inne,Rozliczenie za okres sprawowania mandatu,http://orka.sejm.gov.pl/rozlicz10.nsf/lista/2024279/$File/2024ryczalt_279.pdf?OpenElement
280,Teresa Pamuła,PiS,aktywny,22,sprawozdanie,Sprawozdanie za 2023/2024 rok,http://orka.sejm.gov.pl/rozlicz10.nsf/lista/2024280/$File/2024ryczalt_280.pdf?OpenElement
281,Paweł Papke,KO,aktywny,35,sprawozdanie,Sprawozdanie za 2023/2024 rok,http://orka.sejm.gov.pl/rozlicz10.nsf/lista/2024281/$File/2024ryczalt_281.pdf?OpenElement
282,Urszula Pasławska,PSL-TD,aktywny,35,sprawozdanie,Sprawozdanie za 2023/2024 rok,http://orka.sejm.gov.pl/rozlicz10.nsf/lista/2024282/$File/2024ryczalt_282.pdf?OpenElement
283,Krzysztof Paszyk,PSL-TD,aktywny,38,sprawozdanie,Sprawozdanie za 2023/2024 rok,http://orka.sejm.gov.pl/rozlicz10.nsf/lista/2024283/$File/2024ryczalt_283.pdf?OpenElement
284,Karolina Pawliczak,KO,aktywny,36,sprawozdanie,Sprawozdanie za 2023/2024 rok,http://orka.sejm.gov.pl/rozlicz10.nsf/lista/2024284/$File/2024ryczalt_284.pdf?OpenElement
285,Bartłomiej Pejo,Konfederacja,aktywny,6,sprawozdanie,Sprawozdanie za 2023/2024 rok,http://orka.sejm.gov.pl/rozlicz10.nsf/lista/2024285/$File/2024ryczalt_285.pdf?OpenElement
286,Ryszard Petru,Polska2050-TD,aktywny,19,sprawozdanie,Sprawozdanie za 2023/2024 rok,http://orka.sejm.gov.pl/rozlicz10.nsf/lista/2024286/$File/2024ryczalt_286.pdf?OpenElement
286,Ryszard Petru,Polska2050-TD,aktywny,19,korekta,Korekta za 2023/2024 rok,http://orka.sejm.gov.pl/rozlicz10.nsf/lista/2024286k/$File/2024ryczaltkor_286.pdf?OpenElement
287,Małgorzata Pępek,KO,aktywny,27,sprawozdanie,Sprawozdanie za 2023/2024 rok,http://orka.sejm.gov.pl/rozlicz10.nsf/lista/2024287/$File/2024ryczalt_287.pdf?OpenElement
288,Bolesław Piecha,PiS,aktywny,30,sprawozdanie,Sprawozdanie za 2023/2024 rok,http://orka.sejm.gov.pl/rozlicz10.nsf/lista/2024288/$File/2024ryczalt_288.pdf?OpenElement
289,Grzegorz Piechowiak,PiS,aktywny,38,sprawozdanie,Sprawozdanie za 2023/2024 rok,http://orka.sejm.gov.pl/rozlicz10.nsf/lista/2024289/$File/2024ryczalt_289.pdf?OpenElement
290,Anna Pieczarka,PiS,aktywny,15,sprawozdanie,Sprawozdanie za 2023/2024 rok,http://orka.sejm.gov.pl/rozlicz10.nsf/lista/2024290/$File/2024ryczalt_290.pdf?OpenElement
291,Katarzyna Maria Piekarska,KO,aktywny,19,sprawozdanie,Sprawozdanie za 2023/2024 rok,http://orka.sejm.gov.pl/rozlicz10.nsf/lista/2024291/$File/2024ryczalt_291.pdf?OpenElement
292,Norbert Pietrykowski,Polska2050-TD,aktywny,4,sprawozdanie,Sprawozdanie za 2023/2024 rok,http://orka.sejm.gov.pl/rozlicz10.nsf/lista/2024292/$File/2024ryczalt_292.pdf?OpenElement
292,Norbert Pietrykowski,Polska2050-TD,aktywny,4,korekta,Korekta za 2023/2024 rok,http://orka.sejm.gov.pl/rozlicz10.nsf/lista/2024292k/$File/2024ryczaltkor_292.pdf?OpenElement
293,Lucjan Marek Pietrzczyk,KO,aktywny,33,sprawozdanie,Sprawozdanie za 2023/2024 rok,http://orka.sejm.gov.pl/rozlicz10.nsf/lista/2024293/$File/2024ryczalt_293.pdf?OpenElement
294,Dariusz Piontkowski,PiS,aktywny,24,sprawozdanie,Sprawozdanie za 2023/2024 rok,http://orka.sejm.gov.pl/rozlicz10.nsf/lista/2024294/$File/2024ryczalt_294.pdf?OpenElement
295,Kazimierz Plocke,KO,aktywny,26,sprawozdanie,Sprawozdanie za 2023/2024 rok,http://orka.sejm.gov.pl/rozlicz10.nsf/lista/2024295/$File/2024ryczalt_295.pdf?OpenElement
296,Grzegorz Płaczek,Konfederacja,aktywny,31,sprawozdanie,Sprawozdanie za 2023/2024 rok,http://orka.sejm.gov.pl/rozlicz10.nsf/lista/2024296/$File/2024ryczalt_296.pdf?OpenElement
297,Kacper Płażyński,PiS,aktywny,25,sprawozdanie,Sprawozdanie za 2023/2024 rok,http://orka.sejm.gov.pl/rozlicz10.nsf/lista/2024297/$File/2024ryczalt_297.pdf?OpenElement
298,Szymon Pogoda,PiS,aktywny,1,sprawozdanie,Sprawozdanie za 2023/2024 rok,http://orka.sejm.gov.pl/rozlicz10.nsf/lista/2024298/$File/2024ryczalt_298.pdf?OpenElement
299,Jerzy Polaczek,PiS,aktywny,31,sprawozdanie,Sprawozdanie za 2023/2024 rok,http://orka.sejm.gov.pl/rozlicz10.nsf/lista/2024299/$File/2024ryczalt_299.pdf?OpenElement
300,Elżbieta Anna Polak,KO,aktywny,8,sprawozdanie,Sprawozdanie za 2023/2024 rok,http://orka.sejm.gov.pl/rozlicz10.nsf/lista/2024300/$File/2024ryczalt_300.pdf?OpenElement
301,Piotr Polak,PiS,aktywny,11,sprawozdanie,Sprawozdanie za 2023/2024 rok,http://orka.sejm.gov.pl/rozlicz10.nsf/lista/2024301/$File/2024ryczalt_301.pdf?OpenElement
302,Agnieszka Pomaska,KO,aktywny,25,sprawozdanie,Sprawozdanie za 2023/2024 rok,http://orka.sejm.gov.pl/rozlicz10.nsf/lista/2024302/$File/2024ryczalt_302.pdf?OpenElement
303,Marcin Porzucek,PiS,aktywny,38,sprawozdanie,Sprawozdanie za 2023/2024 rok,http://orka.sejm.gov.pl/rozlicz10.nsf/lista/2024303/$File/2024ryczalt_303.pdf?OpenElement
304,Jacek Protas,KO,wygasl,34,inne,Rozliczenie za okres sprawowania mandatu,http://orka.sejm.gov.pl/rozlicz10.nsf/lista/2024304/$File/2024ryczalt_304.pdf?OpenElement
305,Marcin Przydacz,PiS,wygasl,11,sprawozdanie,Sprawozdanie za 2023/2024 rok,http://orka.sejm.gov.pl/rozlicz10.nsf/lista/2024305/$File/2024ryczalt_305.pdf?OpenElement
306,Grzegorz Puda,PiS,aktywny,27,sprawozdanie,Sprawozdanie za 2023/2024 rok,http://orka.sejm.gov.pl/rozlicz10.nsf/lista/2024306/$File/2024ryczalt_306.pdf?OpenElement
307,Michał Pyrzyk,PSL-TD,aktywny,37,sprawozdanie,Sprawozdanie za 2023/2024 rok,http://orka.sejm.gov.pl/rozlicz10.nsf/lista/2024307/$File/2024ryczalt_307.pdf?OpenElement
308,Renata Rak,KO,aktywny,40,sprawozdanie,Sprawozdanie za 2023/2024 rok,http://orka.sejm.gov.pl/rozlicz10.nsf/lista/2024308/$File/2024ryczalt_308.pdf?OpenElement
309,Ireneusz Raś,PSL-TD,aktywny,13,sprawozdanie,Sprawozdanie za 2023/2024 rok,http://orka.sejm.gov.pl/rozlicz10.nsf/lista/2024309/$File/2024ryczalt_309.pdf?OpenElement
311,Marcin Romanowski,PiS,aktywny,7,sprawozdanie,Sprawozdanie za 2023/2024 rok,http://orka.sejm.gov.pl/rozlicz10.nsf/lista/2024311/$File/2024ryczalt_311.pdf?OpenElement
311,Marcin Romanowski,PiS,aktywny,7,korekta,Korekta za 2023/2024 rok,http://orka.sejm.gov.pl/rozlicz10.nsf/lista/2024311k/$File/2024ryczaltkor_311.pdf?OpenElement
312,Bartosz Romowicz,Polska2050-TD,aktywny,22,sprawozdanie,Sprawozdanie za 2023/2024 rok,http://orka.sejm.gov.pl/rozlicz10.nsf/lista/2024312/$File/2024ryczalt_312.pdf?OpenElement
313,Monika Rosa,KO,aktywny,31,sprawozdanie,Sprawozdanie za 2023/2024 rok,http://orka.sejm.gov.pl/rozlicz10.nsf/lista/2024313/$File/2024ryczalt_313.pdf?OpenElement
314,Wiesław Różyński,PSL-TD,aktywny,7,sprawozdanie,Sprawozdanie za 2023/2024 rok,http://orka.sejm.gov.pl/rozlicz10.nsf/lista/2024314/$File/2024ryczalt_314.pdf?OpenElement
314,Wiesław Różyński,PSL-TD,aktywny,7,korekta,Korekta za 2023/2024 rok,http://orka.sejm.gov.pl/rozlicz10.nsf/lista/2024314k/$File/2024ryczaltkor_314.pdf?OpenElement
315,Urszula Rusecka,PiS,aktywny,15,sprawozdanie,Sprawozdanie za 2023/2024 rok,http://orka.sejm.gov.pl/rozlicz10.nsf/lista/2024315/$File/2024ryczalt_315.pdf?OpenElement
316,Grzegorz Rusiecki,KO,wygasl,36,inne,Rozliczenie za okres sprawowania mandatu,http://orka.sejm.gov.pl/rozlicz10.nsf/lista/2024316/$File/2024ryczalt_316.pdf?OpenElement
317,Jakub Rutnicki,KO,aktywny,38,sprawozdanie,Sprawozdanie za 2023/2024 rok,http://orka.sejm.gov.pl/rozlicz10.nsf/lista/2024317/$File/2024ryczalt_317.pdf?OpenElement
318,Paweł Rychlik,PiS,aktywny,11,sprawozdanie,Sprawozdanie za 2023/2024 rok,http://orka.sejm.gov.pl/rozlicz10.nsf/lista/2024318/$File/2024ryczalt_318.pdf?OpenElement
319,Marek Rząsa,KO,aktywny,22,sprawozdanie,Sprawozdanie za 2023/2024 rok,http://orka.sejm.gov.pl/rozlicz10.nsf/lista/2024319/$File/2024ryczalt_319.pdf?OpenElement
320,Jarosław Rzepa,PSL-TD,aktywny,41,sprawozdanie,Sprawozdanie za 2023/2024 rok,http://orka.sejm.gov.pl/rozlicz10.nsf/lista/2024320/$File/2024ryczalt_320.pdf?OpenElement
321,Jarosław Sachajko,Republikanie,aktywny,7,sprawozdanie,Sprawozdanie za 2023/2024 rok,http://orka.sejm.gov.pl/rozlicz10.nsf/lista/2024321/$File/2024ryczalt_321.pdf?OpenElement
322,Paweł Sałek,PiS,aktywny,10,sprawozdanie,Sprawozdanie za 2023/2024 rok,http://orka.sejm.gov.pl/rozlicz10.nsf/lista/2024322/$File/2024ryczalt_322.pdf?OpenElement
323,Wojciech Saługa,KO,wygasl,32,inne,Rozliczenie za okres sprawowania mandatu,http://orka.sejm.gov.pl/rozlicz10.nsf/lista/2024323/$File/2024ryczalt_323.pdf?OpenElement
324,Tadeusz Samborski,PSL-TD,aktywny,1,sprawozdanie,Sprawozdanie za 2023/2024 rok,http://orka.sejm.gov.pl/rozlicz10.nsf/lista/2024324/$File/2024ryczalt_324.pdf?OpenElement
325,Jacek Sasin,PiS,aktywny,24,sprawozdanie,Sprawozdanie za 2023/2024 rok,http://orka.sejm.gov.pl/rozlicz10.nsf/lista/2024325/$File/2024ryczalt_325.pdf?OpenElement
326,Marek Sawicki,PSL-TD,aktywny,18,sprawozdanie,Sprawozdanie za 2023/2024 rok,http://orka.sejm.gov.pl/rozlicz10.nsf/lista/2024326/$File/2024ryczalt_326.pdf?OpenElement
327,Ewa Schädler,Polska2050-TD,aktywny,39,sprawozdanie,Sprawozdanie za 2023/2024 rok,http://orka.sejm.gov.pl/rozlicz10.nsf/lista/2024327/$File/2024ryczalt_327.pdf?OpenElement
328,Joanna Scheuring-Wielgus,Lewica,wygasl,5,inne,Rozliczenie za okres sprawowania mandatu,http://orka.sejm.gov.pl/rozlicz10.nsf/lista/2024328/$File/2024ryczalt_328.pdf?OpenElement
329,Anna Schmidt,PiS,aktywny,22,sprawozdanie,Sprawozdanie za 2023/2024 rok,http://orka.sejm.gov.pl/rozlicz10.nsf/lista/2024329/$File/2024ryczalt_329.pdf?OpenElement
330,Łukasz Schreiber,PiS,aktywny,4,sprawozdanie,Sprawozdanie za 2023/2024 rok,http://orka.sejm.gov.pl/rozlicz10.nsf/lista/2024330/$File/2024ryczalt_330.pdf?OpenElement
331,Jarosław Sellin,PiS,aktywny,25,sprawozdanie,Sprawozdanie za 2023/2024 rok,http://orka.sejm.gov.pl/rozlicz10.nsf/lista/2024331/$File/2024ryczalt_331.pdf?OpenElement
332,Olga Ewa Semeniuk-Patkowska,PiS,aktywny,35,sprawozdanie,Sprawozdanie za 2023/2024 rok,http://orka.sejm.gov.pl/rozlicz10.nsf/lista/2024332/$File/2024ryczalt_332.pdf?OpenElement
333,Edward Siarka,PiS,aktywny,14,sprawozdanie,Sprawozdanie za 2023/2024 rok,http://orka.sejm.gov.pl/rozlicz10.nsf/lista/2024333/$File/2024ryczalt_333.pdf?OpenElement
334,Krystyna Sibińska,KO,aktywny,8,sprawozdanie,Sprawozdanie za 2023/2024 rok,http://orka.sejm.gov.pl/rozlicz10.nsf/lista/2024334/$File/2024ryczalt_334.pdf?OpenElement
335,Czesław Siekierski,PSL-TD,aktywny,33,sprawozdanie,Sprawozdanie za 2023/2024 rok,http://orka.sejm.gov.pl/rozlicz10.nsf/lista/2024335/$File/2024ryczalt_335.pdf?OpenElement
336,Rafał Siemaszko,KO,aktywny,26,sprawozdanie,Sprawozdanie za 2023/2024 rok,http://orka.sejm.gov.pl/rozlicz10.nsf/lista/2024336/$File/2024ryczalt_336.pdf?OpenElement
337,Tomasz Siemoniak,KO,aktywny,21,sprawozdanie,Sprawozdanie za 2023/2024 rok,http://orka.sejm.gov.pl/rozlicz10.nsf/lista/2024337/$File/2024ryczalt_337.pdf?OpenElement
337,Tomasz Siemoniak,KO,aktywny,21,korekta,Korekta za 2023/2024 rok,http://orka.sejm.gov.pl/rozlicz10.nsf/lista/2024337k/$File/2024ryczaltkor_337.pdf?OpenElement
338,Bartłomiej Sienkiewicz,KO,wygasl,13,inne,Rozliczenie za okres sprawowania mandatu,http://orka.sejm.gov.pl/rozlicz10.nsf/lista/2024338/$File/2024ryczalt_338.pdf?OpenElement
339,Arkadiusz Sikora,Lewica,aktywny,1,sprawozdanie,Sprawozdanie za 2023/2024 rok,http://orka.sejm.gov.pl/rozlicz10.nsf/lista/2024339/$File/2024ryczalt_339.pdf?OpenElement
339,Arkadiusz Sikora,Lewica,aktywny,1,korekta,Korekta za 2023/2024 rok,http://orka.sejm.gov.pl/rozlicz10.nsf/lista/2024339k/$File/2024ryczaltkor_339.pdf?OpenElement
340,Włodzimierz Skalik,Konfederacja_KP,aktywny,21,sprawozdanie,Sprawozdanie za 2023/2024 rok,http://orka.sejm.gov.pl/rozlicz10.nsf/lista/2024340/$File/2024ryczalt_340.pdf?OpenElement
341,Marcin Skonieczka,Polska2050-TD,aktywny,5,sprawozdanie,Sprawozdanie za 2023/2024 rok,http://orka.sejm.gov.pl/rozlicz10.nsf/lista/2024341/$File/2024ryczalt_341.pdf?OpenElement
342,Krystyna Skowrońska,KO,aktywny,23,sprawozdanie,Sprawozdanie za 2023/2024 rok,http://orka.sejm.gov.pl/rozlicz10.nsf/lista/2024342/$File/2024ryczalt_342.pdf?OpenElement
343,Sławomir Skwarek,PiS,aktywny,6,sprawozdanie,Sprawozdanie za 2023/2024 rok,http://orka.sejm.gov.pl/rozlicz10.nsf/lista/2024343/$File/2024ryczalt_343.pdf?OpenElement
344,Waldemar Sługocki,KO,aktywny,8,sprawozdanie,Sprawozdanie za 2023/2024 rok,http://orka.sejm.gov.pl/rozlicz10.nsf/lista/2024344/$File/2024ryczalt_344.pdf?OpenElement
345,Weronika Smarduch,KO,aktywny,14,sprawozdanie,Sprawozdanie za 2023/2024 rok,http://orka.sejm.gov.pl/rozlicz10.nsf/lista/2024345/$File/2024ryczalt_345.pdf?OpenElement
346,Kazimierz Smoliński,PiS,aktywny,25,sprawozdanie,Sprawozdanie za 2023/2024 rok,http://orka.sejm.gov.pl/rozlicz10.nsf/lista/2024346/$File/2024ryczalt_346.pdf?OpenElement
347,Anna Sobolak,KO,aktywny,3,sprawozdanie,Sprawozdanie za 2023/2024 rok,http://orka.sejm.gov.pl/rozlicz10.nsf/lista/2024347/$File/2024ryczalt_347.pdf?OpenElement
347,Anna Sobolak,KO,aktywny,3,korekta,Korekta za 2023/2024 rok,http://orka.sejm.gov.pl/rozlicz10.nsf/lista/2024347k/$File/2024ryczaltkor_347.pdf?OpenElement
348,Krzysztof Sobolewski,PiS,aktywny,23,sprawozdanie,Sprawozdanie za 2023/2024 rok,http://orka.sejm.gov.pl/rozlicz10.nsf/lista/2024348/$File/2024ryczalt_348.pdf?OpenElement
349,Artur Soboń,PiS,wygasl,6,inne,Rozliczenie za okres sprawowania mandatu,http://orka.sejm.gov.pl/rozlicz10.nsf/lista/2023349/$File/2023ryczalt_349.pdf?OpenElement
350,Agnieszka Anna Soin,PiS,aktywny,3,sprawozdanie,Sprawozdanie za 2023/2024 rok,http://orka.sejm.gov.pl/rozlicz10.nsf/lista/2024350/$File/2024ryczalt_350.pdf?OpenElement
351,Zbigniew Sosnowski,PSL-TD,aktywny,5,sprawozdanie,Sprawozdanie za 2023/2024 rok,http://orka.sejm.gov.pl/rozlicz10.nsf/lista/2024351/$File/2024ryczalt_351.pdf?OpenElement
352,Marek Sowa,KO,aktywny,12,sprawozdanie,Sprawozdanie za 2023/2024 rok,http://orka.sejm.gov.pl/rozlicz10.nsf/lista/2024352/$File/2024ryczalt_352.pdf?OpenElement
353,Katarzyna Sójka,PiS,aktywny,36,sprawozdanie,Sprawozdanie za 2023/2024 rok,http://orka.sejm.gov.pl/rozlicz10.nsf/lista/2024353/$File/2024ryczalt_353.pdf?OpenElement
354,Magdalena Sroka,PSL-TD,aktywny,25,sprawozdanie,Sprawozdanie za 2023/2024 rok,http://orka.sejm.gov.pl/rozlicz10.nsf/lista/2024354/$File/2024ryczalt_354.pdf?OpenElement
355,Mirosława Stachowiak-Różecka,PiS,aktywny,3,sprawozdanie,Sprawozdanie za 2023/2024 rok,http://orka.sejm.gov.pl/rozlicz10.nsf/lista/2024355/$File/2024ryczalt_355.pdf?OpenElement
356,Dariusz Stefaniuk,PiS,aktywny,7,sprawozdanie,Sprawozdanie za 2023/2024 rok,http://orka.sejm.gov.pl/rozlicz10.nsf/lista/2024356/$File/2024ryczalt_356.pdf?OpenElement
357,Franciszek Sterczewski,KO,aktywny,39,sprawozdanie,Sprawozdanie za 2023/2024 rok,http://orka.sejm.gov.pl/rozlicz10.nsf/lista/2024357/$File/2024ryczalt_357.pdf?OpenElement
358,Piotr Paweł Strach,Polska2050-TD,aktywny,29,sprawozdanie,Sprawozdanie za 2023/2024 rok,http://orka.sejm.gov.pl/rozlicz10.nsf/lista/2024358/$File/2024ryczalt_358.pdf?OpenElement
358,Piotr Paweł Strach,Polska2050-TD,aktywny,29,korekta,Korekta za 2023/2024 rok,http://orka.sejm.gov.pl/rozlicz10.nsf/lista/2024358k/$File/2024ryczaltkor_358.pdf?OpenElement
359,Mirosław Suchoń,Polska2050-TD,aktywny,27,sprawozdanie,Sprawozdanie za 2023/2024 rok,http://orka.sejm.gov.pl/rozlicz10.nsf/lista/2024359/$File/2024ryczalt_359.pdf?OpenElement
360,Marek Suski,PiS,aktywny,17,sprawozdanie,Sprawozdanie za 2023/2024 rok,http://orka.sejm.gov.pl/rozlicz10.nsf/lista/2024360/$File/2024ryczalt_360.pdf?OpenElement
361,Paweł Suski,KO,aktywny,40,sprawozdanie,Sprawozdanie za 2023/2024 rok,http://orka.sejm.gov.pl/rozlicz10.nsf/lista/2024361/$File/2024ryczalt_361.pdf?OpenElement
362,Artur Szałabawka,PiS,aktywny,41,sprawozdanie,Sprawozdanie za 2023/2024 rok,http://orka.sejm.gov.pl/rozlicz10.nsf/lista/2024362/$File/2024ryczalt_362.pdf?OpenElement
363,Wojciech Szarama,PiS,aktywny,29,sprawozdanie,Sprawozdanie za 2023/2024 rok,http://orka.sejm.gov.pl/rozlicz10.nsf/lista/2024363/$File/2024ryczalt_363.pdf?OpenElement
364,Wiesław Szczepański,Lewica,aktywny,36,sprawozdanie,Sprawozdanie za 2023/2024 rok,http://orka.sejm.gov.pl/rozlicz10.nsf/lista/2024364/$File/2024ryczalt_364.pdf?OpenElement
365,Michał Szczerba,KO,wygasl,19,inne,Rozliczenie za okres sprawowania mandatu,http://orka.sejm.gov.pl/rozlicz10.nsf/lista/2024365/$File/2024ryczalt_365.pdf?OpenElement
366,Krzysztof Szczucki,PiS,aktywny,5,sprawozdanie,Sprawozdanie za 2023/2024 rok,http://orka.sejm.gov.pl/rozlicz10.nsf/lista/2024366/$File/2024ryczalt_366.pdf?OpenElement
367,Józefa Szczurek-Żelazko,PiS,aktywny,15,sprawozdanie,Sprawozdanie za 2023/2024 rok,http://orka.sejm.gov.pl/rozlicz10.nsf/lista/2024367/$File/2024ryczalt_367.pdf?OpenElement
368,Paweł Szefernaker,PiS,wygasl,40,sprawozdanie,Sprawozdanie za 2023/2024 rok,http://orka.sejm.gov.pl/rozlicz10.nsf/lista/2024368/$File/2024ryczalt_368.pdf?OpenElement
369,Andrzej Szejna,Lewica,aktywny,33,sprawozdanie,Sprawozdanie za 2023/2024 rok,http://orka.sejm.gov.pl/rozlicz10.nsf/lista/2024369/$File/2024ryczalt_369.pdf?OpenElement
369,Andrzej Szejna,Lewica,aktywny,33,korekta,Korekta za 2023/2024 rok,http://orka.sejm.gov.pl/rozlicz10.nsf/lista/2024369k/$File/2024ryczaltkor_369.pdf?OpenElement
370,Andrzej Szewiński,KO,aktywny,28,sprawozdanie,Sprawozdanie za 2023/2024 rok,http://orka.sejm.gov.pl/rozlicz10.nsf/lista/2024370/$File/2024ryczalt_370.pdf?OpenElement
371,Adam Szłapka,KO,aktywny,39,sprawozdanie,Sprawozdanie za 2023/2024 rok,http://orka.sejm.gov.pl/rozlicz10.nsf/lista/2024371/$File/2024ryczalt_371.pdf?OpenElement
372,Henryk Szopiński,KO,aktywny,38,sprawozdanie,Sprawozdanie za 2023/2024 rok,http://orka.sejm.gov.pl/rozlicz10.nsf/lista/2024372/$File/2024ryczalt_372.pdf?OpenElement
373,Paweł Szrot,PiS,aktywny,4,sprawozdanie,Sprawozdanie za 2023/2024 rok,http://orka.sejm.gov.pl/rozlicz10.nsf/lista/2024373/$File/2024ryczalt_373.pdf?OpenElement
374,Krystyna Szumilas,KO,aktywny,29,sprawozdanie,Sprawozdanie za 2023/2024 rok,http://orka.sejm.gov.pl/rozlicz10.nsf/lista/2024374/$File/2024ryczalt_374.pdf?OpenElement
375,Stanisław Szwed,PiS,aktywny,27,sprawozdanie,Sprawozdanie za 2023/2024 rok,http://orka.sejm.gov.pl/rozlicz10.nsf/lista/2024375/$File/2024ryczalt_375.pdf?OpenElement
376,Ewa Szymanowska,Polska2050-TD,aktywny,9,sprawozdanie,Sprawozdanie za 2023/2024 rok,http://orka.sejm.gov.pl/rozlicz10.nsf/lista/2024376/$File/2024ryczalt_376.pdf?OpenElement
376,Ewa Szymanowska,Polska2050-TD,aktywny,9,korekta,Korekta za 2023/2024 rok,http://orka.sejm.gov.pl/rozlicz10.nsf/lista/2024376k/$File/2024ryczaltkor_376.pdf?OpenElement
377,Tomasz Szymański,KO,aktywny,5,sprawozdanie,Sprawozdanie za 2023/2024 rok,http://orka.sejm.gov.pl/rozlicz10.nsf/lista/2024377/$File/2024ryczalt_377.pdf?OpenElement
378,Szymon Szynkowski vel Sęk,PiS,aktywny,39,sprawozdanie,Sprawozdanie za 2023/2024 rok,http://orka.sejm.gov.pl/rozlicz10.nsf/lista/2024378/$File/2024ryczalt_378.pdf?OpenElement
379,Łukasz Ściebiorowski,KO,aktywny,31,sprawozdanie,Sprawozdanie za 2023/2024 rok,http://orka.sejm.gov.pl/rozlicz10.nsf/lista/2024379/$File/2024ryczalt_379.pdf?OpenElement
380,Agnieszka Ścigaj,PiS,aktywny,13,sprawozdanie,Sprawozdanie za 2023/2024 rok,http://orka.sejm.gov.pl/rozlicz10.nsf/lista/2024380/$File/2024ryczalt_380.pdf?OpenElement
381,Andrzej Śliwka,PiS,aktywny,34,sprawozdanie,Sprawozdanie za 2023/2024 rok,http://orka.sejm.gov.pl/rozlicz10.nsf/lista/2024381/$File/2024ryczalt_381.pdf?OpenElement
382,Paweł Śliz,Polska2050-TD,aktywny,12,sprawozdanie,Sprawozdanie za 2023/2024 rok,http://orka.sejm.gov.pl/rozlicz10.nsf/lista/2024382/$File/2024ryczalt_382.pdf?OpenElement
383,Krzysztof Śmiszek,Lewica,wygasl,3,inne,Rozliczenie za okres sprawowania mandatu,http://orka.sejm.gov.pl/rozlicz10.nsf/lista/2024383/$File/2024ryczalt_383.pdf?OpenElement
384,Jacek Świat,PiS,aktywny,3,sprawozdanie,Sprawozdanie za 2023/2024 rok,http://orka.sejm.gov.pl/rozlicz10.nsf/lista/2024384/$File/2024ryczalt_384.pdf?OpenElement
385,Apoloniusz Tajner,KO,aktywny,27,sprawozdanie,Sprawozdanie za 2023/2024 rok,http://orka.sejm.gov.pl/rozlicz10.nsf/lista/2024385/$File/2024ryczalt_385.pdf?OpenElement
385,Apoloniusz Tajner,KO,aktywny,27,korekta,Korekta za 2023/2024 rok,http://orka.sejm.gov.pl/rozlicz10.nsf/lista/2024385k/$File/2024ryczaltkor_385.pdf?OpenElement
386,Krzysztof Tchórzewski,PiS,aktywny,18,sprawozdanie,Sprawozdanie za 2023/2024 rok,http://orka.sejm.gov.pl/rozlicz10.nsf/lista/2024386/$File/2024ryczalt_386.pdf?OpenElement
387,Robert Telus,PiS,aktywny,10,sprawozdanie,Sprawozdanie za 2023/2024 rok,http://orka.sejm.gov.pl/rozlicz10.nsf/lista/2024387/$File/2024ryczalt_387.pdf?OpenElement
388,Ryszard Terlecki,PiS,aktywny,14,sprawozdanie,Sprawozdanie za 2023/2024 rok,http://orka.sejm.gov.pl/rozlicz10.nsf/lista/2024388/$File/2024ryczalt_388.pdf?OpenElement
389,Tadeusz Tomaszewski,Lewica,aktywny,37,sprawozdanie,Sprawozdanie za 2023/2024 rok,http://orka.sejm.gov.pl/rozlicz10.nsf/lista/2024389/$File/2024ryczalt_389.pdf?OpenElement
390,Jacek Tomczak,PSL-TD,aktywny,39,sprawozdanie,Sprawozdanie za 2023/2024 rok,http://orka.sejm.gov.pl/rozlicz10.nsf/lista/2024390/$File/2024ryczalt_390.pdf?OpenElement
391,Wioleta Tomczak,Polska2050-TD,aktywny,26,sprawozdanie,Sprawozdanie za 2023/2024 rok,http://orka.sejm.gov.pl/rozlicz10.nsf/lista/2024391/$File/2024ryczalt_391.pdf?OpenElement
391,Wioleta Tomczak,Polska2050-TD,aktywny,26,korekta,Korekta za 2023/2024 rok,http://orka.sejm.gov.pl/rozlicz10.nsf/lista/2024391k/$File/2024ryczaltkor_391.pdf?OpenElement
392,Cezary Tomczyk,KO,aktywny,11,sprawozdanie,Sprawozdanie za 2023/2024 rok,http://orka.sejm.gov.pl/rozlicz10.nsf/lista/2024392/$File/2024ryczalt_392.pdf?OpenElement
393,Stanisław Tomczyszyn,PSL-TD,aktywny,8,sprawozdanie,Sprawozdanie za 2023/2024 rok,http://orka.sejm.gov.pl/rozlicz10.nsf/lista/2024393/$File/2024ryczalt_393.pdf?OpenElement
394,Małgorzata Tracz,KO,aktywny,3,sprawozdanie,Sprawozdanie za 2023/2024 rok,http://orka.sejm.gov.pl/rozlicz10.nsf/lista/2024394/$File/2024ryczalt_394.pdf?OpenElement
395,Tomasz Trela,Lewica,aktywny,9,sprawozdanie,Sprawozdanie za 2023/2024 rok,http://orka.sejm.gov.pl/rozlicz10.nsf/lista/2024395/$File/2024ryczalt_395.pdf?OpenElement
396,Krzysztof Truskolaski,KO,aktywny,24,sprawozdanie,Sprawozdanie za 2023/2024 rok,http://orka.sejm.gov.pl/rozlicz10.nsf/lista/2024396/$File/2024ryczalt_396.pdf?OpenElement
397,Krzysztof Tuduj,Konfederacja,aktywny,3,sprawozdanie,Sprawozdanie za 2023/2024 rok,http://orka.sejm.gov.pl/rozlicz10.nsf/lista/2024397/$File/2024ryczalt_397.pdf?OpenElement
398,Sylwester Tułajew,PiS,aktywny,6,sprawozdanie,Sprawozdanie za 2023/2024 rok,http://orka.sejm.gov.pl/rozlicz10.nsf/lista/2024398/$File/2024ryczalt_398.pdf?OpenElement
399,Witold Tumanowicz,Konfederacja,aktywny,7,sprawozdanie,Sprawozdanie za 2023/2024 rok,http://orka.sejm.gov.pl/rozlicz10.nsf/lista/2024399/$File/2024ryczalt_399.pdf?OpenElement
400,Donald Tusk,KO,aktywny,19,sprawozdanie,Sprawozdanie za 2023/2024 rok,http://orka.sejm.gov.pl/rozlicz10.nsf/lista/2024400/$File/2024ryczalt_400.pdf?OpenElement
401,Stanisław Tyszka,Konfederacja,wygasl,26,inne,Rozliczenie za okres sprawowania mandatu,http://orka.sejm.gov.pl/rozlicz10.nsf/lista/2024401/$File/2024ryczalt_401.pdf?OpenElement
402,Katarzyna Ueberhan,Lewica,aktywny,39,sprawozdanie,Sprawozdanie za 2023/2024 rok,http://orka.sejm.gov.pl/rozlicz10.nsf/lista/2024402/$File/2024ryczalt_402.pdf?OpenElement
403,Jarosław Urbaniak,KO,aktywny,36,sprawozdanie,Sprawozdanie za 2023/2024 rok,http://orka.sejm.gov.pl/rozlicz10.nsf/lista/2024403/$File/2024ryczalt_403.pdf?OpenElement
404,Piotr Uruski,PiS,aktywny,22,sprawozdanie,Sprawozdanie za 2023/2024 rok,http://orka.sejm.gov.pl/rozlicz10.nsf/lista/2024404/$File/2024ryczalt_404.pdf?OpenElement
405,Piotr Uściński,PiS,aktywny,20,sprawozdanie,Sprawozdanie za 2023/2024 rok,http://orka.sejm.gov.pl/rozlicz10.nsf/lista/2024405/$File/2024ryczalt_405.pdf?OpenElement
406,Jarosław Wałęsa,KO,aktywny,25,sprawozdanie,Sprawozdanie za 2023/2024 rok,http://orka.sejm.gov.pl/rozlicz10.nsf/lista/2024406/$File/2024ryczalt_406.pdf?OpenElement
407,Marcin Warchoł,PiS,aktywny,23,sprawozdanie,Sprawozdanie za 2023/2024 rok,http://orka.sejm.gov.pl/rozlicz10.nsf/lista/2024407/$File/2024ryczalt_407.pdf?OpenElement
408,Robert Wardzała,KO,aktywny,15,sprawozdanie,Sprawozdanie za 2023/2024 rok,http://orka.sejm.gov.pl/rozlicz10.nsf/lista/2024408/$File/2024ryczalt_408.pdf?OpenElement
409,Robert Warwas,PiS,aktywny,32,sprawozdanie,Sprawozdanie za 2023/2024 rok,http://orka.sejm.gov.pl/rozlicz10.nsf/lista/2024409/$File/2024ryczalt_409.pdf?OpenElement
410,Jan Warzecha,PiS,aktywny,23,sprawozdanie,Sprawozdanie za 2023/2024 rok,http://orka.sejm.gov.pl/rozlicz10.nsf/lista/2024410/$File/2024ryczalt_410.pdf?OpenElement
411,Małgorzata Wassermann,PiS,aktywny,13,sprawozdanie,Sprawozdanie za 2023/2024 rok,http://orka.sejm.gov.pl/rozlicz10.nsf/lista/2024411/$File/2024ryczalt_411.pdf?OpenElement
412,Michał Wawer,Konfederacja,aktywny,33,sprawozdanie,Sprawozdanie za 2023/2024 rok,http://orka.sejm.gov.pl/rozlicz10.nsf/lista/2024412/$File/2024ryczalt_412.pdf?OpenElement
413,Maciej Wąsik,PiS,wygasl,16,inne,Rozliczenie za okres sprawowania mandatu,http://orka.sejm.gov.pl/rozlicz10.nsf/lista/2023413/$File/2023ryczalt_413.pdf?OpenElement
414,Marta Wcisło,KO,wygasl,6,inne,Rozliczenie za okres sprawowania mandatu,http://orka.sejm.gov.pl/rozlicz10.nsf/lista/2024414/$File/2024ryczalt_414.pdf?OpenElement
415,Rafał Weber,PiS,aktywny,23,sprawozdanie,Sprawozdanie za 2023/2024 rok,http://orka.sejm.gov.pl/rozlicz10.nsf/lista/2024415/$File/2024ryczalt_415.pdf?OpenElement
416,Marek Wesoły,PiS,aktywny,31,sprawozdanie,Sprawozdanie za 2023/2024 rok,http://orka.sejm.gov.pl/rozlicz10.nsf/lista/2024416/$File/2024ryczalt_416.pdf?OpenElement
417,Joanna Wicha,Lewica,aktywny,20,sprawozdanie,Sprawozdanie za 2023/2024 rok,http://orka.sejm.gov.pl/rozlicz10.nsf/lista/2024417/$File/2024ryczalt_417.pdf?OpenElement
417,Joanna Wicha,Lewica,aktywny,20,korekta,Korekta za 2023/2024 rok,http://orka.sejm.gov.pl/rozlicz10.nsf/lista/2024417k/$File/2024ryczaltkor_417.pdf?OpenElement
418,Patryk Wicher,PiS,aktywny,14,sprawozdanie,Sprawozdanie za 2023/2024 rok,http://orka.sejm.gov.pl/rozlicz10.nsf/lista/2024418/$File/2024ryczalt_418.pdf?OpenElement
419,Dariusz Wieczorek,Lewica,aktywny,41,sprawozdanie,Sprawozdanie za 2023/2024 rok,http://orka.sejm.gov.pl/rozlicz10.nsf/lista/2024419/$File/2024ryczalt_419.pdf?OpenElement
420,Jarosław Wiesław Wieczorek,PiS,aktywny,29,sprawozdanie,Sprawozdanie za 2023/2024 rok,http://orka.sejm.gov.pl/rozlicz10.nsf/lista/2024420/$File/2024ryczalt_420.pdf?OpenElement
421,Monika Wielichowska,KO,aktywny,2,sprawozdanie,Sprawozdanie za 2023/2024 rok,http://orka.sejm.gov.pl/rozlicz10.nsf/lista/2024421/$File/2024ryczalt_421.pdf?OpenElement
422,Ryszard Wilk,Konfederacja,aktywny,14,sprawozdanie,Sprawozdanie za 2023/2024 rok,http://orka.sejm.gov.pl/rozlicz10.nsf/lista/2024422/$File/2024ryczalt_422.pdf?OpenElement
423,Teresa Wilk,PiS,aktywny,34,sprawozdanie,Sprawozdanie za 2023/2024 rok,http://orka.sejm.gov.pl/rozlicz10.nsf/lista/2024423/$File/2024ryczalt_423.pdf?OpenElement
424,Przemysław Wipler,Konfederacja,aktywny,5,sprawozdanie,Sprawozdanie za 2023/2024 rok,http://orka.sejm.gov.pl/rozlicz10.nsf/lista/2024424/$File/2024ryczalt_424.pdf?OpenElement
425,Aleksandra Karolina Uznańska-Wiśniewska,KO,aktywny,9,sprawozdanie,Sprawozdanie za 2023/2024 rok,http://orka.sejm.gov.pl/rozlicz10.nsf/lista/2024425/$File/2024ryczalt_425.pdf?OpenElement
426,Adrian Witczak,KO,aktywny,10,sprawozdanie,Sprawozdanie za 2023/2024 rok,http://orka.sejm.gov.pl/rozlicz10.nsf/lista/2024426/$File/2024ryczalt_426.pdf?OpenElement
427,Mariusz Witczak,KO,aktywny,36,sprawozdanie,Sprawozdanie za 2023/2024 rok,http://orka.sejm.gov.pl/rozlicz10.nsf/lista/2024427/$File/2024ryczalt_427.pdf?OpenElement
428,Elżbieta Witek,PiS,aktywny,1,sprawozdanie,Sprawozdanie za 2023/2024 rok,http://orka.sejm.gov.pl/rozlicz10.nsf/lista/2024428/$File/2024ryczalt_428.pdf?OpenElement
429,Przemysław Witek,KO,aktywny,28,sprawozdanie,Sprawozdanie za 2023/2024 rok,http://orka.sejm.gov.pl/rozlicz10.nsf/lista/2024429/$File/2024ryczalt_429.pdf?OpenElement
430,Kamil Wnuk,Polska2050-TD,aktywny,32,sprawozdanie,Sprawozdanie za 2023/2024 rok,http://orka.sejm.gov.pl/rozlicz10.nsf/lista/2024430/$File/2024ryczalt_430.pdf?OpenElement
430,Kamil Wnuk,Polska2050-TD,aktywny,32,korekta,Korekta za 2023/2024 rok,http://orka.sejm.gov.pl/rozlicz10.nsf/lista/2024430k/$File/2024ryczaltkor_430.pdf?OpenElement
431,Anna Wojciechowska,KO,aktywny,35,sprawozdanie,Sprawozdanie za 2023/2024 rok,http://orka.sejm.gov.pl/rozlicz10.nsf/lista/2024431/$File/2024ryczalt_431.pdf?OpenElement
432,Agnieszka Wojciechowska van Heukelom,PiS,aktywny,9,sprawozdanie,Sprawozdanie za 2023/2024 rok,http://orka.sejm.gov.pl/rozlicz10.nsf/lista/2024432/$File/2024ryczalt_432.pdf?OpenElement
432,Agnieszka Wojciechowska van Heukelom,PiS,aktywny,9,korekta,Korekta za 2023/2024 rok,http://orka.sejm.gov.pl/rozlicz10.nsf/lista/2024432k/$File/2024ryczaltkor_432.pdf?OpenElement
433,Agata Wojtyszek,PiS,aktywny,33,sprawozdanie,Sprawozdanie za 2023/2024 rok,http://orka.sejm.gov.pl/rozlicz10.nsf/lista/2024433/$File/2024ryczalt_433.pdf?OpenElement
434,Bogusław Wołoszański,KO,aktywny,10,sprawozdanie,Sprawozdanie za 2023/2024 rok,http://orka.sejm.gov.pl/rozlicz10.nsf/lista/2024434/$File/2024ryczalt_434.pdf?OpenElement
435,Michał Woś,PiS,aktywny,30,sprawozdanie,Sprawozdanie za 2023/2024 rok,http://orka.sejm.gov.pl/rozlicz10.nsf/lista/2024435/$File/2024ryczalt_435.pdf?OpenElement
436,Grzegorz Woźniak,PiS,aktywny,18,sprawozdanie,Sprawozdanie za 2023/2024 rok,http://orka.sejm.gov.pl/rozlicz10.nsf/lista/2024436/$File/2024ryczalt_436.pdf?OpenElement
437,Tadeusz Woźniak,PiS,aktywny,11,sprawozdanie,Sprawozdanie za 2023/2024 rok,http://orka.sejm.gov.pl/rozlicz10.nsf/lista/2024437/$File/2024ryczalt_437.pdf?OpenElement
438,Michał Wójcik,PiS,aktywny,31,sprawozdanie,Sprawozdanie za 2023/2024 rok,http://orka.sejm.gov.pl/rozlicz10.nsf/lista/2024438/$File/2024ryczalt_438.pdf?OpenElement
439,Maciej Wróbel,KO,aktywny,35,sprawozdanie,Sprawozdanie za 2023/2024 rok,http://orka.sejm.gov.pl/rozlicz10.nsf/lista/2024439/$File/2024ryczalt_439.pdf?OpenElement
440,Bartłomiej Wróblewski,PiS,aktywny,39,sprawozdanie,Sprawozdanie za 2023/2024 rok,http://orka.sejm.gov.pl/rozlicz10.nsf/lista/2024440/$File/2024ryczalt_440.pdf?OpenElement
441,Paweł Zalewski,Polska2050-TD,aktywny,20,sprawozdanie,Sprawozdanie za 2023/2024 rok,http://orka.sejm.gov.pl/rozlicz10.nsf/lista/2024441/$File/2024ryczalt_441.pdf?OpenElement
442,Adrian Zandberg,Razem,aktywny,19,sprawozdanie,Sprawozdanie za 2023/2024 rok,http://orka.sejm.gov.pl/rozlicz10.nsf/lista/2024442/$File/2024ryczalt_442.pdf?OpenElement
443,Andrzej Tomasz Zapałowski,Konfederacja,aktywny,22,sprawozdanie,Sprawozdanie za 2023/2024 rok,http://orka.sejm.gov.pl/rozlicz10.nsf/lista/2024443/$File/2024ryczalt_443.pdf?OpenElement
444,Bartosz Zawieja,KO,aktywny,39,sprawozdanie,Sprawozdanie za 2023/2024 rok,http://orka.sejm.gov.pl/rozlicz10.nsf/lista/2024444/$File/2024ryczalt_444.pdf?OpenElement
444,Bartosz Zawieja,KO,aktywny,39,korekta,Korekta za 2023/2024 rok,http://orka.sejm.gov.pl/rozlicz10.nsf/lista/2024444k/$File/2024ryczaltkor_444.pdf?OpenElement
445,Marcelina Zawisza,Razem,aktywny,21,sprawozdanie,Sprawozdanie za 2023/2024 rok,http://orka.sejm.gov.pl/rozlicz10.nsf/lista/2024445/$File/2024ryczalt_445.pdf?OpenElement
446,Sławomir Zawiślak,Konfederacja_KP,aktywny,7,sprawozdanie,Sprawozdanie za 2023/2024 rok,http://orka.sejm.gov.pl/rozlicz10.nsf/lista/2024446/$File/2024ryczalt_446.pdf?OpenElement
447,Bogdan Andrzej Zdrojewski,KO,wygasl,3,inne,Rozliczenie za okres sprawowania mandatu,http://orka.sejm.gov.pl/rozlicz10.nsf/lista/2024447/$File/2024ryczalt_447.pdf?OpenElement
448,Witold Zembaczyński,KO,aktywny,21,sprawozdanie,Sprawozdanie za 2023/2024 rok,http://orka.sejm.gov.pl/rozlicz10.nsf/lista/2024448/$File/2024ryczalt_448.pdf?OpenElement
449,Piotr Zgorzelski,PSL-TD,aktywny,16,sprawozdanie,Sprawozdanie za 2023/2024 rok,http://orka.sejm.gov.pl/rozlicz10.nsf/lista/2024449/$File/2024ryczalt_449.pdf?OpenElement
450,Zbigniew Ziejewski,PSL-TD,aktywny,34,sprawozdanie,Sprawozdanie za 2023/2024 rok,http://orka.sejm.gov.pl/rozlicz10.nsf/lista/2024450/$File/2024ryczalt_450.pdf?OpenElement
451,Urszula Sara Zielińska,KO,aktywny,19,sprawozdanie,Sprawozdanie za 2023/2024 rok,http://orka.sejm.gov.pl/rozlicz10.nsf/lista/2024451/$File/2024ryczalt_451.pdf?OpenElement
452,Jarosław Zieliński,PiS,aktywny,24,sprawozdanie,Sprawozdanie za 2023/2024 rok,http://orka.sejm.gov.pl/rozlicz10.nsf/lista/2024452/$File/2024ryczalt_452.pdf?OpenElement
453,Tomasz Zieliński,PiS,aktywny,7,sprawozdanie,Sprawozdanie za 2023/2024 rok,http://orka.sejm.gov.pl/rozlicz10.nsf/lista/2024453/$File/2024ryczalt_453.pdf?OpenElement
454,Jolanta Zięba-Gzik,PSL-TD,aktywny,11,sprawozdanie,Sprawozdanie za 2023/2024 rok,http://orka.sejm.gov.pl/rozlicz10.nsf/lista/2024454/$File/2024ryczalt_454.pdf?OpenElement
455,Tomasz Zimoch,niez.,aktywny,3,sprawozdanie,Sprawozdanie za 2023/2024 rok,http://orka.sejm.gov.pl/rozlicz10.nsf/lista/2024455/$File/2024ryczalt_455.pdf?OpenElement
456,Zbigniew Ziobro,PiS,aktywny,23,sprawozdanie,Sprawozdanie za 2023/2024 rok,http://orka.sejm.gov.pl/rozlicz10.nsf/lista/2024456/$File/2024ryczalt_456.pdf?OpenElement
457,Wojciech Michał Zubowski,PiS,aktywny,1,sprawozdanie,Sprawozdanie za 2023/2024 rok,http://orka.sejm.gov.pl/rozlicz10.nsf/lista/2024457/$File/2024ryczalt_457.pdf?OpenElement
458,Ireneusz Zyska,PiS,aktywny,2,sprawozdanie,Sprawozdanie za 2023/2024 rok,http://orka.sejm.gov.pl/rozlicz10.nsf/lista/2024458/$File/2024ryczalt_458.pdf?OpenElement
459,Bożena Żelazowska,PSL-TD,aktywny,20,sprawozdanie,Sprawozdanie za 2023/2024 rok,http://orka.sejm.gov.pl/rozlicz10.nsf/lista/2024459/$File/2024ryczalt_459.pdf?OpenElement
460,Anna Maria Żukowska,Lewica,aktywny,19,sprawozdanie,Sprawozdanie za 2023/2024 rok,http://orka.sejm.gov.pl/rozlicz10.nsf/lista/2024460/$File/2024ryczalt_460.pdf?OpenElement
461,Anna Baluch,PiS,aktywny,6,sprawozdanie,Sprawozdanie za 2023/2024 rok,http://orka.sejm.gov.pl/rozlicz10.nsf/lista/2024461/$File/2024ryczalt_461.pdf?OpenElement
462,Magdalena Łośko,KO,aktywny,4,sprawozdanie,Sprawozdanie za 2023/2024 rok,http://orka.sejm.gov.pl/rozlicz10.nsf/lista/2024462/$File/2024ryczalt_462.pdf?OpenElement
463,Monika Pawłowska,PiS,aktywny,7,sprawozdanie,Sprawozdanie za 2023/2024 rok,http://orka.sejm.gov.pl/rozlicz10.nsf/lista/2024463/$File/2024ryczalt_463.pdf?OpenElement
463,Monika Pawłowska,PiS,aktywny,7,korekta,Korekta za 2023/2024 rok,http://orka.sejm.gov.pl/rozlicz10.nsf/lista/2024463k/$File/2024ryczaltkor_463.pdf?OpenElement
464,Alicja Łuczak,KO,aktywny,36,sprawozdanie,Sprawozdanie za 2023/2024 rok,http://orka.sejm.gov.pl/rozlicz10.nsf/lista/2024464/$File/2024ryczalt_464.pdf?OpenElement
465,Dominik Jaśkowiec,KO,aktywny,13,sprawozdanie,Sprawozdanie za 2023/2024 rok,http://orka.sejm.gov.pl/rozlicz10.nsf/lista/2024465/$File/2024ryczalt_465.pdf?OpenElement
466,Paweł Masełko,KO,aktywny,21,sprawozdanie,Sprawozdanie za 2023/2024 rok,http://orka.sejm.gov.pl/rozlicz10.nsf/lista/2024466/$File/2024ryczalt_466.pdf?OpenElement
467,Katarzyna Stachowicz,KO,aktywny,32,sprawozdanie,Sprawozdanie za 2023/2024 rok,http://orka.sejm.gov.pl/rozlicz10.nsf/lista/2024467/$File/2024ryczalt_467.pdf?OpenElement
468,Lidia Czechak,PiS,aktywny,36,sprawozdanie,Sprawozdanie za 2023/2024 rok,http://orka.sejm.gov.pl/rozlicz10.nsf/lista/2024468/$File/2024ryczalt_468.pdf?OpenElement
468,Lidia Czechak,PiS,aktywny,36,korekta,Korekta za 2023/2024 rok,http://orka.sejm.gov.pl/rozlicz10.nsf/lista/2024468k/$File/2024ryczaltkor_468.pdf?OpenElement
469,Barbara Grygorcewicz,KO,aktywny,40,sprawozdanie,Sprawozdanie za 2023/2024 rok,http://orka.sejm.gov.pl/rozlicz10.nsf/lista/2024469/$File/2024ryczalt_469.pdf?OpenElement
470,Bożenna Hołownia,Polska2050-TD,aktywny,19,sprawozdanie,Sprawozdanie za 2023/2024 rok,http://orka.sejm.gov.pl/rozlicz10.nsf/lista/2024470/$File/2024ryczalt_470.pdf?OpenElement
470,Bożenna Hołownia,Polska2050-TD,aktywny,19,korekta,Korekta za 2023/2024 rok,http://orka.sejm.gov.pl/rozlicz10.nsf/lista/2024470k/$File/2024ryczaltkor_470.pdf?OpenElement
471,Urszula Koszutska,KO,aktywny,31,sprawozdanie,Sprawozdanie za 2023/2024 rok,http://orka.sejm.gov.pl/rozlicz10.nsf/lista/2024471/$File/2024ryczalt_471.pdf?OpenElement
472,Piotr Kowal,Lewica,aktywny,5,sprawozdanie,Sprawozdanie za 2023/2024 rok,http://orka.sejm.gov.pl/rozlicz10.nsf/lista/2024472/$File/2024ryczalt_472.pdf?OpenElement
473,Michał Kowalski,PiS,aktywny,26,sprawozdanie,Sprawozdanie za 2023/2024 rok,http://orka.sejm.gov.pl/rozlicz10.nsf/lista/2024473/$File/2024ryczalt_473.pdf?OpenElement
473,Michał Kowalski,PiS,aktywny,26,korekta,Korekta za 2023/2024 rok,http://orka.sejm.gov.pl/rozlicz10.nsf/lista/2024473k/$File/2024ryczaltkor_473.pdf?OpenElement
474,Maria Joanna Koźlakiewicz,KO,aktywny,16,sprawozdanie,Sprawozdanie za 2023/2024 rok,http://orka.sejm.gov.pl/rozlicz10.nsf/lista/2024474/$File/2024ryczalt_474.pdf?OpenElement
475,Katarzyna Królak,KO,aktywny,34,sprawozdanie,Sprawozdanie za 2023/2024 rok,http://orka.sejm.gov.pl/rozlicz10.nsf/lista/2024475/$File/2024ryczalt_475.pdf?OpenElement
475,Katarzyna Królak,KO,aktywny,34,korekta,Korekta za 2023/2024 rok,http://orka.sejm.gov.pl/rozlicz10.nsf/lista/2024475k/$File/2024ryczaltkor_475.pdf?OpenElement
476,Wioletta Maria Kulpa,PiS,aktywny,16,sprawozdanie,Sprawozdanie za 2023/2024 rok,http://orka.sejm.gov.pl/rozlicz10.nsf/lista/2024476/$File/2024ryczalt_476.pdf?OpenElement
477,Grzegorz Macko,PiS,aktywny,2,sprawozdanie,Sprawozdanie za 2023/2024 rok,http://orka.sejm.gov.pl/rozlicz10.nsf/lista/2024477/$File/2024ryczalt_477.pdf?OpenElement
478,Jerzy Meysztowicz,KO,aktywny,13,sprawozdanie,Sprawozdanie za 2023/2024 rok,http://orka.sejm.gov.pl/rozlicz10.nsf/lista/2024478/$File/2024ryczalt_478.pdf?OpenElement
479,Krzysztof Mieszkowski,KO,aktywny,3,sprawozdanie,Sprawozdanie za 2023/2024 rok,http://orka.sejm.gov.pl/rozlicz10.nsf/lista/2024479/$File/2024ryczalt_479.pdf?OpenElement
480,Anna Paluch,PiS,aktywny,14,sprawozdanie,Sprawozdanie za 2023/2024 rok,http://orka.sejm.gov.pl/rozlicz10.nsf/lista/2024480/$File/2024ryczalt_480.pdf?OpenElement
481,Krzysztof Piątkowski,KO,aktywny,9,sprawozdanie,Sprawozdanie za 2023/2024 rok,http://orka.sejm.gov.pl/rozlicz10.nsf/lista/2024481/$File/2024ryczalt_481.pdf?OpenElement
482,Mariusz Popielarz,KO,aktywny,18,sprawozdanie,Sprawozdanie za 2023/2024 rok,http://orka.sejm.gov.pl/rozlicz10.nsf/lista/2024482/$File/2024ryczalt_482.pdf?OpenElement
483,Magdalena Roguska,KO,aktywny,19,sprawozdanie,Sprawozdanie za 2023/2024 rok,http://orka.sejm.gov.pl/rozlicz10.nsf/lista/2024483/$File/2024ryczalt_483.pdf?OpenElement
484,Marta Stożek,Razem,aktywny,3,sprawozdanie,Sprawozdanie za 2023/2024 rok,http://orka.sejm.gov.pl/rozlicz10.nsf/lista/2024484/$File/2024ryczalt_484.pdf?OpenElement
484,Marta Stożek,Razem,aktywny,3,korekta,Korekta za 2023/2024 rok,http://orka.sejm.gov.pl/rozlicz10.nsf/lista/2024484k/$File/2024ryczaltkor_484.pdf?OpenElement
485,Krzysztof Szymański,Konfederacja,aktywny,26,sprawozdanie,Sprawozdanie za 2023/2024 rok,http://orka.sejm.gov.pl/rozlicz10.nsf/lista/2024485/$File/2024ryczalt_485.pdf?OpenElement
485,Krzysztof Szymański,Konfederacja,aktywny,26,korekta,Korekta za 2023/2024 rok,http://orka.sejm.gov.pl/rozlicz10.nsf/lista/2024485k/$File/2024ryczaltkor_485.pdf?OpenElement
486,Włodzimierz Tomaszewski,PiS,aktywny,9,sprawozdanie,Sprawozdanie za 2023/2024 rok,http://orka.sejm.gov.pl/rozlicz10.nsf/lista/2024486/$File/2024ryczalt_486.pdf?OpenElement
487,Maciej Tomczykiewicz,KO,aktywny,27,sprawozdanie,Sprawozdanie za 2023/2024 rok,http://orka.sejm.gov.pl/rozlicz10.nsf/lista/2024487/$File/2024ryczalt_487.pdf?OpenElement
488,Jarosław Krajewski,PiS,aktywny,19,sprawozdanie,Sprawozdanie za 2023/2024 rok,http://orka.sejm.gov.pl/rozlicz10.nsf/lista/2024488/$File/2024ryczalt_488.pdf?OpenElement
489,Bożena Lisowska,KO,aktywny,6,sprawozdanie,Sprawozdanie za 2023/2024 rok,http://orka.sejm.gov.pl/rozlicz10.nsf/lista/2024489/$File/2024ryczalt_489.pdf?OpenElement
489,Bożena Lisowska,KO,aktywny,6,korekta,Korekta za 2023/2024 rok,http://orka.sejm.gov.pl/rozlicz10.nsf/lista/2024489k/$File/2024ryczaltkor_489.pdf?OpenElement
490,Michał Połuboczek,Konfederacja,aktywny,23,sprawozdanie,Sprawozdanie za 2023/2024 rok,http://orka.sejm.gov.pl/rozlicz10.nsf/lista/2024490/$File/2024ryczalt_490.pdf?OpenElement
491,Aleksandra Kot,KO,aktywny,13,sprawozdanie,Sprawozdanie za 2023/2024 rok,http://orka.sejm.gov.pl/rozlicz10.nsf/lista/2024491/$File/2024ryczalt_491.pdf?OpenElement
492,Rafał Romanowski,PiS,aktywny,16,sprawozdanie,Sprawozdanie za 2023/2024 rok,http://orka.sejm.gov.pl/rozlicz10.nsf/lista/2024492/$File/2024ryczalt_492.pdf?OpenElement
493,Henryk Smolarz,PSL-TD,aktywny,6,sprawozdanie,Sprawozdanie za 2023/2024 rok,http://orka.sejm.gov.pl/rozlicz10.nsf/lista/2024493/$File/2024ryczalt_493.pdf?OpenElement
494,Robert Jagła,KO,aktywny,2,sprawozdanie,Sprawozdanie za 2023/2024 rok,http://orka.sejm.gov.pl/rozlicz10.nsf/lista/2024494/$File/2024ryczalt_494.pdf?OpenElement
