mp_id,full_name,club,mandate_status,district_number,label,count,url
001,Andrzej Adamczyk,PiS,aktywny,13,Wypowiedzi łącznie,2,https://www.sejm.gov.pl/sejm10.nsf/wypowiedzi.xsp?id=001&type=P&symbol=WYPOWIEDZI_POSLA
002,Piotr Adamowicz,KO,aktywny,25,Wypowiedzi łącznie,1,https://www.sejm.gov.pl/sejm10.nsf/wypowiedzi.xsp?id=002&type=P&symbol=WYPOWIEDZI_POSLA
003,Adam Andruszkiewicz,PiS,wygasl,24,Wypowiedzi,8,https://www.sejm.gov.pl/sejm10.nsf/wypowiedzi.xsp?id=003&type=P&symbol=WYPOWIEDZI_POSLA
004,Waldemar Andzel,PiS,aktywny,32,Wypowiedzi łącznie,18,https://www.sejm.gov.pl/sejm10.nsf/wypowiedzi.xsp?id=004&type=P&symbol=WYPOWIEDZI_POSLA
005,Dorota Arciszewska-Mielewczyk,PiS,aktywny,26,Wypowiedzi,14,https://www.sejm.gov.pl/sejm10.nsf/wypowiedzi.xsp?id=005&type=P&symbol=WYPOWIEDZI_POSLA
006,Jan Krzysztof Ardanowski,Republikanie,aktywny,5,Wypowiedzi,19,https://www.sejm.gov.pl/sejm10.nsf/wypowiedzi.xsp?id=006&type=P&symbol=WYPOWIEDZI_POSLA
007,Iwona Ewa Arent,PiS,aktywny,35,Wypowiedzi,3,https://www.sejm.gov.pl/sejm10.nsf/wypowiedzi.xsp?id=007&type=P&symbol=WYPOWIEDZI_POSLA
008,Bartosz Arłukowicz,KO,wygasl,40,Wypowiedzi,9,https://www.sejm.gov.pl/sejm10.nsf/wypowiedzi.xsp?id=008&type=P&symbol=WYPOWIEDZI_POSLA
009,Marek Ast,PiS,aktywny,8,Wypowiedzi,24,https://www.sejm.gov.pl/sejm10.nsf/wypowiedzi.xsp?id=009&type=P&symbol=WYPOWIEDZI_POSLA
010,Urszula Augustyn,KO,aktywny,15,Wypowiedzi,32,https://www.sejm.gov.pl/sejm10.nsf/wypowiedzi.xsp?id=010&type=P&symbol=WYPOWIEDZI_POSLA
011,Piotr Babinetz,PiS,aktywny,22,Wypowiedzi,19,https://www.sejm.gov.pl/sejm10.nsf/wypowiedzi.xsp?id=011&type=P&symbol=WYPOWIEDZI_POSLA
012,Ryszard Bartosik,PiS,aktywny,37,Wypowiedzi,29,https://www.sejm.gov.pl/sejm10.nsf/wypowiedzi.xsp?id=012&type=P&symbol=WYPOWIEDZI_POSLA
013,Władysław Bartoszewski,PSL-TD,aktywny,19,Wypowiedzi łącznie,26,https://www.sejm.gov.pl/sejm10.nsf/wypowiedzi.xsp?id=013&type=P&symbol=WYPOWIEDZI_POSLA
014,Barbara Bartuś,PiS,aktywny,14,Wypowiedzi łącznie,59,https://www.sejm.gov.pl/sejm10.nsf/wypowiedzi.xsp?id=014&type=P&symbol=WYPOWIEDZI_POSLA
015,Paweł Bejda,PSL-TD,aktywny,11,Wypowiedzi łącznie,27,https://www.sejm.gov.pl/sejm10.nsf/wypowiedzi.xsp?id=015&type=P&symbol=WYPOWIEDZI_POSLA
016,Konrad Berkowicz,Konfederacja,aktywny,13,Wypowiedzi,48,https://www.sejm.gov.pl/sejm10.nsf/wypowiedzi.xsp?id=016&type=P&symbol=WYPOWIEDZI_POSLA
017,Sylwia Bielawska,KO,aktywny,2,Wypowiedzi,80,https://www.sejm.gov.pl/sejm10.nsf/wypowiedzi.xsp?id=017&type=P&symbol=WYPOWIEDZI_POSLA
018,Marek Biernacki,PSL-TD,aktywny,26,Wypowiedzi,26,https://www.sejm.gov.pl/sejm10.nsf/wypowiedzi.xsp?id=018&type=P&symbol=WYPOWIEDZI_POSLA
019,Paweł Bliźniuk,KO,aktywny,9,Wypowiedzi,58,https://www.sejm.gov.pl/sejm10.nsf/wypowiedzi.xsp?id=019&type=P&symbol=WYPOWIEDZI_POSLA
020,Mariusz Błaszczak,PiS,aktywny,20,Wypowiedzi łącznie,1,https://www.sejm.gov.pl/sejm10.nsf/wypowiedzi.xsp?id=020&type=P&symbol=WYPOWIEDZI_POSLA
021,Mateusz Bochenek,KO,aktywny,32,Wypowiedzi,52,https://www.sejm.gov.pl/sejm10.nsf/wypowiedzi.xsp?id=021&type=P&symbol=WYPOWIEDZI_POSLA
022,Rafał Bochenek,PiS,aktywny,12,Wypowiedzi,3,https://www.sejm.gov.pl/sejm10.nsf/wypowiedzi.xsp?id=022&type=P&symbol=WYPOWIEDZI_POSLA
023,Izabela Bodnar,niez.,aktywny,3,Wypowiedzi łącznie,1,https://www.sejm.gov.pl/sejm10.nsf/wypowiedzi.xsp?id=023&type=P&symbol=WYPOWIEDZI_POSLA
024,Jacek Bogucki,PiS,aktywny,24,Wypowiedzi,28,https://www.sejm.gov.pl/sejm10.nsf/wypowiedzi.xsp?id=024&type=P&symbol=WYPOWIEDZI_POSLA
025,Zbigniew Bogucki,PiS,wygasl,41,Wypowiedzi łącznie,2,https://www.sejm.gov.pl/sejm10.nsf/wypowiedzi.xsp?id=025&type=P&symbol=WYPOWIEDZI_POSLA
026,Krzysztof Bojarski,KO,aktywny,6,Wypowiedzi,11,https://www.sejm.gov.pl/sejm10.nsf/wypowiedzi.xsp?id=026&type=P&symbol=WYPOWIEDZI_POSLA
027,Joanna Borowiak,PiS,aktywny,5,Wypowiedzi,61,https://www.sejm.gov.pl/sejm10.nsf/wypowiedzi.xsp?id=027&type=P&symbol=WYPOWIEDZI_POSLA
028,Kamil Bortniczuk,PiS,aktywny,16,Wypowiedzi,9,https://www.sejm.gov.pl/sejm10.nsf/wypowiedzi.xsp?id=028&type=P&symbol=WYPOWIEDZI_POSLA
029,Piotr Borys,KO,aktywny,1,Wypowiedzi łącznie,9,https://www.sejm.gov.pl/sejm10.nsf/wypowiedzi.xsp?id=029&type=P&symbol=WYPOWIEDZI_POSLA
030,Bożena Borys-Szopa,PiS,aktywny,29,Wypowiedzi,10,https://www.sejm.gov.pl/sejm10.nsf/wypowiedzi.xsp?id=030&type=P&symbol=WYPOWIEDZI_POSLA
031,Marcin Bosacki,KO,aktywny,39,Wypowiedzi,22,https://www.sejm.gov.pl/sejm10.nsf/wypowiedzi.xsp?id=031&type=P&symbol=WYPOWIEDZI_POSLA
032,Karina Anna Bosak,Konfederacja,aktywny,20,Wypowiedzi,7,https://www.sejm.gov.pl/sejm10.nsf/wypowiedzi.xsp?id=032&type=P&symbol=WYPOWIEDZI_POSLA
033,Krzysztof Bosak,Konfederacja,aktywny,24,Wypowiedzi,30,https://www.sejm.gov.pl/sejm10.nsf/wypowiedzi.xsp?id=033&type=P&symbol=WYPOWIEDZI_POSLA
034,Grzegorz Braun,Konfederacja,wygasl,23,Wypowiedzi,182,https://www.sejm.gov.pl/sejm10.nsf/wypowiedzi.xsp?id=034&type=P&symbol=WYPOWIEDZI_POSLA
035,Krzysztof Brejza,KO,wygasl,4,Wypowiedzi,5,https://www.sejm.gov.pl/sejm10.nsf/wypowiedzi.xsp?id=035&type=P&symbol=WYPOWIEDZI_POSLA
036,Agnieszka Buczyńska,Polska2050-TD,aktywny,25,Wypowiedzi łącznie,2,https://www.sejm.gov.pl/sejm10.nsf/wypowiedzi.xsp?id=036&type=P&symbol=WYPOWIEDZI_POSLA
037,Waldemar Buda,PiS,wygasl,9,Wypowiedzi,24,https://www.sejm.gov.pl/sejm10.nsf/wypowiedzi.xsp?id=037&type=P&symbol=WYPOWIEDZI_POSLA
038,Borys Budka,KO,wygasl,31,Wypowiedzi,8,https://www.sejm.gov.pl/sejm10.nsf/wypowiedzi.xsp?id=038&type=P&symbol=WYPOWIEDZI_POSLA
039,Elżbieta Burkiewicz,Polska2050-TD,aktywny,23,Wypowiedzi łącznie,2,https://www.sejm.gov.pl/sejm10.nsf/wypowiedzi.xsp?id=039&type=P&symbol=WYPOWIEDZI_POSLA
040,Lidia Burzyńska,PiS,aktywny,28,Wypowiedzi łącznie,1,https://www.sejm.gov.pl/sejm10.nsf/wypowiedzi.xsp?id=040&type=P&symbol=WYPOWIEDZI_POSLA
041,Marek Jan Chmielewski,KO,aktywny,2,Wypowiedzi łącznie,5,https://www.sejm.gov.pl/sejm10.nsf/wypowiedzi.xsp?id=041&type=P&symbol=WYPOWIEDZI_POSLA
042,Zbigniew Chmielowiec,PiS,aktywny,23,Wypowiedzi łącznie,4,https://www.sejm.gov.pl/sejm10.nsf/wypowiedzi.xsp?id=042&type=P&symbol=WYPOWIEDZI_POSLA
043,Artur Chojecki,PiS,aktywny,35,Wypowiedzi,19,https://www.sejm.gov.pl/sejm10.nsf/wypowiedzi.xsp?id=043&type=P&symbol=WYPOWIEDZI_POSLA
044,Kazimierz Bogusław Choma,PiS,aktywny,6,Wypowiedzi łącznie,3,https://www.sejm.gov.pl/sejm10.nsf/wypowiedzi.xsp?id=044&type=P&symbol=WYPOWIEDZI_POSLA
045,Dominika Chorosińska,PiS,aktywny,20,Wypowiedzi,16,https://www.sejm.gov.pl/sejm10.nsf/wypowiedzi.xsp?id=045&type=P&symbol=WYPOWIEDZI_POSLA
046,Tadeusz Chrzan,PiS,aktywny,22,Wypowiedzi,5,https://www.sejm.gov.pl/sejm10.nsf/wypowiedzi.xsp?id=046&type=P&symbol=WYPOWIEDZI_POSLA
047,Alicja Chybicka,KO,aktywny,3,Wypowiedzi,29,https://www.sejm.gov.pl/sejm10.nsf/wypowiedzi.xsp?id=047&type=P&symbol=WYPOWIEDZI_POSLA
048,Anna Ewa Cicholska,PiS,aktywny,16,Wypowiedzi łącznie,7,https://www.sejm.gov.pl/sejm10.nsf/wypowiedzi.xsp?id=048&type=P&symbol=WYPOWIEDZI_POSLA
049,Janusz Cichoń,KO,aktywny,35,Wypowiedzi,34,https://www.sejm.gov.pl/sejm10.nsf/wypowiedzi.xsp?id=049&type=P&symbol=WYPOWIEDZI_POSLA
050,Krzysztof Ciecióra,PiS,aktywny,10,Wypowiedzi łącznie,2,https://www.sejm.gov.pl/sejm10.nsf/wypowiedzi.xsp?id=050&type=P&symbol=WYPOWIEDZI_POSLA
051,Janusz Cieszyński,PiS,aktywny,35,Wypowiedzi,34,https://www.sejm.gov.pl/sejm10.nsf/wypowiedzi.xsp?id=051&type=P&symbol=WYPOWIEDZI_POSLA
052,Michał Cieślak,PiS,aktywny,33,Wypowiedzi,9,https://www.sejm.gov.pl/sejm10.nsf/wypowiedzi.xsp?id=052&type=P&symbol=WYPOWIEDZI_POSLA
053,Żaneta Cwalina-Śliwowska,Polska2050-TD,aktywny,18,Wypowiedzi,51,https://www.sejm.gov.pl/sejm10.nsf/wypowiedzi.xsp?id=053&type=P&symbol=WYPOWIEDZI_POSLA
054,Krzysztof Czarnecki,PiS,aktywny,38,Wypowiedzi,15,https://www.sejm.gov.pl/sejm10.nsf/wypowiedzi.xsp?id=054&type=P&symbol=WYPOWIEDZI_POSLA
055,Witold Wojciech Czarnecki,PiS,aktywny,37,Wypowiedzi,5,https://www.sejm.gov.pl/sejm10.nsf/wypowiedzi.xsp?id=055&type=P&symbol=WYPOWIEDZI_POSLA
056,Przemysław Czarnek,PiS,aktywny,6,Wypowiedzi łącznie,2,https://www.sejm.gov.pl/sejm10.nsf/wypowiedzi.xsp?id=056&type=P&symbol=WYPOWIEDZI_POSLA
057,Arkadiusz Czartoryski,PiS,aktywny,18,Wypowiedzi,13,https://www.sejm.gov.pl/sejm10.nsf/wypowiedzi.xsp?id=057&type=P&symbol=WYPOWIEDZI_POSLA
058,Włodzimierz Czarzasty,Lewica,aktywny,32,Wypowiedzi,2,https://www.sejm.gov.pl/sejm10.nsf/wypowiedzi.xsp?id=058&type=P&symbol=WYPOWIEDZI_POSLA
059,Jacek Czerniak,Lewica,aktywny,6,Wypowiedzi łącznie,27,https://www.sejm.gov.pl/sejm10.nsf/wypowiedzi.xsp?id=059&type=P&symbol=WYPOWIEDZI_POSLA
060,Zofia Czernow,KO,aktywny,1,Wypowiedzi,185,https://www.sejm.gov.pl/sejm10.nsf/wypowiedzi.xsp?id=060&type=P&symbol=WYPOWIEDZI_POSLA
061,Anita Czerwińska,PiS,aktywny,20,Wypowiedzi,11,https://www.sejm.gov.pl/sejm10.nsf/wypowiedzi.xsp?id=061&type=P&symbol=WYPOWIEDZI_POSLA
062,Katarzyna Czochara,PiS,aktywny,21,Wypowiedzi,30,https://www.sejm.gov.pl/sejm10.nsf/wypowiedzi.xsp?id=062&type=P&symbol=WYPOWIEDZI_POSLA
063,Sławomir Ćwik,Polska2050-TD,aktywny,7,Wypowiedzi,176,https://www.sejm.gov.pl/sejm10.nsf/wypowiedzi.xsp?id=063&type=P&symbol=WYPOWIEDZI_POSLA
064,Władysław Dajczak,PiS,aktywny,8,Wypowiedzi,130,https://www.sejm.gov.pl/sejm10.nsf/wypowiedzi.xsp?id=064&type=P&symbol=WYPOWIEDZI_POSLA
065,Anna Dąbrowska-Banaszek,PiS,aktywny,7,Wypowiedzi,120,https://www.sejm.gov.pl/sejm10.nsf/wypowiedzi.xsp?id=065&type=P&symbol=WYPOWIEDZI_POSLA
066,Zbigniew Dolata,PiS,aktywny,37,Wypowiedzi,45,https://www.sejm.gov.pl/sejm10.nsf/wypowiedzi.xsp?id=066&type=P&symbol=WYPOWIEDZI_POSLA
067,Barbara Dolniak,KO,aktywny,32,Wypowiedzi łącznie,1,https://www.sejm.gov.pl/sejm10.nsf/wypowiedzi.xsp?id=067&type=P&symbol=WYPOWIEDZI_POSLA
068,Andrzej Domański,KO,aktywny,19,Wypowiedzi łącznie,24,https://www.sejm.gov.pl/sejm10.nsf/wypowiedzi.xsp?id=068&type=P&symbol=WYPOWIEDZI_POSLA
069,Bartłomiej Dorywalski,PiS,aktywny,33,Wypowiedzi,97,https://www.sejm.gov.pl/sejm10.nsf/wypowiedzi.xsp?id=069&type=P&symbol=WYPOWIEDZI_POSLA
070,Robert Dowhan,KO,aktywny,8,Wypowiedzi,7,https://www.sejm.gov.pl/sejm10.nsf/wypowiedzi.xsp?id=070&type=P&symbol=WYPOWIEDZI_POSLA
071,Przemysław Drabek,PiS,aktywny,27,Wypowiedzi,4,https://www.sejm.gov.pl/sejm10.nsf/wypowiedzi.xsp?id=071&type=P&symbol=WYPOWIEDZI_POSLA
072,Elżbieta Duda,PiS,aktywny,13,Wypowiedzi,13,https://www.sejm.gov.pl/sejm10.nsf/wypowiedzi.xsp?id=072&type=P&symbol=WYPOWIEDZI_POSLA
073,Michał Paweł Dworczyk,PiS,wygasl,2,Brak aktywności,,
074,Adam Dziedzic,PSL-TD,aktywny,23,Wypowiedzi łącznie,1,https://www.sejm.gov.pl/sejm10.nsf/wypowiedzi.xsp?id=074&type=P&symbol=WYPOWIEDZI_POSLA
075,Jan Michał Dziedziczak,PiS,aktywny,36,Wypowiedzi,22,https://www.sejm.gov.pl/sejm10.nsf/wypowiedzi.xsp?id=075&type=P&symbol=WYPOWIEDZI_POSLA
076,Agnieszka Dziemianowicz-Bąk,Lewica,aktywny,26,Wypowiedzi łącznie,42,https://www.sejm.gov.pl/sejm10.nsf/wypowiedzi.xsp?id=076&type=P&symbol=WYPOWIEDZI_POSLA
077,Magdalena Filiks,KO,aktywny,41,Wypowiedzi,3,https://www.sejm.gov.pl/sejm10.nsf/wypowiedzi.xsp?id=077&type=P&symbol=WYPOWIEDZI_POSLA
078,Magdalena Filipek-Sobczak,PiS,aktywny,6,Wypowiedzi łącznie,10,https://www.sejm.gov.pl/sejm10.nsf/wypowiedzi.xsp?id=078&type=P&symbol=WYPOWIEDZI_POSLA
079,Radosław Fogiel,PiS,aktywny,17,Wypowiedzi,32,https://www.sejm.gov.pl/sejm10.nsf/wypowiedzi.xsp?id=079&type=P&symbol=WYPOWIEDZI_POSLA
080,Bronisław Foltyn,Konfederacja,aktywny,27,Wypowiedzi łącznie,38,https://www.sejm.gov.pl/sejm10.nsf/wypowiedzi.xsp?id=080&type=P&symbol=WYPOWIEDZI_POSLA
081,Roman Fritz,Konfederacja_KP,aktywny,30,Wypowiedzi,240,https://www.sejm.gov.pl/sejm10.nsf/wypowiedzi.xsp?id=081&type=P&symbol=WYPOWIEDZI_POSLA
082,Joanna Frydrych,KO,aktywny,22,Wypowiedzi,47,https://www.sejm.gov.pl/sejm10.nsf/wypowiedzi.xsp?id=082&type=P&symbol=WYPOWIEDZI_POSLA
083,Konrad Frysztak,KO,aktywny,17,Wypowiedzi,44,https://www.sejm.gov.pl/sejm10.nsf/wypowiedzi.xsp?id=083&type=P&symbol=WYPOWIEDZI_POSLA
084,Patryk Gabriel,KO,aktywny,25,Wypowiedzi łącznie,1,https://www.sejm.gov.pl/sejm10.nsf/wypowiedzi.xsp?id=084&type=P&symbol=WYPOWIEDZI_POSLA
085,Krzysztof Gadowski,KO,aktywny,30,Wypowiedzi,70,https://www.sejm.gov.pl/sejm10.nsf/wypowiedzi.xsp?id=085&type=P&symbol=WYPOWIEDZI_POSLA
086,Aleksandra Gajewska,KO,aktywny,19,Wypowiedzi łącznie,30,https://www.sejm.gov.pl/sejm10.nsf/wypowiedzi.xsp?id=086&type=P&symbol=WYPOWIEDZI_POSLA
087,Kinga Gajewska,KO,aktywny,20,Wypowiedzi,10,https://www.sejm.gov.pl/sejm10.nsf/wypowiedzi.xsp?id=087&type=P&symbol=WYPOWIEDZI_POSLA
088,Elżbieta Gapińska,KO,aktywny,16,Wypowiedzi łącznie,1,https://www.sejm.gov.pl/sejm10.nsf/wypowiedzi.xsp?id=088&type=P&symbol=WYPOWIEDZI_POSLA
089,Kamila Gasiuk-Pihowicz,KO,wygasl,18,Wypowiedzi,18,https://www.sejm.gov.pl/sejm10.nsf/wypowiedzi.xsp?id=089&type=P&symbol=WYPOWIEDZI_POSLA
090,Krzysztof Gawkowski,Lewica,aktywny,4,Wypowiedzi łącznie,6,https://www.sejm.gov.pl/sejm10.nsf/wypowiedzi.xsp?id=090&type=P&symbol=WYPOWIEDZI_POSLA
091,Zdzisław Gawlik,KO,aktywny,23,Wypowiedzi,16,https://www.sejm.gov.pl/sejm10.nsf/wypowiedzi.xsp?id=091&type=P&symbol=WYPOWIEDZI_POSLA
092,Andrzej Gawron,PiS,aktywny,28,Wypowiedzi łącznie,2,https://www.sejm.gov.pl/sejm10.nsf/wypowiedzi.xsp?id=092&type=P&symbol=WYPOWIEDZI_POSLA
093,Grzegorz Gaża,PiS,aktywny,27,Wypowiedzi,6,https://www.sejm.gov.pl/sejm10.nsf/wypowiedzi.xsp?id=093&type=P&symbol=WYPOWIEDZI_POSLA
094,Elżbieta Gelert,KO,aktywny,34,Wypowiedzi,24,https://www.sejm.gov.pl/sejm10.nsf/wypowiedzi.xsp?id=094&type=P&symbol=WYPOWIEDZI_POSLA
095,Anna Gembicka,PiS,aktywny,5,Wypowiedzi łącznie,4,https://www.sejm.gov.pl/sejm10.nsf/wypowiedzi.xsp?id=095&type=P&symbol=WYPOWIEDZI_POSLA
096,Artur Daniel Gierada,KO,aktywny,33,Wypowiedzi,13,https://www.sejm.gov.pl/sejm10.nsf/wypowiedzi.xsp?id=096&type=P&symbol=WYPOWIEDZI_POSLA
097,Roman Giertych,KO,aktywny,33,Wypowiedzi,9,https://www.sejm.gov.pl/sejm10.nsf/wypowiedzi.xsp?id=097&type=P&symbol=WYPOWIEDZI_POSLA
098,Włodzisław Giziński,KO,aktywny,4,Wypowiedzi,5,https://www.sejm.gov.pl/sejm10.nsf/wypowiedzi.xsp?id=098&type=P&symbol=WYPOWIEDZI_POSLA
099,Szymon Giżyński,PiS,aktywny,28,Wypowiedzi,71,https://www.sejm.gov.pl/sejm10.nsf/wypowiedzi.xsp?id=099&type=P&symbol=WYPOWIEDZI_POSLA
100,Piotr Gliński,PiS,aktywny,19,Wypowiedzi,28,https://www.sejm.gov.pl/sejm10.nsf/wypowiedzi.xsp?id=100&type=P&symbol=WYPOWIEDZI_POSLA
101,Tomasz Głogowski,KO,aktywny,29,Wypowiedzi,27,https://www.sejm.gov.pl/sejm10.nsf/wypowiedzi.xsp?id=101&type=P&symbol=WYPOWIEDZI_POSLA
102,Piotr Głowski,KO,aktywny,38,Wypowiedzi,45,https://www.sejm.gov.pl/sejm10.nsf/wypowiedzi.xsp?id=102&type=P&symbol=WYPOWIEDZI_POSLA
103,Marta Golbik,KO,aktywny,29,Wypowiedzi łącznie,1,https://www.sejm.gov.pl/sejm10.nsf/wypowiedzi.xsp?id=103&type=P&symbol=WYPOWIEDZI_POSLA
104,Małgorzata Golińska,PiS,aktywny,40,Wypowiedzi,101,https://www.sejm.gov.pl/sejm10.nsf/wypowiedzi.xsp?id=104&type=P&symbol=WYPOWIEDZI_POSLA
105,Kazimierz Gołojuch,PiS,aktywny,23,Wypowiedzi,16,https://www.sejm.gov.pl/sejm10.nsf/wypowiedzi.xsp?id=105&type=P&symbol=WYPOWIEDZI_POSLA
106,Adam Gomoła,niez.,aktywny,21,Wypowiedzi,41,https://www.sejm.gov.pl/sejm10.nsf/wypowiedzi.xsp?id=106&type=P&symbol=WYPOWIEDZI_POSLA
107,Robert Gontarz,PiS,aktywny,34,Wypowiedzi,18,https://www.sejm.gov.pl/sejm10.nsf/wypowiedzi.xsp?id=107&type=P&symbol=WYPOWIEDZI_POSLA
108,Stanisław Gorczyca,KO,aktywny,34,Wypowiedzi,8,https://www.sejm.gov.pl/sejm10.nsf/wypowiedzi.xsp?id=108&type=P&symbol=WYPOWIEDZI_POSLA
109,Mariusz Gosek,PiS,aktywny,33,Wypowiedzi,9,https://www.sejm.gov.pl/sejm10.nsf/wypowiedzi.xsp?id=109&type=P&symbol=WYPOWIEDZI_POSLA
110,Daria Gosek-Popiołek,Lewica,aktywny,13,Wypowiedzi łącznie,12,https://www.sejm.gov.pl/sejm10.nsf/wypowiedzi.xsp?id=110&type=P&symbol=WYPOWIEDZI_POSLA
111,Małgorzata Gosiewska,PiS,wygasl,19,Wypowiedzi,2,https://www.sejm.gov.pl/sejm10.nsf/wypowiedzi.xsp?id=111&type=P&symbol=WYPOWIEDZI_POSLA
112,Piotr Górnikiewicz,Polska2050-TD,aktywny,15,Wypowiedzi,43,https://www.sejm.gov.pl/sejm10.nsf/wypowiedzi.xsp?id=112&type=P&symbol=WYPOWIEDZI_POSLA
113,Agnieszka Górska,PiS,aktywny,17,Wypowiedzi łącznie,1,https://www.sejm.gov.pl/sejm10.nsf/wypowiedzi.xsp?id=113&type=P&symbol=WYPOWIEDZI_POSLA
114,Krzysztof Grabczuk,KO,aktywny,7,Wypowiedzi,56,https://www.sejm.gov.pl/sejm10.nsf/wypowiedzi.xsp?id=114&type=P&symbol=WYPOWIEDZI_POSLA
115,Jan Grabiec,KO,aktywny,20,Brak aktywności,,
116,Marcin Grabowski,PiS,aktywny,18,Wypowiedzi łącznie,1,https://www.sejm.gov.pl/sejm10.nsf/wypowiedzi.xsp?id=116&type=P&symbol=WYPOWIEDZI_POSLA
117,Michał Gramatyka,Polska2050-TD,aktywny,31,Wypowiedzi łącznie,22,https://www.sejm.gov.pl/sejm10.nsf/wypowiedzi.xsp?id=117&type=P&symbol=WYPOWIEDZI_POSLA
118,Małgorzata Gromadzka,KO,aktywny,7,Wypowiedzi,64,https://www.sejm.gov.pl/sejm10.nsf/wypowiedzi.xsp?id=118&type=P&symbol=WYPOWIEDZI_POSLA
119,Marek Gróbarczyk,PiS,aktywny,41,Wypowiedzi łącznie,17,https://www.sejm.gov.pl/sejm10.nsf/wypowiedzi.xsp?id=119&type=P&symbol=WYPOWIEDZI_POSLA
120,Andrzej Grzyb,PSL-TD,aktywny,36,Wypowiedzi,86,https://www.sejm.gov.pl/sejm10.nsf/wypowiedzi.xsp?id=120&type=P&symbol=WYPOWIEDZI_POSLA
121,Andrzej Gut-Mostowy,PiS,aktywny,14,Wypowiedzi,1,https://www.sejm.gov.pl/sejm10.nsf/wypowiedzi.xsp?id=121&type=P&symbol=WYPOWIEDZI_POSLA
122,Kazimierz Gwiazdowski,PiS,aktywny,24,Wypowiedzi łącznie,2,https://www.sejm.gov.pl/sejm10.nsf/wypowiedzi.xsp?id=122&type=P&symbol=WYPOWIEDZI_POSLA
123,Marcin Gwóźdź,PiS,aktywny,2,Wypowiedzi,28,https://www.sejm.gov.pl/sejm10.nsf/wypowiedzi.xsp?id=123&type=P&symbol=WYPOWIEDZI_POSLA
124,Marek Gzik,KO,aktywny,29,Wypowiedzi łącznie,8,https://www.sejm.gov.pl/sejm10.nsf/wypowiedzi.xsp?id=124&type=P&symbol=WYPOWIEDZI_POSLA
125,Krzysztof Habura,KO,aktywny,11,Wypowiedzi,106,https://www.sejm.gov.pl/sejm10.nsf/wypowiedzi.xsp?id=125&type=P&symbol=WYPOWIEDZI_POSLA
126,Agnieszka Hanajczyk,KO,aktywny,11,Wypowiedzi,22,https://www.sejm.gov.pl/sejm10.nsf/wypowiedzi.xsp?id=126&type=P&symbol=WYPOWIEDZI_POSLA
127,Iwona Hartwich,KO,aktywny,5,Wypowiedzi,15,https://www.sejm.gov.pl/sejm10.nsf/wypowiedzi.xsp?id=127&type=P&symbol=WYPOWIEDZI_POSLA
128,Paulina Hennig-Kloska,Polska2050-TD,aktywny,37,Wypowiedzi łącznie,36,https://www.sejm.gov.pl/sejm10.nsf/wypowiedzi.xsp?id=128&type=P&symbol=WYPOWIEDZI_POSLA
129,Krzysztof Hetman,PSL-TD,wygasl,6,Wypowiedzi łącznie,9,https://www.sejm.gov.pl/sejm10.nsf/wypowiedzi.xsp?id=129&type=P&symbol=WYPOWIEDZI_POSLA
130,Czesław Hoc,PiS,aktywny,40,Wypowiedzi łącznie,26,https://www.sejm.gov.pl/sejm10.nsf/wypowiedzi.xsp?id=130&type=P&symbol=WYPOWIEDZI_POSLA
131,Zbigniew Hoffmann,PiS,aktywny,37,Wypowiedzi,9,https://www.sejm.gov.pl/sejm10.nsf/wypowiedzi.xsp?id=131&type=P&symbol=WYPOWIEDZI_POSLA
132,Marek Tomasz Hok,KO,aktywny,40,Wypowiedzi,22,https://www.sejm.gov.pl/sejm10.nsf/wypowiedzi.xsp?id=132&type=P&symbol=WYPOWIEDZI_POSLA
133,Szymon Hołownia,Polska2050-TD,aktywny,24,Wypowiedzi,2,https://www.sejm.gov.pl/sejm10.nsf/wypowiedzi.xsp?id=133&type=P&symbol=WYPOWIEDZI_POSLA
134,Marcin Horała,PiS,aktywny,26,Wypowiedzi,27,https://www.sejm.gov.pl/sejm10.nsf/wypowiedzi.xsp?id=134&type=P&symbol=WYPOWIEDZI_POSLA
135,Łukasz Horbatowski,KO,aktywny,1,Wypowiedzi łącznie,12,https://www.sejm.gov.pl/sejm10.nsf/wypowiedzi.xsp?id=135&type=P&symbol=WYPOWIEDZI_POSLA
136,Paweł Hreniak,PiS,aktywny,3,Wypowiedzi łącznie,2,https://www.sejm.gov.pl/sejm10.nsf/wypowiedzi.xsp?id=136&type=P&symbol=WYPOWIEDZI_POSLA
137,Paweł Jabłoński,PiS,aktywny,30,Wypowiedzi łącznie,3,https://www.sejm.gov.pl/sejm10.nsf/wypowiedzi.xsp?id=137&type=P&symbol=WYPOWIEDZI_POSLA
138,Klaudia Jachira,KO,aktywny,19,Wypowiedzi łącznie,1,https://www.sejm.gov.pl/sejm10.nsf/wypowiedzi.xsp?id=138&type=P&symbol=WYPOWIEDZI_POSLA
139,Marek Jakubiak,Republikanie,aktywny,19,Wypowiedzi,102,https://www.sejm.gov.pl/sejm10.nsf/wypowiedzi.xsp?id=139&type=P&symbol=WYPOWIEDZI_POSLA
140,Maria Małgorzata Janyska,KO,aktywny,38,Wypowiedzi,43,https://www.sejm.gov.pl/sejm10.nsf/wypowiedzi.xsp?id=140&type=P&symbol=WYPOWIEDZI_POSLA
141,Michał Jaros,KO,aktywny,3,Wypowiedzi łącznie,35,https://www.sejm.gov.pl/sejm10.nsf/wypowiedzi.xsp?id=141&type=P&symbol=WYPOWIEDZI_POSLA
142,Patryk Jaskulski,KO,aktywny,41,Wypowiedzi,67,https://www.sejm.gov.pl/sejm10.nsf/wypowiedzi.xsp?id=142&type=P&symbol=WYPOWIEDZI_POSLA
143,Danuta Jazłowiecka,KO,aktywny,21,Wypowiedzi,14,https://www.sejm.gov.pl/sejm10.nsf/wypowiedzi.xsp?id=143&type=P&symbol=WYPOWIEDZI_POSLA
144,Dariusz Joński,KO,wygasl,9,Wypowiedzi,11,https://www.sejm.gov.pl/sejm10.nsf/wypowiedzi.xsp?id=144&type=P&symbol=WYPOWIEDZI_POSLA
145,Marcin Józefaciuk,KO,aktywny,9,Wypowiedzi łącznie,20,https://www.sejm.gov.pl/sejm10.nsf/wypowiedzi.xsp?id=145&type=P&symbol=WYPOWIEDZI_POSLA
146,Norbert Jakub Kaczmarczyk,PiS,aktywny,15,Wypowiedzi,68,https://www.sejm.gov.pl/sejm10.nsf/wypowiedzi.xsp?id=146&type=P&symbol=WYPOWIEDZI_POSLA
147,Filip Kaczyński,PiS,aktywny,12,Wypowiedzi,28,https://www.sejm.gov.pl/sejm10.nsf/wypowiedzi.xsp?id=147&type=P&symbol=WYPOWIEDZI_POSLA
148,Jarosław Kaczyński,PiS,aktywny,33,Wypowiedzi,11,https://www.sejm.gov.pl/sejm10.nsf/wypowiedzi.xsp?id=148&type=P&symbol=WYPOWIEDZI_POSLA
149,Piotr Kaleta,PiS,aktywny,36,Wypowiedzi,43,https://www.sejm.gov.pl/sejm10.nsf/wypowiedzi.xsp?id=149&type=P&symbol=WYPOWIEDZI_POSLA
150,Sebastian Kaleta,PiS,aktywny,19,Wypowiedzi,55,https://www.sejm.gov.pl/sejm10.nsf/wypowiedzi.xsp?id=150&type=P&symbol=WYPOWIEDZI_POSLA
151,Mariusz Kałużny,PiS,aktywny,5,Wypowiedzi,4,https://www.sejm.gov.pl/sejm10.nsf/wypowiedzi.xsp?id=151&type=P&symbol=WYPOWIEDZI_POSLA
152,Mariusz Kamiński,PiS,wygasl,7,Brak aktywności,,
153,Piotr Kandyba,KO,aktywny,20,Wypowiedzi,67,https://www.sejm.gov.pl/sejm10.nsf/wypowiedzi.xsp?id=153&type=P&symbol=WYPOWIEDZI_POSLA
154,Jan Kanthak,PiS,aktywny,6,Wypowiedzi,13,https://www.sejm.gov.pl/sejm10.nsf/wypowiedzi.xsp?id=154&type=P&symbol=WYPOWIEDZI_POSLA
155,Fryderyk Sylwester Kapinos,PiS,aktywny,23,Wypowiedzi łącznie,28,https://www.sejm.gov.pl/sejm10.nsf/wypowiedzi.xsp?id=155&type=P&symbol=WYPOWIEDZI_POSLA
156,Jacek Karnowski,KO,aktywny,25,Wypowiedzi łącznie,8,https://www.sejm.gov.pl/sejm10.nsf/wypowiedzi.xsp?id=156&type=P&symbol=WYPOWIEDZI_POSLA
157,Iwona Karolewska,KO,aktywny,4,Wypowiedzi łącznie,1,https://www.sejm.gov.pl/sejm10.nsf/wypowiedzi.xsp?id=157&type=P&symbol=WYPOWIEDZI_POSLA
158,Rafał Kasprzyk,Polska2050-TD,aktywny,33,Wypowiedzi łącznie,1,https://www.sejm.gov.pl/sejm10.nsf/wypowiedzi.xsp?id=158&type=P&symbol=WYPOWIEDZI_POSLA
159,Henryk Kiepura,PSL-TD,aktywny,28,Wypowiedzi łącznie,13,https://www.sejm.gov.pl/sejm10.nsf/wypowiedzi.xsp?id=159&type=P&symbol=WYPOWIEDZI_POSLA
160,Marcin Kierwiński,KO,wygasl,16,Wypowiedzi łącznie,18,https://www.sejm.gov.pl/sejm10.nsf/wypowiedzi.xsp?id=160&type=P&symbol=WYPOWIEDZI_POSLA
161,Katarzyna Kierzek-Koperska,KO,aktywny,39,Wypowiedzi łącznie,1,https://www.sejm.gov.pl/sejm10.nsf/wypowiedzi.xsp?id=161&type=P&symbol=WYPOWIEDZI_POSLA
162,Dariusz Klimczak,PSL-TD,aktywny,10,Wypowiedzi łącznie,8,https://www.sejm.gov.pl/sejm10.nsf/wypowiedzi.xsp?id=162&type=P&symbol=WYPOWIEDZI_POSLA
163,Joanna Kluzik-Rostkowska,KO,aktywny,17,Wypowiedzi,19,https://www.sejm.gov.pl/sejm10.nsf/wypowiedzi.xsp?id=163&type=P&symbol=WYPOWIEDZI_POSLA
164,Agnieszka Maria Kłopotek,PSL-TD,aktywny,4,Wypowiedzi łącznie,1,https://www.sejm.gov.pl/sejm10.nsf/wypowiedzi.xsp?id=164&type=P&symbol=WYPOWIEDZI_POSLA
165,Łukasz Kmita,PiS,aktywny,12,Wypowiedzi łącznie,1,https://www.sejm.gov.pl/sejm10.nsf/wypowiedzi.xsp?id=165&type=P&symbol=WYPOWIEDZI_POSLA
166,Michał Kobosko,Polska2050-TD,wygasl,19,Wypowiedzi,6,https://www.sejm.gov.pl/sejm10.nsf/wypowiedzi.xsp?id=166&type=P&symbol=WYPOWIEDZI_POSLA
167,Maria Koc,PiS,aktywny,18,Wypowiedzi łącznie,2,https://www.sejm.gov.pl/sejm10.nsf/wypowiedzi.xsp?id=167&type=P&symbol=WYPOWIEDZI_POSLA
168,Ewa Kołodziej,KO,aktywny,31,Wypowiedzi łącznie,2,https://www.sejm.gov.pl/sejm10.nsf/wypowiedzi.xsp?id=168&type=P&symbol=WYPOWIEDZI_POSLA
169,Magdalena Małgorzata Kołodziejczak,KO,aktywny,25,Wypowiedzi,96,https://www.sejm.gov.pl/sejm10.nsf/wypowiedzi.xsp?id=169&type=P&symbol=WYPOWIEDZI_POSLA
170,Michał Kołodziejczak,KO,aktywny,37,Wypowiedzi łącznie,16,https://www.sejm.gov.pl/sejm10.nsf/wypowiedzi.xsp?id=170&type=P&symbol=WYPOWIEDZI_POSLA
171,Rafał Komarewicz,Polska2050-TD,aktywny,13,Wypowiedzi łącznie,1,https://www.sejm.gov.pl/sejm10.nsf/wypowiedzi.xsp?id=171&type=P&symbol=WYPOWIEDZI_POSLA
172,Maciej Konieczny,Razem,aktywny,31,Wypowiedzi,72,https://www.sejm.gov.pl/sejm10.nsf/wypowiedzi.xsp?id=172&type=P&symbol=WYPOWIEDZI_POSLA
173,Zbigniew Konwiński,KO,aktywny,26,Wypowiedzi,26,https://www.sejm.gov.pl/sejm10.nsf/wypowiedzi.xsp?id=173&type=P&symbol=WYPOWIEDZI_POSLA
174,Władysław Kosiniak-Kamysz,PSL-TD,aktywny,15,Wypowiedzi łącznie,33,https://www.sejm.gov.pl/sejm10.nsf/wypowiedzi.xsp?id=174&type=P&symbol=WYPOWIEDZI_POSLA
175,Tomasz Kostuś,KO,aktywny,21,Wypowiedzi łącznie,39,https://www.sejm.gov.pl/sejm10.nsf/wypowiedzi.xsp?id=175&type=P&symbol=WYPOWIEDZI_POSLA
176,Andrzej Kosztowniak,PiS,aktywny,17,Wypowiedzi,13,https://www.sejm.gov.pl/sejm10.nsf/wypowiedzi.xsp?id=176&type=P&symbol=WYPOWIEDZI_POSLA
177,Katarzyna Kotula,Lewica,aktywny,25,Wypowiedzi łącznie,12,https://www.sejm.gov.pl/sejm10.nsf/wypowiedzi.xsp?id=177&type=P&symbol=WYPOWIEDZI_POSLA
178,Paweł Kowal,KO,aktywny,23,Wypowiedzi,15,https://www.sejm.gov.pl/sejm10.nsf/wypowiedzi.xsp?id=178&type=P&symbol=WYPOWIEDZI_POSLA
179,Henryk Kowalczyk,PiS,aktywny,18,Wypowiedzi,33,https://www.sejm.gov.pl/sejm10.nsf/wypowiedzi.xsp?id=179&type=P&symbol=WYPOWIEDZI_POSLA
180,Janusz Kowalski,PiS,aktywny,21,Wypowiedzi łącznie,2,https://www.sejm.gov.pl/sejm10.nsf/wypowiedzi.xsp?id=180&type=P&symbol=WYPOWIEDZI_POSLA
181,Bartosz Józef Kownacki,PiS,aktywny,4,Wypowiedzi,14,https://www.sejm.gov.pl/sejm10.nsf/wypowiedzi.xsp?id=181&type=P&symbol=WYPOWIEDZI_POSLA
182,Iwona Maria Kozłowska,KO,aktywny,4,Wypowiedzi,151,https://www.sejm.gov.pl/sejm10.nsf/wypowiedzi.xsp?id=182&type=P&symbol=WYPOWIEDZI_POSLA
183,Stefan Krajewski,PSL-TD,aktywny,24,Wypowiedzi łącznie,51,https://www.sejm.gov.pl/sejm10.nsf/wypowiedzi.xsp?id=183&type=P&symbol=WYPOWIEDZI_POSLA
184,Wiesław Krajewski,PiS,aktywny,15,Wypowiedzi,5,https://www.sejm.gov.pl/sejm10.nsf/wypowiedzi.xsp?id=184&type=P&symbol=WYPOWIEDZI_POSLA
185,Leonard Krasulski,PiS,aktywny,34,Brak aktywności,,
186,Iwona Małgorzata Krawczyk,KO,aktywny,1,Wypowiedzi,80,https://www.sejm.gov.pl/sejm10.nsf/wypowiedzi.xsp?id=186&type=P&symbol=WYPOWIEDZI_POSLA
187,Michał Krawczyk,KO,aktywny,6,Wypowiedzi,43,https://www.sejm.gov.pl/sejm10.nsf/wypowiedzi.xsp?id=187&type=P&symbol=WYPOWIEDZI_POSLA
188,Robert Kropiwnicki,KO,aktywny,1,Wypowiedzi łącznie,39,https://www.sejm.gov.pl/sejm10.nsf/wypowiedzi.xsp?id=188&type=P&symbol=WYPOWIEDZI_POSLA
189,Piotr Król,PiS,aktywny,4,Wypowiedzi,10,https://www.sejm.gov.pl/sejm10.nsf/wypowiedzi.xsp?id=189&type=P&symbol=WYPOWIEDZI_POSLA
190,Wojciech Król,KO,aktywny,31,Wypowiedzi łącznie,2,https://www.sejm.gov.pl/sejm10.nsf/wypowiedzi.xsp?id=190&type=P&symbol=WYPOWIEDZI_POSLA
191,Anna Krupka,PiS,aktywny,33,Wypowiedzi,16,https://www.sejm.gov.pl/sejm10.nsf/wypowiedzi.xsp?id=191&type=P&symbol=WYPOWIEDZI_POSLA
192,Andrzej Kryj,PiS,aktywny,33,Wypowiedzi,56,https://www.sejm.gov.pl/sejm10.nsf/wypowiedzi.xsp?id=192&type=P&symbol=WYPOWIEDZI_POSLA
193,Mariusz Krystian,PiS,aktywny,12,Wypowiedzi łącznie,7,https://www.sejm.gov.pl/sejm10.nsf/wypowiedzi.xsp?id=193&type=P&symbol=WYPOWIEDZI_POSLA
194,Marek Krząkała,KO,aktywny,30,Wypowiedzi,29,https://www.sejm.gov.pl/sejm10.nsf/wypowiedzi.xsp?id=194&type=P&symbol=WYPOWIEDZI_POSLA
195,Adam Krzemiński,KO,aktywny,16,Wypowiedzi łącznie,2,https://www.sejm.gov.pl/sejm10.nsf/wypowiedzi.xsp?id=195&type=P&symbol=WYPOWIEDZI_POSLA
196,Henryka Krzywonos-Strycharska,KO,aktywny,26,Wypowiedzi łącznie,1,https://www.sejm.gov.pl/sejm10.nsf/wypowiedzi.xsp?id=196&type=P&symbol=WYPOWIEDZI_POSLA
197,Krzysztof Kubów,PiS,aktywny,1,Wypowiedzi łącznie,1,https://www.sejm.gov.pl/sejm10.nsf/wypowiedzi.xsp?id=197&type=P&symbol=WYPOWIEDZI_POSLA
198,Anita Kucharska-Dziedzic,Lewica,aktywny,8,Wypowiedzi,34,https://www.sejm.gov.pl/sejm10.nsf/wypowiedzi.xsp?id=198&type=P&symbol=WYPOWIEDZI_POSLA
199,Marek Kuchciński,PiS,aktywny,22,Wypowiedzi,1,https://www.sejm.gov.pl/sejm10.nsf/wypowiedzi.xsp?id=199&type=P&symbol=WYPOWIEDZI_POSLA
200,Paweł Kukiz,Republikanie,aktywny,21,Wypowiedzi,10,https://www.sejm.gov.pl/sejm10.nsf/wypowiedzi.xsp?id=200&type=P&symbol=WYPOWIEDZI_POSLA
201,Marcin Kulasek,Lewica,aktywny,35,Wypowiedzi,3,https://www.sejm.gov.pl/sejm10.nsf/wypowiedzi.xsp?id=201&type=P&symbol=WYPOWIEDZI_POSLA
202,Maria Kurowska,PiS,aktywny,22,Wypowiedzi,57,https://www.sejm.gov.pl/sejm10.nsf/wypowiedzi.xsp?id=202&type=P&symbol=WYPOWIEDZI_POSLA
203,Władysław Kurowski,PiS,aktywny,12,Wypowiedzi łącznie,2,https://www.sejm.gov.pl/sejm10.nsf/wypowiedzi.xsp?id=203&type=P&symbol=WYPOWIEDZI_POSLA
204,Zbigniew Krzysztof Kuźmiuk,PiS,aktywny,17,Wypowiedzi,138,https://www.sejm.gov.pl/sejm10.nsf/wypowiedzi.xsp?id=204&type=P&symbol=WYPOWIEDZI_POSLA
205,Anna Kwiecień,PiS,aktywny,17,Wypowiedzi łącznie,5,https://www.sejm.gov.pl/sejm10.nsf/wypowiedzi.xsp?id=205&type=P&symbol=WYPOWIEDZI_POSLA
206,Piotr Lachowicz,KO,aktywny,14,Wypowiedzi,15,https://www.sejm.gov.pl/sejm10.nsf/wypowiedzi.xsp?id=206&type=P&symbol=WYPOWIEDZI_POSLA
207,Stanisław Lamczyk,KO,aktywny,26,Wypowiedzi,32,https://www.sejm.gov.pl/sejm10.nsf/wypowiedzi.xsp?id=207&type=P&symbol=WYPOWIEDZI_POSLA
208,Maciej Lasek,KO,aktywny,20,Wypowiedzi łącznie,23,https://www.sejm.gov.pl/sejm10.nsf/wypowiedzi.xsp?id=208&type=P&symbol=WYPOWIEDZI_POSLA
209,Gabriela Lenartowicz,KO,aktywny,30,Wypowiedzi łącznie,1,https://www.sejm.gov.pl/sejm10.nsf/wypowiedzi.xsp?id=209&type=P&symbol=WYPOWIEDZI_POSLA
210,Ewa Leniart,PiS,aktywny,23,Wypowiedzi,144,https://www.sejm.gov.pl/sejm10.nsf/wypowiedzi.xsp?id=210&type=P&symbol=WYPOWIEDZI_POSLA
211,Aleksandra Leo,Polska2050-TD,aktywny,2,Wypowiedzi,39,https://www.sejm.gov.pl/sejm10.nsf/wypowiedzi.xsp?id=211&type=P&symbol=WYPOWIEDZI_POSLA
212,Izabela Leszczyna,KO,aktywny,28,Wypowiedzi łącznie,30,https://www.sejm.gov.pl/sejm10.nsf/wypowiedzi.xsp?id=212&type=P&symbol=WYPOWIEDZI_POSLA
213,Joanna Lichocka,PiS,aktywny,11,Wypowiedzi,33,https://www.sejm.gov.pl/sejm10.nsf/wypowiedzi.xsp?id=213&type=P&symbol=WYPOWIEDZI_POSLA
214,Krzysztof Lipiec,PiS,aktywny,33,Wypowiedzi łącznie,1,https://www.sejm.gov.pl/sejm10.nsf/wypowiedzi.xsp?id=214&type=P&symbol=WYPOWIEDZI_POSLA
215,Łukasz Litewka,Lewica,aktywny,32,Wypowiedzi łącznie,10,https://www.sejm.gov.pl/sejm10.nsf/wypowiedzi.xsp?id=215&type=P&symbol=WYPOWIEDZI_POSLA
216,Grzegorz Lorek,PiS,aktywny,10,Wypowiedzi łącznie,76,https://www.sejm.gov.pl/sejm10.nsf/wypowiedzi.xsp?id=216&type=P&symbol=WYPOWIEDZI_POSLA
217,Radosław Lubczyk,PSL-TD,aktywny,40,Wypowiedzi,44,https://www.sejm.gov.pl/sejm10.nsf/wypowiedzi.xsp?id=217&type=P&symbol=WYPOWIEDZI_POSLA
218,Katarzyna Anna Lubnauer,KO,aktywny,19,Wypowiedzi łącznie,17,https://www.sejm.gov.pl/sejm10.nsf/wypowiedzi.xsp?id=218&type=P&symbol=WYPOWIEDZI_POSLA
219,Adam Luboński,Polska2050-TD,aktywny,38,Wypowiedzi,62,https://www.sejm.gov.pl/sejm10.nsf/wypowiedzi.xsp?id=219&type=P&symbol=WYPOWIEDZI_POSLA
220,Artur Jarosław Łącki,KO,aktywny,41,Wypowiedzi,179,https://www.sejm.gov.pl/sejm10.nsf/wypowiedzi.xsp?id=220&type=P&symbol=WYPOWIEDZI_POSLA
221,Alicja Łepkowska-Gołaś,KO,aktywny,24,Wypowiedzi,46,https://www.sejm.gov.pl/sejm10.nsf/wypowiedzi.xsp?id=221&type=P&symbol=WYPOWIEDZI_POSLA
222,Dorota Łoboda,KO,aktywny,19,Wypowiedzi,25,https://www.sejm.gov.pl/sejm10.nsf/wypowiedzi.xsp?id=222&type=P&symbol=WYPOWIEDZI_POSLA
223,Krystian Łuczak,KO,aktywny,5,Wypowiedzi,45,https://www.sejm.gov.pl/sejm10.nsf/wypowiedzi.xsp?id=223&type=P&symbol=WYPOWIEDZI_POSLA
224,Sebastian Łukaszewicz,PiS,aktywny,24,Wypowiedzi,16,https://www.sejm.gov.pl/sejm10.nsf/wypowiedzi.xsp?id=224&type=P&symbol=WYPOWIEDZI_POSLA
225,Marzena Anna Machałek,PiS,aktywny,1,Wypowiedzi,38,https://www.sejm.gov.pl/sejm10.nsf/wypowiedzi.xsp?id=225&type=P&symbol=WYPOWIEDZI_POSLA
226,Antoni Macierewicz,PiS,aktywny,10,Wypowiedzi łącznie,1,https://www.sejm.gov.pl/sejm10.nsf/wypowiedzi.xsp?id=226&type=P&symbol=WYPOWIEDZI_POSLA
227,Marlena Magdalena Maląg,PiS,wygasl,36,Wypowiedzi,11,https://www.sejm.gov.pl/sejm10.nsf/wypowiedzi.xsp?id=227&type=P&symbol=WYPOWIEDZI_POSLA
228,Ewa Malik,PiS,aktywny,32,Wypowiedzi,7,https://www.sejm.gov.pl/sejm10.nsf/wypowiedzi.xsp?id=228&type=P&symbol=WYPOWIEDZI_POSLA
229,Mirosław Maliszewski,PSL-TD,aktywny,17,Wypowiedzi,43,https://www.sejm.gov.pl/sejm10.nsf/wypowiedzi.xsp?id=229&type=P&symbol=WYPOWIEDZI_POSLA
230,Maciej Małecki,PiS,aktywny,16,Wypowiedzi,42,https://www.sejm.gov.pl/sejm10.nsf/wypowiedzi.xsp?id=230&type=P&symbol=WYPOWIEDZI_POSLA
231,Arkadiusz Marchewka,KO,aktywny,41,Wypowiedzi łącznie,16,https://www.sejm.gov.pl/sejm10.nsf/wypowiedzi.xsp?id=231&type=P&symbol=WYPOWIEDZI_POSLA
232,Jagna Marczułajtis-Walczak,KO,wygasl,13,Wypowiedzi łącznie,1,https://www.sejm.gov.pl/sejm10.nsf/wypowiedzi.xsp?id=232&type=P&symbol=WYPOWIEDZI_POSLA
233,Dorota Marek,KO,aktywny,13,Wypowiedzi łącznie,2,https://www.sejm.gov.pl/sejm10.nsf/wypowiedzi.xsp?id=233&type=P&symbol=WYPOWIEDZI_POSLA
234,Dariusz Matecki,PiS,aktywny,41,Wypowiedzi,191,https://www.sejm.gov.pl/sejm10.nsf/wypowiedzi.xsp?id=234&type=P&symbol=WYPOWIEDZI_POSLA
235,Jerzy Materna,PiS,aktywny,8,Wypowiedzi łącznie,1,https://www.sejm.gov.pl/sejm10.nsf/wypowiedzi.xsp?id=235&type=P&symbol=WYPOWIEDZI_POSLA
236,Grzegorz Matusiak,PiS,aktywny,30,Wypowiedzi,8,https://www.sejm.gov.pl/sejm10.nsf/wypowiedzi.xsp?id=236&type=P&symbol=WYPOWIEDZI_POSLA
237,Katarzyna Matusik-Lipiec,KO,aktywny,13,Wypowiedzi,51,https://www.sejm.gov.pl/sejm10.nsf/wypowiedzi.xsp?id=237&type=P&symbol=WYPOWIEDZI_POSLA
238,Marek Matuszewski,PiS,aktywny,11,Wypowiedzi,18,https://www.sejm.gov.pl/sejm10.nsf/wypowiedzi.xsp?id=238&type=P&symbol=WYPOWIEDZI_POSLA
239,Paulina Matysiak,Razem,aktywny,11,Wypowiedzi łącznie,4,https://www.sejm.gov.pl/sejm10.nsf/wypowiedzi.xsp?id=239&type=P&symbol=WYPOWIEDZI_POSLA
240,Łukasz Mejza,PiS,aktywny,8,Wypowiedzi,10,https://www.sejm.gov.pl/sejm10.nsf/wypowiedzi.xsp?id=240&type=P&symbol=WYPOWIEDZI_POSLA
241,Sławomir Mentzen,Konfederacja,aktywny,19,Wypowiedzi,41,https://www.sejm.gov.pl/sejm10.nsf/wypowiedzi.xsp?id=241&type=P&symbol=WYPOWIEDZI_POSLA
242,Anna Milczanowska,PiS,aktywny,10,Wypowiedzi,18,https://www.sejm.gov.pl/sejm10.nsf/wypowiedzi.xsp?id=242&type=P&symbol=WYPOWIEDZI_POSLA
243,Daniel Milewski,PiS,aktywny,18,Wypowiedzi,5,https://www.sejm.gov.pl/sejm10.nsf/wypowiedzi.xsp?id=243&type=P&symbol=WYPOWIEDZI_POSLA
244,Rajmund Miller,KO,wygasl,21,Brak aktywności,,
245,Aleksander Miszalski,KO,wygasl,13,Wypowiedzi,5,https://www.sejm.gov.pl/sejm10.nsf/wypowiedzi.xsp?id=245&type=P&symbol=WYPOWIEDZI_POSLA
246,Mateusz Morawiecki,PiS,aktywny,31,Wypowiedzi łącznie,6,https://www.sejm.gov.pl/sejm10.nsf/wypowiedzi.xsp?id=246&type=P&symbol=WYPOWIEDZI_POSLA
247,Jan Mosiński,PiS,aktywny,36,Wypowiedzi,39,https://www.sejm.gov.pl/sejm10.nsf/wypowiedzi.xsp?id=247&type=P&symbol=WYPOWIEDZI_POSLA
248,Michał Moskal,PiS,aktywny,6,Wypowiedzi,14,https://www.sejm.gov.pl/sejm10.nsf/wypowiedzi.xsp?id=248&type=P&symbol=WYPOWIEDZI_POSLA
249,Czesław Mroczek,KO,aktywny,18,Wypowiedzi łącznie,59,https://www.sejm.gov.pl/sejm10.nsf/wypowiedzi.xsp?id=249&type=P&symbol=WYPOWIEDZI_POSLA
250,Aleksander Mikołaj Mrówczyński,PiS,aktywny,26,Wypowiedzi łącznie,5,https://www.sejm.gov.pl/sejm10.nsf/wypowiedzi.xsp?id=250&type=P&symbol=WYPOWIEDZI_POSLA
251,Izabela Katarzyna Mrzygłocka,KO,wygasl,2,Wypowiedzi,4,https://www.sejm.gov.pl/sejm10.nsf/wypowiedzi.xsp?id=251&type=P&symbol=WYPOWIEDZI_POSLA
252,Joanna Mucha,Polska2050-TD,aktywny,6,Wypowiedzi łącznie,5,https://www.sejm.gov.pl/sejm10.nsf/wypowiedzi.xsp?id=252&type=P&symbol=WYPOWIEDZI_POSLA
253,Arkadiusz Mularczyk,PiS,wygasl,14,Wypowiedzi,9,https://www.sejm.gov.pl/sejm10.nsf/wypowiedzi.xsp?id=253&type=P&symbol=WYPOWIEDZI_POSLA
254,Krzysztof Mulawa,Konfederacja,aktywny,18,Wypowiedzi łącznie,7,https://www.sejm.gov.pl/sejm10.nsf/wypowiedzi.xsp?id=254&type=P&symbol=WYPOWIEDZI_POSLA
255,Piotr Müller,PiS,wygasl,26,Wypowiedzi,16,https://www.sejm.gov.pl/sejm10.nsf/wypowiedzi.xsp?id=255&type=P&symbol=WYPOWIEDZI_POSLA
256,Arkadiusz Myrcha,KO,aktywny,5,Wypowiedzi łącznie,92,https://www.sejm.gov.pl/sejm10.nsf/wypowiedzi.xsp?id=256&type=P&symbol=WYPOWIEDZI_POSLA
257,Grzegorz Napieralski,KO,aktywny,41,Wypowiedzi,30,https://www.sejm.gov.pl/sejm10.nsf/wypowiedzi.xsp?id=257&type=P&symbol=WYPOWIEDZI_POSLA
258,Dorota Niedziela,KO,aktywny,12,Wypowiedzi,13,https://www.sejm.gov.pl/sejm10.nsf/wypowiedzi.xsp?id=258&type=P&symbol=WYPOWIEDZI_POSLA
259,Jacek Niedźwiedzki,KO,aktywny,24,Wypowiedzi łącznie,1,https://www.sejm.gov.pl/sejm10.nsf/wypowiedzi.xsp?id=259&type=P&symbol=WYPOWIEDZI_POSLA
260,Małgorzata Niemczyk,KO,aktywny,9,Wypowiedzi łącznie,9,https://www.sejm.gov.pl/sejm10.nsf/wypowiedzi.xsp?id=260&type=P&symbol=WYPOWIEDZI_POSLA
261,Jolanta Niezgodzka,KO,aktywny,3,Wypowiedzi,37,https://www.sejm.gov.pl/sejm10.nsf/wypowiedzi.xsp?id=261&type=P&symbol=WYPOWIEDZI_POSLA
262,Sławomir Nitras,KO,aktywny,41,Wypowiedzi łącznie,18,https://www.sejm.gov.pl/sejm10.nsf/wypowiedzi.xsp?id=262&type=P&symbol=WYPOWIEDZI_POSLA
263,Barbara Nowacka,KO,aktywny,26,Wypowiedzi łącznie,14,https://www.sejm.gov.pl/sejm10.nsf/wypowiedzi.xsp?id=263&type=P&symbol=WYPOWIEDZI_POSLA
264,Maja Ewa Nowak,Polska2050-TD,aktywny,8,Wypowiedzi łącznie,1,https://www.sejm.gov.pl/sejm10.nsf/wypowiedzi.xsp?id=264&type=P&symbol=WYPOWIEDZI_POSLA
265,Tomasz Piotr Nowak,KO,aktywny,37,Wypowiedzi,48,https://www.sejm.gov.pl/sejm10.nsf/wypowiedzi.xsp?id=265&type=P&symbol=WYPOWIEDZI_POSLA
266,Wanda Nowicka,Lewica,aktywny,29,Wypowiedzi łącznie,5,https://www.sejm.gov.pl/sejm10.nsf/wypowiedzi.xsp?id=266&type=P&symbol=WYPOWIEDZI_POSLA
267,Urszula Nowogórska,PSL-TD,aktywny,14,Wypowiedzi łącznie,1,https://www.sejm.gov.pl/sejm10.nsf/wypowiedzi.xsp?id=267&type=P&symbol=WYPOWIEDZI_POSLA
268,Mirosława Nykiel,KO,wygasl,27,Wypowiedzi,17,https://www.sejm.gov.pl/sejm10.nsf/wypowiedzi.xsp?id=268&type=P&symbol=WYPOWIEDZI_POSLA
269,Marcin Ociepa,PiS,aktywny,21,Wypowiedzi,69,https://www.sejm.gov.pl/sejm10.nsf/wypowiedzi.xsp?id=269&type=P&symbol=WYPOWIEDZI_POSLA
270,Marzena Okła-Drewnowicz,KO,aktywny,33,Wypowiedzi łącznie,15,https://www.sejm.gov.pl/sejm10.nsf/wypowiedzi.xsp?id=270&type=P&symbol=WYPOWIEDZI_POSLA
271,Barbara Okuła,Polska2050-TD,aktywny,24,Wypowiedzi,58,https://www.sejm.gov.pl/sejm10.nsf/wypowiedzi.xsp?id=271&type=P&symbol=WYPOWIEDZI_POSLA
272,Barbara Oliwiecka,Polska2050-TD,aktywny,36,Wypowiedzi,82,https://www.sejm.gov.pl/sejm10.nsf/wypowiedzi.xsp?id=272&type=P&symbol=WYPOWIEDZI_POSLA
273,Dorota Olko,Lewica,aktywny,19,Wypowiedzi łącznie,5,https://www.sejm.gov.pl/sejm10.nsf/wypowiedzi.xsp?id=273&type=P&symbol=WYPOWIEDZI_POSLA
274,Paweł Olszewski,KO,aktywny,4,Wypowiedzi łącznie,5,https://www.sejm.gov.pl/sejm10.nsf/wypowiedzi.xsp?id=274&type=P&symbol=WYPOWIEDZI_POSLA
275,Mirosław Adam Orliński,PSL-TD,aktywny,16,Wypowiedzi łącznie,1,https://www.sejm.gov.pl/sejm10.nsf/wypowiedzi.xsp?id=275&type=P&symbol=WYPOWIEDZI_POSLA
276,Łukasz Osmalak,Polska2050-TD,aktywny,30,Wypowiedzi,72,https://www.sejm.gov.pl/sejm10.nsf/wypowiedzi.xsp?id=276&type=P&symbol=WYPOWIEDZI_POSLA
277,Katarzyna Osos,KO,aktywny,8,Wypowiedzi łącznie,5,https://www.sejm.gov.pl/sejm10.nsf/wypowiedzi.xsp?id=277&type=P&symbol=WYPOWIEDZI_POSLA
278,Jacek Osuch,PiS,aktywny,13,Wypowiedzi,6,https://www.sejm.gov.pl/sejm10.nsf/wypowiedzi.xsp?id=278&type=P&symbol=WYPOWIEDZI_POSLA
279,Jacek Ozdoba,PiS,wygasl,16,Wypowiedzi łącznie,1,https://www.sejm.gov.pl/sejm10.nsf/wypowiedzi.xsp?id=279&type=P&symbol=WYPOWIEDZI_POSLA
280,Teresa Pamuła,PiS,aktywny,22,Wypowiedzi,48,https://www.sejm.gov.pl/sejm10.nsf/wypowiedzi.xsp?id=280&type=P&symbol=WYPOWIEDZI_POSLA
281,Paweł Papke,KO,aktywny,35,Wypowiedzi,19,https://www.sejm.gov.pl/sejm10.nsf/wypowiedzi.xsp?id=281&type=P&symbol=WYPOWIEDZI_POSLA
282,Urszula Pasławska,PSL-TD,aktywny,35,Wypowiedzi łącznie,5,https://www.sejm.gov.pl/sejm10.nsf/wypowiedzi.xsp?id=282&type=P&symbol=WYPOWIEDZI_POSLA
283,Krzysztof Paszyk,PSL-TD,aktywny,38,Wypowiedzi łącznie,15,https://www.sejm.gov.pl/sejm10.nsf/wypowiedzi.xsp?id=283&type=P&symbol=WYPOWIEDZI_POSLA
284,Karolina Pawliczak,KO,aktywny,36,Wypowiedzi łącznie,1,https://www.sejm.gov.pl/sejm10.nsf/wypowiedzi.xsp?id=284&type=P&symbol=WYPOWIEDZI_POSLA
285,Bartłomiej Pejo,Konfederacja,aktywny,6,Wypowiedzi,81,https://www.sejm.gov.pl/sejm10.nsf/wypowiedzi.xsp?id=285&type=P&symbol=WYPOWIEDZI_POSLA
286,Ryszard Petru,Polska2050-TD,aktywny,19,Wypowiedzi,36,https://www.sejm.gov.pl/sejm10.nsf/wypowiedzi.xsp?id=286&type=P&symbol=WYPOWIEDZI_POSLA
287,Małgorzata Pępek,KO,aktywny,27,Wypowiedzi łącznie,7,https://www.sejm.gov.pl/sejm10.nsf/wypowiedzi.xsp?id=287&type=P&symbol=WYPOWIEDZI_POSLA
288,Bolesław Piecha,PiS,aktywny,30,Wypowiedzi,4,https://www.sejm.gov.pl/sejm10.nsf/wypowiedzi.xsp?id=288&type=P&symbol=WYPOWIEDZI_POSLA
289,Grzegorz Piechowiak,PiS,aktywny,38,Wypowiedzi,15,https://www.sejm.gov.pl/sejm10.nsf/wypowiedzi.xsp?id=289&type=P&symbol=WYPOWIEDZI_POSLA
290,Anna Pieczarka,PiS,aktywny,15,Wypowiedzi łącznie,14,https://www.sejm.gov.pl/sejm10.nsf/wypowiedzi.xsp?id=290&type=P&symbol=WYPOWIEDZI_POSLA
291,Katarzyna Maria Piekarska,KO,aktywny,19,Wypowiedzi,40,https://www.sejm.gov.pl/sejm10.nsf/wypowiedzi.xsp?id=291&type=P&symbol=WYPOWIEDZI_POSLA
292,Norbert Pietrykowski,Polska2050-TD,aktywny,4,Wypowiedzi,71,https://www.sejm.gov.pl/sejm10.nsf/wypowiedzi.xsp?id=292&type=P&symbol=WYPOWIEDZI_POSLA
293,Lucjan Marek Pietrzczyk,KO,aktywny,33,Wypowiedzi,11,https://www.sejm.gov.pl/sejm10.nsf/wypowiedzi.xsp?id=293&type=P&symbol=WYPOWIEDZI_POSLA
294,Dariusz Piontkowski,PiS,aktywny,24,Wypowiedzi,20,https://www.sejm.gov.pl/sejm10.nsf/wypowiedzi.xsp?id=294&type=P&symbol=WYPOWIEDZI_POSLA
295,Kazimierz Plocke,KO,aktywny,26,Wypowiedzi,21,https://www.sejm.gov.pl/sejm10.nsf/wypowiedzi.xsp?id=295&type=P&symbol=WYPOWIEDZI_POSLA
296,Grzegorz Płaczek,Konfederacja,aktywny,31,Wypowiedzi,148,https://www.sejm.gov.pl/sejm10.nsf/wypowiedzi.xsp?id=296&type=P&symbol=WYPOWIEDZI_POSLA
297,Kacper Płażyński,PiS,aktywny,25,Wypowiedzi,19,https://www.sejm.gov.pl/sejm10.nsf/wypowiedzi.xsp?id=297&type=P&symbol=WYPOWIEDZI_POSLA
298,Szymon Pogoda,PiS,aktywny,1,Wypowiedzi,20,https://www.sejm.gov.pl/sejm10.nsf/wypowiedzi.xsp?id=298&type=P&symbol=WYPOWIEDZI_POSLA
299,Jerzy Polaczek,PiS,aktywny,31,Wypowiedzi,15,https://www.sejm.gov.pl/sejm10.nsf/wypowiedzi.xsp?id=299&type=P&symbol=WYPOWIEDZI_POSLA
300,Elżbieta Anna Polak,KO,aktywny,8,Wypowiedzi,90,https://www.sejm.gov.pl/sejm10.nsf/wypowiedzi.xsp?id=300&type=P&symbol=WYPOWIEDZI_POSLA
301,Piotr Polak,PiS,aktywny,11,Wypowiedzi,18,https://www.sejm.gov.pl/sejm10.nsf/wypowiedzi.xsp?id=301&type=P&symbol=WYPOWIEDZI_POSLA
302,Agnieszka Pomaska,KO,aktywny,25,Wypowiedzi,21,https://www.sejm.gov.pl/sejm10.nsf/wypowiedzi.xsp?id=302&type=P&symbol=WYPOWIEDZI_POSLA
303,Marcin Porzucek,PiS,aktywny,38,Wypowiedzi,117,https://www.sejm.gov.pl/sejm10.nsf/wypowiedzi.xsp?id=303&type=P&symbol=WYPOWIEDZI_POSLA
304,Jacek Protas,KO,wygasl,34,Wypowiedzi łącznie,4,https://www.sejm.gov.pl/sejm10.nsf/wypowiedzi.xsp?id=304&type=P&symbol=WYPOWIEDZI_POSLA
305,Marcin Przydacz,PiS,wygasl,11,Wypowiedzi,49,https://www.sejm.gov.pl/sejm10.nsf/wypowiedzi.xsp?id=305&type=P&symbol=WYPOWIEDZI_POSLA
306,Grzegorz Puda,PiS,aktywny,27,Wypowiedzi,26,https://www.sejm.gov.pl/sejm10.nsf/wypowiedzi.xsp?id=306&type=P&symbol=WYPOWIEDZI_POSLA
307,Michał Pyrzyk,PSL-TD,aktywny,37,Wypowiedzi łącznie,16,https://www.sejm.gov.pl/sejm10.nsf/wypowiedzi.xsp?id=307&type=P&symbol=WYPOWIEDZI_POSLA
308,Renata Rak,KO,aktywny,40,Wypowiedzi,101,https://www.sejm.gov.pl/sejm10.nsf/wypowiedzi.xsp?id=308&type=P&symbol=WYPOWIEDZI_POSLA
309,Ireneusz Raś,PSL-TD,aktywny,13,Wypowiedzi łącznie,2,https://www.sejm.gov.pl/sejm10.nsf/wypowiedzi.xsp?id=309&type=P&symbol=WYPOWIEDZI_POSLA
310,Zbigniew Rau,PiS,aktywny,9,Wypowiedzi,1,https://www.sejm.gov.pl/sejm10.nsf/wypowiedzi.xsp?id=310&type=P&symbol=WYPOWIEDZI_POSLA
311,Marcin Romanowski,PiS,aktywny,7,Wypowiedzi,9,https://www.sejm.gov.pl/sejm10.nsf/wypowiedzi.xsp?id=311&type=P&symbol=WYPOWIEDZI_POSLA
312,Bartosz Romowicz,Polska2050-TD,aktywny,22,Wypowiedzi,150,https://www.sejm.gov.pl/sejm10.nsf/wypowiedzi.xsp?id=312&type=P&symbol=WYPOWIEDZI_POSLA
313,Monika Rosa,KO,aktywny,31,Wypowiedzi,58,https://www.sejm.gov.pl/sejm10.nsf/wypowiedzi.xsp?id=313&type=P&symbol=WYPOWIEDZI_POSLA
314,Wiesław Różyński,PSL-TD,aktywny,7,Wypowiedzi,68,https://www.sejm.gov.pl/sejm10.nsf/wypowiedzi.xsp?id=314&type=P&symbol=WYPOWIEDZI_POSLA
315,Urszula Rusecka,PiS,aktywny,15,Wypowiedzi,62,https://www.sejm.gov.pl/sejm10.nsf/wypowiedzi.xsp?id=315&type=P&symbol=WYPOWIEDZI_POSLA
316,Grzegorz Rusiecki,KO,wygasl,36,Wypowiedzi,23,https://www.sejm.gov.pl/sejm10.nsf/wypowiedzi.xsp?id=316&type=P&symbol=WYPOWIEDZI_POSLA
317,Jakub Rutnicki,KO,aktywny,38,Wypowiedzi łącznie,3,https://www.sejm.gov.pl/sejm10.nsf/wypowiedzi.xsp?id=317&type=P&symbol=WYPOWIEDZI_POSLA
318,Paweł Rychlik,PiS,aktywny,11,Wypowiedzi,99,https://www.sejm.gov.pl/sejm10.nsf/wypowiedzi.xsp?id=318&type=P&symbol=WYPOWIEDZI_POSLA
319,Marek Rząsa,KO,aktywny,22,Wypowiedzi,25,https://www.sejm.gov.pl/sejm10.nsf/wypowiedzi.xsp?id=319&type=P&symbol=WYPOWIEDZI_POSLA
320,Jarosław Rzepa,PSL-TD,aktywny,41,Wypowiedzi,54,https://www.sejm.gov.pl/sejm10.nsf/wypowiedzi.xsp?id=320&type=P&symbol=WYPOWIEDZI_POSLA
321,Jarosław Sachajko,Republikanie,aktywny,7,Wypowiedzi łącznie,1,https://www.sejm.gov.pl/sejm10.nsf/wypowiedzi.xsp?id=321&type=P&symbol=WYPOWIEDZI_POSLA
322,Paweł Sałek,PiS,aktywny,10,Wypowiedzi,93,https://www.sejm.gov.pl/sejm10.nsf/wypowiedzi.xsp?id=322&type=P&symbol=WYPOWIEDZI_POSLA
323,Wojciech Saługa,KO,wygasl,32,Wypowiedzi,3,https://www.sejm.gov.pl/sejm10.nsf/wypowiedzi.xsp?id=323&type=P&symbol=WYPOWIEDZI_POSLA
324,Tadeusz Samborski,PSL-TD,aktywny,1,Wypowiedzi,65,https://www.sejm.gov.pl/sejm10.nsf/wypowiedzi.xsp?id=324&type=P&symbol=WYPOWIEDZI_POSLA
325,Jacek Sasin,PiS,aktywny,24,Wypowiedzi,8,https://www.sejm.gov.pl/sejm10.nsf/wypowiedzi.xsp?id=325&type=P&symbol=WYPOWIEDZI_POSLA
326,Marek Sawicki,PSL-TD,aktywny,18,Wypowiedzi,39,https://www.sejm.gov.pl/sejm10.nsf/wypowiedzi.xsp?id=326&type=P&symbol=WYPOWIEDZI_POSLA
327,Ewa Schädler,Polska2050-TD,aktywny,39,Wypowiedzi,56,https://www.sejm.gov.pl/sejm10.nsf/wypowiedzi.xsp?id=327&type=P&symbol=WYPOWIEDZI_POSLA
328,Joanna Scheuring-Wielgus,Lewica,wygasl,5,Wypowiedzi łącznie,8,https://www.sejm.gov.pl/sejm10.nsf/wypowiedzi.xsp?id=328&type=P&symbol=WYPOWIEDZI_POSLA
329,Anna Schmidt,PiS,aktywny,22,Wypowiedzi,1,https://www.sejm.gov.pl/sejm10.nsf/wypowiedzi.xsp?id=329&type=P&symbol=WYPOWIEDZI_POSLA
330,Łukasz Schreiber,PiS,aktywny,4,Wypowiedzi łącznie,2,https://www.sejm.gov.pl/sejm10.nsf/wypowiedzi.xsp?id=330&type=P&symbol=WYPOWIEDZI_POSLA
331,Jarosław Sellin,PiS,aktywny,25,Wypowiedzi,6,https://www.sejm.gov.pl/sejm10.nsf/wypowiedzi.xsp?id=331&type=P&symbol=WYPOWIEDZI_POSLA
332,Olga Ewa Semeniuk-Patkowska,PiS,aktywny,35,Wypowiedzi,9,https://www.sejm.gov.pl/sejm10.nsf/wypowiedzi.xsp?id=332&type=P&symbol=WYPOWIEDZI_POSLA
333,Edward Siarka,PiS,aktywny,14,Wypowiedzi,17,https://www.sejm.gov.pl/sejm10.nsf/wypowiedzi.xsp?id=333&type=P&symbol=WYPOWIEDZI_POSLA
334,Krystyna Sibińska,KO,aktywny,8,Wypowiedzi łącznie,3,https://www.sejm.gov.pl/sejm10.nsf/wypowiedzi.xsp?id=334&type=P&symbol=WYPOWIEDZI_POSLA
335,Czesław Siekierski,PSL-TD,aktywny,33,Wypowiedzi łącznie,14,https://www.sejm.gov.pl/sejm10.nsf/wypowiedzi.xsp?id=335&type=P&symbol=WYPOWIEDZI_POSLA
336,Rafał Siemaszko,KO,aktywny,26,Wypowiedzi,5,https://www.sejm.gov.pl/sejm10.nsf/wypowiedzi.xsp?id=336&type=P&symbol=WYPOWIEDZI_POSLA
337,Tomasz Siemoniak,KO,aktywny,21,Wypowiedzi łącznie,9,https://www.sejm.gov.pl/sejm10.nsf/wypowiedzi.xsp?id=337&type=P&symbol=WYPOWIEDZI_POSLA
338,Bartłomiej Sienkiewicz,KO,wygasl,13,Wypowiedzi łącznie,1,https://www.sejm.gov.pl/sejm10.nsf/wypowiedzi.xsp?id=338&type=P&symbol=WYPOWIEDZI_POSLA
339,Arkadiusz Sikora,Lewica,aktywny,1,Wypowiedzi łącznie,12,https://www.sejm.gov.pl/sejm10.nsf/wypowiedzi.xsp?id=339&type=P&symbol=WYPOWIEDZI_POSLA
340,Włodzimierz Skalik,Konfederacja_KP,aktywny,21,Wypowiedzi,173,https://www.sejm.gov.pl/sejm10.nsf/wypowiedzi.xsp?id=340&type=P&symbol=WYPOWIEDZI_POSLA
341,Marcin Skonieczka,Polska2050-TD,aktywny,5,Wypowiedzi łącznie,40,https://www.sejm.gov.pl/sejm10.nsf/wypowiedzi.xsp?id=341&type=P&symbol=WYPOWIEDZI_POSLA
342,Krystyna Skowrońska,KO,aktywny,23,Wypowiedzi,179,https://www.sejm.gov.pl/sejm10.nsf/wypowiedzi.xsp?id=342&type=P&symbol=WYPOWIEDZI_POSLA
343,Sławomir Skwarek,PiS,aktywny,6,Wypowiedzi,26,https://www.sejm.gov.pl/sejm10.nsf/wypowiedzi.xsp?id=343&type=P&symbol=WYPOWIEDZI_POSLA
344,Waldemar Sługocki,KO,aktywny,8,Wypowiedzi łącznie,6,https://www.sejm.gov.pl/sejm10.nsf/wypowiedzi.xsp?id=344&type=P&symbol=WYPOWIEDZI_POSLA
345,Weronika Smarduch,KO,aktywny,14,Wypowiedzi,28,https://www.sejm.gov.pl/sejm10.nsf/wypowiedzi.xsp?id=345&type=P&symbol=WYPOWIEDZI_POSLA
346,Kazimierz Smoliński,PiS,aktywny,25,Wypowiedzi,49,https://www.sejm.gov.pl/sejm10.nsf/wypowiedzi.xsp?id=346&type=P&symbol=WYPOWIEDZI_POSLA
347,Anna Sobolak,KO,aktywny,3,Wypowiedzi,30,https://www.sejm.gov.pl/sejm10.nsf/wypowiedzi.xsp?id=347&type=P&symbol=WYPOWIEDZI_POSLA
348,Krzysztof Sobolewski,PiS,aktywny,23,Brak aktywności,,
349,Artur Soboń,PiS,wygasl,6,Brak aktywności,,
350,Agnieszka Anna Soin,PiS,aktywny,3,Wypowiedzi łącznie,12,https://www.sejm.gov.pl/sejm10.nsf/wypowiedzi.xsp?id=350&type=P&symbol=WYPOWIEDZI_POSLA
351,Zbigniew Sosnowski,PSL-TD,aktywny,5,Wypowiedzi,39,https://www.sejm.gov.pl/sejm10.nsf/wypowiedzi.xsp?id=351&type=P&symbol=WYPOWIEDZI_POSLA
352,Marek Sowa,KO,aktywny,12,Wypowiedzi,59,https://www.sejm.gov.pl/sejm10.nsf/wypowiedzi.xsp?id=352&type=P&symbol=WYPOWIEDZI_POSLA
353,Katarzyna Sójka,PiS,aktywny,36,Wypowiedzi łącznie,1,https://www.sejm.gov.pl/sejm10.nsf/wypowiedzi.xsp?id=353&type=P&symbol=WYPOWIEDZI_POSLA
354,Magdalena Sroka,PSL-TD,aktywny,25,Wypowiedzi,20,https://www.sejm.gov.pl/sejm10.nsf/wypowiedzi.xsp?id=354&type=P&symbol=WYPOWIEDZI_POSLA
355,Mirosława Stachowiak-Różecka,PiS,aktywny,3,Wypowiedzi,2,https://www.sejm.gov.pl/sejm10.nsf/wypowiedzi.xsp?id=355&type=P&symbol=WYPOWIEDZI_POSLA
356,Dariusz Stefaniuk,PiS,aktywny,7,Wypowiedzi,19,https://www.sejm.gov.pl/sejm10.nsf/wypowiedzi.xsp?id=356&type=P&symbol=WYPOWIEDZI_POSLA
357,Franciszek Sterczewski,KO,aktywny,39,Wypowiedzi,36,https://www.sejm.gov.pl/sejm10.nsf/wypowiedzi.xsp?id=357&type=P&symbol=WYPOWIEDZI_POSLA
358,Piotr Paweł Strach,Polska2050-TD,aktywny,29,Wypowiedzi łącznie,4,https://www.sejm.gov.pl/sejm10.nsf/wypowiedzi.xsp?id=358&type=P&symbol=WYPOWIEDZI_POSLA
359,Mirosław Suchoń,Polska2050-TD,aktywny,27,Wypowiedzi,73,https://www.sejm.gov.pl/sejm10.nsf/wypowiedzi.xsp?id=359&type=P&symbol=WYPOWIEDZI_POSLA
360,Marek Suski,PiS,aktywny,17,Wypowiedzi,66,https://www.sejm.gov.pl/sejm10.nsf/wypowiedzi.xsp?id=360&type=P&symbol=WYPOWIEDZI_POSLA
361,Paweł Suski,KO,aktywny,40,Wypowiedzi,27,https://www.sejm.gov.pl/sejm10.nsf/wypowiedzi.xsp?id=361&type=P&symbol=WYPOWIEDZI_POSLA
362,Artur Szałabawka,PiS,aktywny,41,Wypowiedzi łącznie,25,https://www.sejm.gov.pl/sejm10.nsf/wypowiedzi.xsp?id=362&type=P&symbol=WYPOWIEDZI_POSLA
363,Wojciech Szarama,PiS,aktywny,29,Wypowiedzi,17,https://www.sejm.gov.pl/sejm10.nsf/wypowiedzi.xsp?id=363&type=P&symbol=WYPOWIEDZI_POSLA
364,Wiesław Szczepański,Lewica,aktywny,36,Wypowiedzi łącznie,18,https://www.sejm.gov.pl/sejm10.nsf/wypowiedzi.xsp?id=364&type=P&symbol=WYPOWIEDZI_POSLA
365,Michał Szczerba,KO,wygasl,19,Wypowiedzi,51,https://www.sejm.gov.pl/sejm10.nsf/wypowiedzi.xsp?id=365&type=P&symbol=WYPOWIEDZI_POSLA
366,Krzysztof Szczucki,PiS,aktywny,5,Wypowiedzi,41,https://www.sejm.gov.pl/sejm10.nsf/wypowiedzi.xsp?id=366&type=P&symbol=WYPOWIEDZI_POSLA
367,Józefa Szczurek-Żelazko,PiS,aktywny,15,Wypowiedzi,151,https://www.sejm.gov.pl/sejm10.nsf/wypowiedzi.xsp?id=367&type=P&symbol=WYPOWIEDZI_POSLA
368,Paweł Szefernaker,PiS,wygasl,40,Wypowiedzi łącznie,1,https://www.sejm.gov.pl/sejm10.nsf/wypowiedzi.xsp?id=368&type=P&symbol=WYPOWIEDZI_POSLA
369,Andrzej Szejna,Lewica,aktywny,33,Wypowiedzi łącznie,1,https://www.sejm.gov.pl/sejm10.nsf/wypowiedzi.xsp?id=369&type=P&symbol=WYPOWIEDZI_POSLA
370,Andrzej Szewiński,KO,aktywny,28,Wypowiedzi,45,https://www.sejm.gov.pl/sejm10.nsf/wypowiedzi.xsp?id=370&type=P&symbol=WYPOWIEDZI_POSLA
371,Adam Szłapka,KO,aktywny,39,Wypowiedzi łącznie,18,https://www.sejm.gov.pl/sejm10.nsf/wypowiedzi.xsp?id=371&type=P&symbol=WYPOWIEDZI_POSLA
372,Henryk Szopiński,KO,aktywny,38,Wypowiedzi łącznie,2,https://www.sejm.gov.pl/sejm10.nsf/wypowiedzi.xsp?id=372&type=P&symbol=WYPOWIEDZI_POSLA
373,Paweł Szrot,PiS,aktywny,4,Wypowiedzi,67,https://www.sejm.gov.pl/sejm10.nsf/wypowiedzi.xsp?id=373&type=P&symbol=WYPOWIEDZI_POSLA
374,Krystyna Szumilas,KO,aktywny,29,Wypowiedzi łącznie,1,https://www.sejm.gov.pl/sejm10.nsf/wypowiedzi.xsp?id=374&type=P&symbol=WYPOWIEDZI_POSLA
375,Stanisław Szwed,PiS,aktywny,27,Wypowiedzi łącznie,1,https://www.sejm.gov.pl/sejm10.nsf/wypowiedzi.xsp?id=375&type=P&symbol=WYPOWIEDZI_POSLA
376,Ewa Szymanowska,Polska2050-TD,aktywny,9,Wypowiedzi,62,https://www.sejm.gov.pl/sejm10.nsf/wypowiedzi.xsp?id=376&type=P&symbol=WYPOWIEDZI_POSLA
377,Tomasz Szymański,KO,aktywny,5,Wypowiedzi łącznie,18,https://www.sejm.gov.pl/sejm10.nsf/wypowiedzi.xsp?id=377&type=P&symbol=WYPOWIEDZI_POSLA
378,Szymon Szynkowski vel Sęk,PiS,aktywny,39,Wypowiedzi łącznie,3,https://www.sejm.gov.pl/sejm10.nsf/wypowiedzi.xsp?id=378&type=P&symbol=WYPOWIEDZI_POSLA
379,Łukasz Ściebiorowski,KO,aktywny,31,Wypowiedzi,145,https://www.sejm.gov.pl/sejm10.nsf/wypowiedzi.xsp?id=379&type=P&symbol=WYPOWIEDZI_POSLA
380,Agnieszka Ścigaj,PiS,aktywny,13,Wypowiedzi,30,https://www.sejm.gov.pl/sejm10.nsf/wypowiedzi.xsp?id=380&type=P&symbol=WYPOWIEDZI_POSLA
381,Andrzej Śliwka,PiS,aktywny,34,Wypowiedzi,116,https://www.sejm.gov.pl/sejm10.nsf/wypowiedzi.xsp?id=381&type=P&symbol=WYPOWIEDZI_POSLA
382,Paweł Śliz,Polska2050-TD,aktywny,12,Wypowiedzi,73,https://www.sejm.gov.pl/sejm10.nsf/wypowiedzi.xsp?id=382&type=P&symbol=WYPOWIEDZI_POSLA
383,Krzysztof Śmiszek,Lewica,wygasl,3,Wypowiedzi łącznie,1,https://www.sejm.gov.pl/sejm10.nsf/wypowiedzi.xsp?id=383&type=P&symbol=WYPOWIEDZI_POSLA
384,Jacek Świat,PiS,aktywny,3,Wypowiedzi,15,https://www.sejm.gov.pl/sejm10.nsf/wypowiedzi.xsp?id=384&type=P&symbol=WYPOWIEDZI_POSLA
385,Apoloniusz Tajner,KO,aktywny,27,Wypowiedzi,6,https://www.sejm.gov.pl/sejm10.nsf/wypowiedzi.xsp?id=385&type=P&symbol=WYPOWIEDZI_POSLA
386,Krzysztof Tchórzewski,PiS,aktywny,18,Wypowiedzi,35,https://www.sejm.gov.pl/sejm10.nsf/wypowiedzi.xsp?id=386&type=P&symbol=WYPOWIEDZI_POSLA
387,Robert Telus,PiS,aktywny,10,Wypowiedzi,43,https://www.sejm.gov.pl/sejm10.nsf/wypowiedzi.xsp?id=387&type=P&symbol=WYPOWIEDZI_POSLA
388,Ryszard Terlecki,PiS,aktywny,14,Wypowiedzi łącznie,1,https://www.sejm.gov.pl/sejm10.nsf/wypowiedzi.xsp?id=388&type=P&symbol=WYPOWIEDZI_POSLA
389,Tadeusz Tomaszewski,Lewica,aktywny,37,Wypowiedzi łącznie,76,https://www.sejm.gov.pl/sejm10.nsf/wypowiedzi.xsp?id=389&type=P&symbol=WYPOWIEDZI_POSLA
390,Jacek Tomczak,PSL-TD,aktywny,39,Wypowiedzi łącznie,5,https://www.sejm.gov.pl/sejm10.nsf/wypowiedzi.xsp?id=390&type=P&symbol=WYPOWIEDZI_POSLA
391,Wioleta Tomczak,Polska2050-TD,aktywny,26,Wypowiedzi,61,https://www.sejm.gov.pl/sejm10.nsf/wypowiedzi.xsp?id=391&type=P&symbol=WYPOWIEDZI_POSLA
392,Cezary Tomczyk,KO,aktywny,11,Wypowiedzi łącznie,54,https://www.sejm.gov.pl/sejm10.nsf/wypowiedzi.xsp?id=392&type=P&symbol=WYPOWIEDZI_POSLA
393,Stanisław Tomczyszyn,PSL-TD,aktywny,8,Wypowiedzi,9,https://www.sejm.gov.pl/sejm10.nsf/wypowiedzi.xsp?id=393&type=P&symbol=WYPOWIEDZI_POSLA
394,Małgorzata Tracz,KO,aktywny,3,Wypowiedzi,78,https://www.sejm.gov.pl/sejm10.nsf/wypowiedzi.xsp?id=394&type=P&symbol=WYPOWIEDZI_POSLA
395,Tomasz Trela,Lewica,aktywny,9,Wypowiedzi łącznie,4,https://www.sejm.gov.pl/sejm10.nsf/wypowiedzi.xsp?id=395&type=P&symbol=WYPOWIEDZI_POSLA
396,Krzysztof Truskolaski,KO,aktywny,24,Wypowiedzi,20,https://www.sejm.gov.pl/sejm10.nsf/wypowiedzi.xsp?id=396&type=P&symbol=WYPOWIEDZI_POSLA
397,Krzysztof Tuduj,Konfederacja,aktywny,3,Wypowiedzi,26,https://www.sejm.gov.pl/sejm10.nsf/wypowiedzi.xsp?id=397&type=P&symbol=WYPOWIEDZI_POSLA
398,Sylwester Tułajew,PiS,aktywny,6,Wypowiedzi łącznie,1,https://www.sejm.gov.pl/sejm10.nsf/wypowiedzi.xsp?id=398&type=P&symbol=WYPOWIEDZI_POSLA
399,Witold Tumanowicz,Konfederacja,aktywny,7,Wypowiedzi łącznie,11,https://www.sejm.gov.pl/sejm10.nsf/wypowiedzi.xsp?id=399&type=P&symbol=WYPOWIEDZI_POSLA
400,Donald Tusk,KO,aktywny,19,Wypowiedzi łącznie,20,https://www.sejm.gov.pl/sejm10.nsf/wypowiedzi.xsp?id=400&type=P&symbol=WYPOWIEDZI_POSLA
401,Stanisław Tyszka,Konfederacja,wygasl,26,Wypowiedzi,2,https://www.sejm.gov.pl/sejm10.nsf/wypowiedzi.xsp?id=401&type=P&symbol=WYPOWIEDZI_POSLA
402,Katarzyna Ueberhan,Lewica,aktywny,39,Wypowiedzi łącznie,10,https://www.sejm.gov.pl/sejm10.nsf/wypowiedzi.xsp?id=402&type=P&symbol=WYPOWIEDZI_POSLA
403,Jarosław Urbaniak,KO,aktywny,36,Wypowiedzi,27,https://www.sejm.gov.pl/sejm10.nsf/wypowiedzi.xsp?id=403&type=P&symbol=WYPOWIEDZI_POSLA
404,Piotr Uruski,PiS,aktywny,22,Wypowiedzi,14,https://www.sejm.gov.pl/sejm10.nsf/wypowiedzi.xsp?id=404&type=P&symbol=WYPOWIEDZI_POSLA
405,Piotr Uściński,PiS,aktywny,20,Wypowiedzi,36,https://www.sejm.gov.pl/sejm10.nsf/wypowiedzi.xsp?id=405&type=P&symbol=WYPOWIEDZI_POSLA
406,Jarosław Wałęsa,KO,aktywny,25,Wypowiedzi,45,https://www.sejm.gov.pl/sejm10.nsf/wypowiedzi.xsp?id=406&type=P&symbol=WYPOWIEDZI_POSLA
407,Marcin Warchoł,PiS,aktywny,23,Wypowiedzi łącznie,1,https://www.sejm.gov.pl/sejm10.nsf/wypowiedzi.xsp?id=407&type=P&symbol=WYPOWIEDZI_POSLA
408,Robert Wardzała,KO,aktywny,15,Wypowiedzi,15,https://www.sejm.gov.pl/sejm10.nsf/wypowiedzi.xsp?id=408&type=P&symbol=WYPOWIEDZI_POSLA
409,Robert Warwas,PiS,aktywny,32,Wypowiedzi,16,https://www.sejm.gov.pl/sejm10.nsf/wypowiedzi.xsp?id=409&type=P&symbol=WYPOWIEDZI_POSLA
410,Jan Warzecha,PiS,aktywny,23,Wypowiedzi łącznie,19,https://www.sejm.gov.pl/sejm10.nsf/wypowiedzi.xsp?id=410&type=P&symbol=WYPOWIEDZI_POSLA
411,Małgorzata Wassermann,PiS,aktywny,13,Wypowiedzi,11,https://www.sejm.gov.pl/sejm10.nsf/wypowiedzi.xsp?id=411&type=P&symbol=WYPOWIEDZI_POSLA
412,Michał Wawer,Konfederacja,aktywny,33,Wypowiedzi,57,https://www.sejm.gov.pl/sejm10.nsf/wypowiedzi.xsp?id=412&type=P&symbol=WYPOWIEDZI_POSLA
413,Maciej Wąsik,PiS,wygasl,16,Brak aktywności,,
414,Marta Wcisło,KO,wygasl,6,Wypowiedzi,22,https://www.sejm.gov.pl/sejm10.nsf/wypowiedzi.xsp?id=414&type=P&symbol=WYPOWIEDZI_POSLA
415,Rafał Weber,PiS,aktywny,23,Wypowiedzi łącznie,1,https://www.sejm.gov.pl/sejm10.nsf/wypowiedzi.xsp?id=415&type=P&symbol=WYPOWIEDZI_POSLA
416,Marek Wesoły,PiS,aktywny,31,Wypowiedzi,12,https://www.sejm.gov.pl/sejm10.nsf/wypowiedzi.xsp?id=416&type=P&symbol=WYPOWIEDZI_POSLA
417,Joanna Wicha,Lewica,aktywny,20,Wypowiedzi łącznie,7,https://www.sejm.gov.pl/sejm10.nsf/wypowiedzi.xsp?id=417&type=P&symbol=WYPOWIEDZI_POSLA
418,Patryk Wicher,PiS,aktywny,14,Wypowiedzi łącznie,1,https://www.sejm.gov.pl/sejm10.nsf/wypowiedzi.xsp?id=418&type=P&symbol=WYPOWIEDZI_POSLA
419,Dariusz Wieczorek,Lewica,aktywny,41,Wypowiedzi łącznie,2,https://www.sejm.gov.pl/sejm10.nsf/wypowiedzi.xsp?id=419&type=P&symbol=WYPOWIEDZI_POSLA
420,Jarosław Wiesław Wieczorek,PiS,aktywny,29,Wypowiedzi,52,https://www.sejm.gov.pl/sejm10.nsf/wypowiedzi.xsp?id=420&type=P&symbol=WYPOWIEDZI_POSLA
421,Monika Wielichowska,KO,aktywny,2,Wypowiedzi łącznie,7,https://www.sejm.gov.pl/sejm10.nsf/wypowiedzi.xsp?id=421&type=P&symbol=WYPOWIEDZI_POSLA
422,Ryszard Wilk,Konfederacja,aktywny,14,Wypowiedzi,68,https://www.sejm.gov.pl/sejm10.nsf/wypowiedzi.xsp?id=422&type=P&symbol=WYPOWIEDZI_POSLA
423,Teresa Wilk,PiS,aktywny,34,Brak aktywności,,
424,Przemysław Wipler,Konfederacja,aktywny,5,Wypowiedzi,116,https://www.sejm.gov.pl/sejm10.nsf/wypowiedzi.xsp?id=424&type=P&symbol=WYPOWIEDZI_POSLA
425,Aleksandra Karolina Uznańska-Wiśniewska,KO,aktywny,9,Wypowiedzi,17,https://www.sejm.gov.pl/sejm10.nsf/wypowiedzi.xsp?id=425&type=P&symbol=WYPOWIEDZI_POSLA
426,Adrian Witczak,KO,aktywny,10,Wypowiedzi łącznie,1,https://www.sejm.gov.pl/sejm10.nsf/wypowiedzi.xsp?id=426&type=P&symbol=WYPOWIEDZI_POSLA
427,Mariusz Witczak,KO,aktywny,36,Wypowiedzi,25,https://www.sejm.gov.pl/sejm10.nsf/wypowiedzi.xsp?id=427&type=P&symbol=WYPOWIEDZI_POSLA
428,Elżbieta Witek,PiS,aktywny,1,Wypowiedzi,14,https://www.sejm.gov.pl/sejm10.nsf/wypowiedzi.xsp?id=428&type=P&symbol=WYPOWIEDZI_POSLA
429,Przemysław Witek,KO,aktywny,28,Wypowiedzi,34,https://www.sejm.gov.pl/sejm10.nsf/wypowiedzi.xsp?id=429&type=P&symbol=WYPOWIEDZI_POSLA
430,Kamil Wnuk,Polska2050-TD,aktywny,32,Wypowiedzi łącznie,3,https://www.sejm.gov.pl/sejm10.nsf/wypowiedzi.xsp?id=430&type=P&symbol=WYPOWIEDZI_POSLA
431,Anna Wojciechowska,KO,aktywny,35,Wypowiedzi,62,https://www.sejm.gov.pl/sejm10.nsf/wypowiedzi.xsp?id=431&type=P&symbol=WYPOWIEDZI_POSLA
432,Agnieszka Wojciechowska van Heukelom,PiS,aktywny,9,Wypowiedzi łącznie,1,https://www.sejm.gov.pl/sejm10.nsf/wypowiedzi.xsp?id=432&type=P&symbol=WYPOWIEDZI_POSLA
433,Agata Wojtyszek,PiS,aktywny,33,Wypowiedzi,67,https://www.sejm.gov.pl/sejm10.nsf/wypowiedzi.xsp?id=433&type=P&symbol=WYPOWIEDZI_POSLA
434,Bogusław Wołoszański,KO,aktywny,10,Wypowiedzi,3,https://www.sejm.gov.pl/sejm10.nsf/wypowiedzi.xsp?id=434&type=P&symbol=WYPOWIEDZI_POSLA
435,Michał Woś,PiS,aktywny,30,Wypowiedzi,98,https://www.sejm.gov.pl/sejm10.nsf/wypowiedzi.xsp?id=435&type=P&symbol=WYPOWIEDZI_POSLA
436,Grzegorz Woźniak,PiS,aktywny,18,Wypowiedzi,20,https://www.sejm.gov.pl/sejm10.nsf/wypowiedzi.xsp?id=436&type=P&symbol=WYPOWIEDZI_POSLA
437,Tadeusz Woźniak,PiS,aktywny,11,Wypowiedzi łącznie,2,https://www.sejm.gov.pl/sejm10.nsf/wypowiedzi.xsp?id=437&type=P&symbol=WYPOWIEDZI_POSLA
438,Michał Wójcik,PiS,aktywny,31,Wypowiedzi łącznie,2,https://www.sejm.gov.pl/sejm10.nsf/wypowiedzi.xsp?id=438&type=P&symbol=WYPOWIEDZI_POSLA
439,Maciej Wróbel,KO,aktywny,35,Wypowiedzi łącznie,7,https://www.sejm.gov.pl/sejm10.nsf/wypowiedzi.xsp?id=439&type=P&symbol=WYPOWIEDZI_POSLA
440,Bartłomiej Wróblewski,PiS,aktywny,39,Wypowiedzi,33,https://www.sejm.gov.pl/sejm10.nsf/wypowiedzi.xsp?id=440&type=P&symbol=WYPOWIEDZI_POSLA
441,Paweł Zalewski,Polska2050-TD,aktywny,20,Wypowiedzi łącznie,3,https://www.sejm.gov.pl/sejm10.nsf/wypowiedzi.xsp?id=441&type=P&symbol=WYPOWIEDZI_POSLA
442,Adrian Zandberg,Razem,aktywny,19,Wypowiedzi,92,https://www.sejm.gov.pl/sejm10.nsf/wypowiedzi.xsp?id=442&type=P&symbol=WYPOWIEDZI_POSLA
443,Andrzej Tomasz Zapałowski,Konfederacja,aktywny,22,Wypowiedzi,121,https://www.sejm.gov.pl/sejm10.nsf/wypowiedzi.xsp?id=443&type=P&symbol=WYPOWIEDZI_POSLA
444,Bartosz Zawieja,KO,aktywny,39,Wypowiedzi łącznie,5,https://www.sejm.gov.pl/sejm10.nsf/wypowiedzi.xsp?id=444&type=P&symbol=WYPOWIEDZI_POSLA
445,Marcelina Zawisza,Razem,aktywny,21,Wypowiedzi,86,https://www.sejm.gov.pl/sejm10.nsf/wypowiedzi.xsp?id=445&type=P&symbol=WYPOWIEDZI_POSLA
446,Sławomir Zawiślak,Konfederacja_KP,aktywny,7,Wypowiedzi,12,https://www.sejm.gov.pl/sejm10.nsf/wypowiedzi.xsp?id=446&type=P&symbol=WYPOWIEDZI_POSLA
447,Bogdan Andrzej Zdrojewski,KO,wygasl,3,Wypowiedzi,16,https://www.sejm.gov.pl/sejm10.nsf/wypowiedzi.xsp?id=447&type=P&symbol=WYPOWIEDZI_POSLA
448,Witold Zembaczyński,KO,aktywny,21,Wypowiedzi,35,https://www.sejm.gov.pl/sejm10.nsf/wypowiedzi.xsp?id=448&type=P&symbol=WYPOWIEDZI_POSLA
449,Piotr Zgorzelski,PSL-TD,aktywny,16,Wypowiedzi,8,https://www.sejm.gov.pl/sejm10.nsf/wypowiedzi.xsp?id=449&type=P&symbol=WYPOWIEDZI_POSLA
450,Zbigniew Ziejewski,PSL-TD,aktywny,34,Wypowiedzi łącznie,3,https://www.sejm.gov.pl/sejm10.nsf/wypowiedzi.xsp?id=450&type=P&symbol=WYPOWIEDZI_POSLA
451,Urszula Sara Zielińska,KO,aktywny,19,Wypowiedzi,9,https://www.sejm.gov.pl/sejm10.nsf/wypowiedzi.xsp?id=451&type=P&symbol=WYPOWIEDZI_POSLA
452,Jarosław Zieliński,PiS,aktywny,24,Wypowiedzi,64,https://www.sejm.gov.pl/sejm10.nsf/wypowiedzi.xsp?id=452&type=P&symbol=WYPOWIEDZI_POSLA
453,Tomasz Zieliński,PiS,aktywny,7,Wypowiedzi łącznie,1,https://www.sejm.gov.pl/sejm10.nsf/wypowiedzi.xsp?id=453&type=P&symbol=WYPOWIEDZI_POSLA
454,Jolanta Zięba-Gzik,PSL-TD,aktywny,11,Wypowiedzi łącznie,1,https://www.sejm.gov.pl/sejm10.nsf/wypowiedzi.xsp?id=454&type=P&symbol=WYPOWIEDZI_POSLA
455,Tomasz Zimoch,niez.,aktywny,3,Wypowiedzi,45,https://www.sejm.gov.pl/sejm10.nsf/wypowiedzi.xsp?id=455&type=P&symbol=WYPOWIEDZI_POSLA
456,Zbigniew Ziobro,PiS,aktywny,23,Wypowiedzi łącznie,1,https://www.sejm.gov.pl/sejm10.nsf/wypowiedzi.xsp?id=456&type=P&symbol=WYPOWIEDZI_POSLA
457,Wojciech Michał Zubowski,PiS,aktywny,1,Wypowiedzi,13,https://www.sejm.gov.pl/sejm10.nsf/wypowiedzi.xsp?id=457&type=P&symbol=WYPOWIEDZI_POSLA
458,Ireneusz Zyska,PiS,aktywny,2,Wypowiedzi łącznie,3,https://www.sejm.gov.pl/sejm10.nsf/wypowiedzi.xsp?id=458&type=P&symbol=WYPOWIEDZI_POSLA
459,Bożena Żelazowska,PSL-TD,aktywny,20,Wypowiedzi łącznie,8,https://www.sejm.gov.pl/sejm10.nsf/wypowiedzi.xsp?id=459&type=P&symbol=WYPOWIEDZI_POSLA
460,Anna Maria Żukowska,Lewica,aktywny,19,Wypowiedzi łącznie,10,https://www.sejm.gov.pl/sejm10.nsf/wypowiedzi.xsp?id=460&type=P&symbol=WYPOWIEDZI_POSLA
461,Anna Baluch,PiS,aktywny,6,Wypowiedzi,78,https://www.sejm.gov.pl/sejm10.nsf/wypowiedzi.xsp?id=461&type=P&symbol=WYPOWIEDZI_POSLA
462,Magdalena Łośko,KO,aktywny,4,Wypowiedzi,54,https://www.sejm.gov.pl/sejm10.nsf/wypowiedzi.xsp?id=462&type=P&symbol=WYPOWIEDZI_POSLA
463,Monika Pawłowska,PiS,aktywny,7,Wypowiedzi,5,https://www.sejm.gov.pl/sejm10.nsf/wypowiedzi.xsp?id=463&type=P&symbol=WYPOWIEDZI_POSLA
464,Alicja Łuczak,KO,aktywny,36,Wypowiedzi,58,https://www.sejm.gov.pl/sejm10.nsf/wypowiedzi.xsp?id=464&type=P&symbol=WYPOWIEDZI_POSLA
465,Dominik Jaśkowiec,KO,aktywny,13,Wypowiedzi,61,https://www.sejm.gov.pl/sejm10.nsf/wypowiedzi.xsp?id=465&type=P&symbol=WYPOWIEDZI_POSLA
466,Paweł Masełko,KO,aktywny,21,Wypowiedzi,58,https://www.sejm.gov.pl/sejm10.nsf/wypowiedzi.xsp?id=466&type=P&symbol=WYPOWIEDZI_POSLA
467,Katarzyna Stachowicz,KO,aktywny,32,Wypowiedzi łącznie,1,https://www.sejm.gov.pl/sejm10.nsf/wypowiedzi.xsp?id=467&type=P&symbol=WYPOWIEDZI_POSLA
468,Lidia Czechak,PiS,aktywny,36,Wypowiedzi łącznie,7,https://www.sejm.gov.pl/sejm10.nsf/wypowiedzi.xsp?id=468&type=P&symbol=WYPOWIEDZI_POSLA
469,Barbara Grygorcewicz,KO,aktywny,40,Wypowiedzi łącznie,30,https://www.sejm.gov.pl/sejm10.nsf/wypowiedzi.xsp?id=469&type=P&symbol=WYPOWIEDZI_POSLA
470,Bożenna Hołownia,Polska2050-TD,aktywny,19,Wypowiedzi,9,https://www.sejm.gov.pl/sejm10.nsf/wypowiedzi.xsp?id=470&type=P&symbol=WYPOWIEDZI_POSLA
471,Urszula Koszutska,KO,aktywny,31,Wypowiedzi,37,https://www.sejm.gov.pl/sejm10.nsf/wypowiedzi.xsp?id=471&type=P&symbol=WYPOWIEDZI_POSLA
472,Piotr Kowal,Lewica,aktywny,5,Wypowiedzi łącznie,11,https://www.sejm.gov.pl/sejm10.nsf/wypowiedzi.xsp?id=472&type=P&symbol=WYPOWIEDZI_POSLA
473,Michał Kowalski,PiS,aktywny,26,Wypowiedzi,34,https://www.sejm.gov.pl/sejm10.nsf/wypowiedzi.xsp?id=473&type=P&symbol=WYPOWIEDZI_POSLA
474,Maria Joanna Koźlakiewicz,KO,aktywny,16,Wypowiedzi łącznie,23,https://www.sejm.gov.pl/sejm10.nsf/wypowiedzi.xsp?id=474&type=P&symbol=WYPOWIEDZI_POSLA
475,Katarzyna Królak,KO,aktywny,34,Wypowiedzi,28,https://www.sejm.gov.pl/sejm10.nsf/wypowiedzi.xsp?id=475&type=P&symbol=WYPOWIEDZI_POSLA
476,Wioletta Maria Kulpa,PiS,aktywny,16,Wypowiedzi łącznie,3,https://www.sejm.gov.pl/sejm10.nsf/wypowiedzi.xsp?id=476&type=P&symbol=WYPOWIEDZI_POSLA
477,Grzegorz Macko,PiS,aktywny,2,Wypowiedzi,15,https://www.sejm.gov.pl/sejm10.nsf/wypowiedzi.xsp?id=477&type=P&symbol=WYPOWIEDZI_POSLA
478,Jerzy Meysztowicz,KO,aktywny,13,Wypowiedzi,124,https://www.sejm.gov.pl/sejm10.nsf/wypowiedzi.xsp?id=478&type=P&symbol=WYPOWIEDZI_POSLA
479,Krzysztof Mieszkowski,KO,aktywny,3,Wypowiedzi,28,https://www.sejm.gov.pl/sejm10.nsf/wypowiedzi.xsp?id=479&type=P&symbol=WYPOWIEDZI_POSLA
480,Anna Paluch,PiS,aktywny,14,Wypowiedzi łącznie,1,https://www.sejm.gov.pl/sejm10.nsf/wypowiedzi.xsp?id=480&type=P&symbol=WYPOWIEDZI_POSLA
481,Krzysztof Piątkowski,KO,aktywny,9,Wypowiedzi,36,https://www.sejm.gov.pl/sejm10.nsf/wypowiedzi.xsp?id=481&type=P&symbol=WYPOWIEDZI_POSLA
482,Mariusz Popielarz,KO,aktywny,18,Wypowiedzi,9,https://www.sejm.gov.pl/sejm10.nsf/wypowiedzi.xsp?id=482&type=P&symbol=WYPOWIEDZI_POSLA
483,Magdalena Roguska,KO,aktywny,19,Wypowiedzi łącznie,3,https://www.sejm.gov.pl/sejm10.nsf/wypowiedzi.xsp?id=483&type=P&symbol=WYPOWIEDZI_POSLA
484,Marta Stożek,Razem,aktywny,3,Wypowiedzi,38,https://www.sejm.gov.pl/sejm10.nsf/wypowiedzi.xsp?id=484&type=P&symbol=WYPOWIEDZI_POSLA
485,Krzysztof Szymański,Konfederacja,aktywny,26,Wypowiedzi,112,https://www.sejm.gov.pl/sejm10.nsf/wypowiedzi.xsp?id=485&type=P&symbol=WYPOWIEDZI_POSLA
486,Włodzimierz Tomaszewski,PiS,aktywny,9,Wypowiedzi,102,https://www.sejm.gov.pl/sejm10.nsf/wypowiedzi.xsp?id=486&type=P&symbol=WYPOWIEDZI_POSLA
487,Maciej Tomczykiewicz,KO,aktywny,27,Wypowiedzi,20,https://www.sejm.gov.pl/sejm10.nsf/wypowiedzi.xsp?id=487&type=P&symbol=WYPOWIEDZI_POSLA
488,Jarosław Krajewski,PiS,aktywny,19,Wypowiedzi,69,https://www.sejm.gov.pl/sejm10.nsf/wypowiedzi.xsp?id=488&type=P&symbol=WYPOWIEDZI_POSLA
489,Bożena Lisowska,KO,aktywny,6,Wypowiedzi łącznie,9,https://www.sejm.gov.pl/sejm10.nsf/wypowiedzi.xsp?id=489&type=P&symbol=WYPOWIEDZI_POSLA
490,Michał Połuboczek,Konfederacja,aktywny,23,Wypowiedzi łącznie,1,https://www.sejm.gov.pl/sejm10.nsf/wypowiedzi.xsp?id=490&type=P&symbol=WYPOWIEDZI_POSLA
491,Aleksandra Kot,KO,aktywny,13,Wypowiedzi łącznie,1,https://www.sejm.gov.pl/sejm10.nsf/wypowiedzi.xsp?id=491&type=P&symbol=WYPOWIEDZI_POSLA
492,Rafał Romanowski,PiS,aktywny,16,Wypowiedzi,4,https://www.sejm.gov.pl/sejm10.nsf/wypowiedzi.xsp?id=492&type=P&symbol=WYPOWIEDZI_POSLA
493,Henryk Smolarz,PSL-TD,aktywny,6,Wypowiedzi łącznie,6,https://www.sejm.gov.pl/sejm10.nsf/wypowiedzi.xsp?id=493&type=P&symbol=WYPOWIEDZI_POSLA
494,Robert Jagła,KO,aktywny,2,Wypowiedzi łącznie,7,https://www.sejm.gov.pl/sejm10.nsf/wypowiedzi.xsp?id=494&type=P&symbol=WYPOWIEDZI_POSLA
495,Michał Jach,PiS,aktywny,41,Wypowiedzi,2,https://www.sejm.gov.pl/sejm10.nsf/wypowiedzi.xsp?id=495&type=P&symbol=WYPOWIEDZI_POSLA
496,Bogumiła Olbryś,PiS,aktywny,24,Wypowiedzi,12,https://www.sejm.gov.pl/sejm10.nsf/wypowiedzi.xsp?id=496&type=P&symbol=WYPOWIEDZI_POSLA
497,Tomasz Rzymkowski,niez.,aktywny,11,Brak aktywności,,
498,Marek Subocz,PiS,aktywny,40,Wypowiedzi,13,https://www.sejm.gov.pl/sejm10.nsf/wypowiedzi.xsp?id=498&type=P&symbol=WYPOWIEDZI_POSLA
